serie,mejor_rmse,mejor_configuracion
serie_1,1.220363,"[13, 42, 67, 71, 94, 123, 137, 169]"
serie_2,1.403776,"[52, 138, 190, 228, 289, 308, 324, 355, 421]"
serie_3,0.948843,"[26, 57, 63, 96, 357, 380, 429, 530, 622, 636, 652, 661, 728, 780, 828, 874, 924, 931, 968]"
serie_4,1.536431,"[41, 62, 64, 76, 86, 94, 109, 142, 166, 274, 276, 280, 303, 307, 314, 317, 336, 379, 402, 446, 452, 468, 477, 489, 490, 500, 502, 520, 552, 572, 579, 586, 588, 589, 605, 613, 621, 627, 686, 702, 717, 752, 778, 829, 848, 953, 967, 993, 996]"
