serie,iteracion,puntos_corte,rmse_medio,tiempo
serie_1,1,"[7, 25, 63, 73, 92, 113, 126, 139]",2.109558,0.005854
serie_1,2,"[10, 11, 55, 78, 108, 117, 153, 178]",1.968887,0.000874
serie_1,3,"[19, 25, 43, 101, 142, 182, 188, 195]",2.285673,0.000806
serie_1,4,"[36, 50, 97, 99, 113, 114, 139, 184]",2.091267,0.000791
serie_1,5,"[16, 39, 52, 70, 113, 125, 171, 178]",1.776072,0.000780
serie_1,6,"[6, 13, 19, 29, 77, 94, 121, 189]",2.328540,0.000791
serie_1,7,"[25, 100, 127, 145, 158, 161, 173, 191]",2.252651,0.000896
serie_1,8,"[22, 38, 59, 69, 75, 91, 129, 148]",1.775722,0.001109
serie_1,9,"[28, 34, 36, 86, 103, 156, 157, 158]",2.511793,0.000799
serie_1,10,"[1, 19, 26, 105, 109, 147, 152, 199]",2.398075,0.000875
serie_1,11,"[10, 65, 86, 90, 107, 125, 141, 183]",2.410950,0.000876
serie_1,12,"[40, 49, 92, 108, 139, 160, 161, 197]",1.613407,0.000839
serie_1,13,"[12, 17, 60, 77, 86, 118, 142, 146]",2.076518,0.000840
serie_1,14,"[10, 23, 25, 32, 40, 89, 98, 138]",2.790342,0.000794
serie_1,15,"[19, 21, 45, 52, 62, 138, 155, 162]",2.397800,0.000774
serie_1,16,"[7, 32, 40, 79, 121, 147, 188, 189]",1.949389,0.000786
serie_1,17,"[24, 112, 124, 130, 142, 159, 169, 189]",2.292407,0.000782
serie_1,18,"[36, 57, 149, 153, 154, 178, 181, 199]",2.533979,0.000785
serie_1,19,"[27, 37, 85, 100, 138, 175, 189, 195]",2.210501,0.000783
serie_1,20,"[30, 44, 48, 53, 54, 63, 93, 107]",2.444739,0.000761
serie_1,21,"[3, 7, 70, 71, 101, 134, 149, 180]",2.500385,0.000812
serie_1,22,"[17, 51, 59, 117, 151, 188, 193, 195]",2.519239,0.000777
serie_1,23,"[7, 14, 33, 53, 88, 96, 124, 142]",1.952155,0.000772
serie_1,24,"[11, 37, 40, 87, 100, 104, 107, 189]",2.793380,0.000782
serie_1,25,"[20, 40, 41, 53, 121, 124, 142, 199]",2.675084,0.000721
serie_1,26,"[3, 18, 23, 94, 157, 158, 195, 197]",2.755861,0.000674
serie_1,27,"[10, 29, 61, 67, 93, 102, 137, 145]",1.811488,0.000670
serie_1,28,"[4, 15, 62, 78, 91, 115, 116, 123]",2.663994,0.001027
serie_1,29,"[25, 44, 98, 99, 124, 182, 197, 198]",2.319984,0.000752
serie_1,30,"[1, 24, 29, 30, 121, 134, 145, 176]",2.515797,0.000689
serie_1,31,"[4, 6, 33, 42, 87, 112, 116, 119]",2.670970,0.000690
serie_1,32,"[26, 47, 66, 105, 116, 118, 168, 174]",2.198482,0.000584
serie_1,33,"[26, 67, 69, 73, 78, 153, 179, 194]",2.399902,0.000637
serie_1,34,"[62, 90, 124, 151, 155, 174, 188, 195]",2.135154,0.000604
serie_1,35,"[22, 78, 97, 99, 103, 131, 174, 183]",1.828442,0.000622
serie_1,36,"[6, 23, 78, 79, 88, 144, 171, 189]",2.391153,0.000610
serie_1,37,"[26, 30, 63, 124, 137, 147, 173, 196]",2.164509,0.000591
serie_1,38,"[6, 66, 68, 87, 102, 123, 148, 185]",2.357487,0.000585
serie_1,39,"[6, 64, 84, 90, 91, 93, 104, 188]",2.947547,0.000599
serie_1,40,"[23, 39, 44, 51, 83, 111, 148, 198]",1.700301,0.000544
serie_1,41,"[45, 46, 94, 96, 137, 157, 166, 194]",2.132172,0.000529
serie_1,42,"[9, 21, 24, 106, 132, 139, 163, 190]",2.176126,0.000524
serie_1,43,"[21, 60, 61, 74, 88, 125, 133, 177]",1.933271,0.000527
serie_1,44,"[38, 63, 66, 94, 95, 122, 162, 176]",1.763839,0.000520
serie_1,45,"[2, 11, 14, 23, 85, 100, 149, 151]",2.324648,0.000530
serie_1,46,"[32, 54, 106, 139, 146, 172, 182, 190]",1.827631,0.000522
serie_1,47,"[27, 49, 91, 110, 133, 148, 166, 185]",1.359040,0.000528
serie_1,48,"[44, 46, 64, 116, 137, 144, 154, 194]",2.159516,0.000522
serie_1,49,"[23, 55, 58, 100, 111, 149, 152, 181]",1.716616,0.000512
serie_1,50,"[79, 85, 87, 114, 173, 175, 191, 198]",2.786474,0.000475
serie_1,51,"[1, 19, 27, 39, 77, 114, 123, 180]",2.012166,0.000522
serie_1,52,"[17, 29, 35, 71, 81, 107, 118, 148]",1.586132,0.000479
serie_1,53,"[44, 51, 58, 116, 127, 147, 153, 171]",2.349267,0.000522
serie_1,54,"[1, 20, 62, 109, 123, 138, 160, 187]",2.137303,0.000508
serie_1,55,"[7, 39, 56, 106, 133, 178, 179, 199]",1.953919,0.000484
serie_1,56,"[15, 64, 65, 74, 105, 107, 111, 117]",2.880982,0.000509
serie_1,57,"[18, 35, 98, 118, 140, 160, 174, 184]",2.045787,0.000481
serie_1,58,"[11, 33, 68, 73, 99, 103, 159, 194]",1.860652,0.000511
serie_1,59,"[8, 14, 29, 30, 58, 70, 76, 143]",2.640196,0.000500
serie_1,60,"[3, 6, 11, 51, 67, 179, 184, 199]",2.696956,0.000541
serie_1,61,"[19, 32, 37, 70, 108, 147, 192, 198]",1.929705,0.000469
serie_1,62,"[61, 65, 90, 92, 98, 113, 181, 193]",2.675361,0.000602
serie_1,63,"[13, 59, 99, 116, 118, 163, 176, 182]",2.346970,0.000466
serie_1,64,"[25, 77, 80, 91, 102, 142, 186, 192]",2.165654,0.000587
serie_1,65,"[32, 36, 54, 77, 141, 169, 174, 185]",2.254708,0.000459
serie_1,66,"[16, 18, 99, 102, 105, 165, 175, 177]",2.941277,0.000527
serie_1,67,"[18, 48, 59, 72, 91, 135, 161, 195]",1.773746,0.000459
serie_1,68,"[7, 18, 37, 43, 49, 62, 124, 137]",2.730074,0.000501
serie_1,69,"[16, 51, 77, 116, 139, 170, 190, 197]",1.464528,0.000458
serie_1,70,"[1, 6, 35, 93, 95, 98, 103, 171]",2.977463,0.000513
serie_1,71,"[46, 66, 81, 107, 118, 125, 141, 149]",1.622971,0.000457
serie_1,72,"[41, 50, 56, 69, 74, 75, 108, 171]",2.519992,0.000466
serie_1,73,"[6, 16, 31, 52, 73, 117, 141, 144]",1.989635,0.000456
serie_1,74,"[55, 60, 61, 73, 103, 164, 186, 197]",2.515505,0.000467
serie_1,75,"[35, 41, 43, 44, 46, 78, 103, 134]",2.537207,0.000460
serie_1,76,"[5, 7, 26, 86, 150, 151, 182, 192]",2.777772,0.000461
serie_1,77,"[23, 57, 80, 81, 151, 177, 186, 188]",2.421323,0.000459
serie_1,78,"[13, 48, 61, 88, 109, 124, 144, 180]",1.416017,0.000459
serie_1,79,"[5, 6, 31, 59, 115, 146, 180, 194]",2.339287,0.000469
serie_1,80,"[4, 18, 75, 91, 97, 107, 134, 167]",1.886377,0.000463
serie_1,81,"[16, 54, 60, 69, 77, 151, 160, 177]",2.419390,0.000468
serie_1,82,"[37, 55, 57, 73, 121, 135, 155, 186]",1.635520,0.000456
serie_1,83,"[9, 43, 64, 81, 101, 140, 183, 186]",1.786097,0.000468
serie_1,84,"[1, 55, 82, 93, 102, 108, 129, 139]",2.372713,0.000458
serie_1,85,"[96, 102, 112, 120, 121, 179, 183, 193]",2.754539,0.000466
serie_1,86,"[15, 21, 46, 60, 81, 158, 175, 181]",2.228728,0.000456
serie_1,87,"[7, 32, 36, 45, 91, 145, 175, 185]",2.374815,0.000464
serie_1,88,"[3, 25, 49, 69, 113, 155, 165, 198]",2.179267,0.000459
serie_1,89,"[1, 29, 72, 77, 127, 135, 137, 197]",2.453207,0.000462
serie_1,90,"[13, 19, 44, 65, 92, 120, 144, 158]",1.192665,0.000456
serie_1,91,"[11, 14, 64, 78, 134, 138, 141, 162]",2.570398,0.000723
serie_1,92,"[29, 50, 59, 70, 78, 108, 164, 174]",2.258896,0.000599
serie_1,93,"[8, 25, 27, 67, 111, 145, 161, 187]",1.802610,0.000480
serie_1,94,"[29, 34, 64, 106, 119, 150, 152, 158]",1.958999,0.000514
serie_1,95,"[23, 70, 71, 77, 78, 162, 167, 192]",2.552280,0.000478
serie_1,96,"[9, 11, 19, 92, 98, 135, 137, 199]",3.039592,0.000465
serie_1,97,"[1, 12, 57, 83, 106, 109, 139, 149]",1.965912,0.000467
serie_1,98,"[40, 45, 79, 90, 104, 156, 176, 185]",2.017699,0.000472
serie_1,99,"[11, 14, 63, 81, 94, 128, 130, 172]",2.221873,0.000474
serie_1,100,"[6, 21, 81, 96, 109, 123, 133, 167]",1.875155,0.000463
serie_1,101,"[4, 39, 78, 106, 107, 122, 154, 192]",1.805551,0.000499
serie_1,102,"[43, 76, 89, 94, 109, 132, 166, 177]",1.477818,0.000463
serie_1,103,"[9, 34, 98, 102, 103, 135, 172, 178]",2.278373,0.000463
serie_1,104,"[6, 12, 48, 54, 55, 82, 114, 176]",2.141967,0.000467
serie_1,105,"[7, 21, 22, 29, 49, 123, 180, 196]",2.572437,0.000468
serie_1,106,"[31, 62, 79, 93, 114, 116, 124, 164]",1.678419,0.000455
serie_1,107,"[13, 21, 45, 48, 82, 133, 146, 163]",2.097549,0.000460
serie_1,108,"[17, 69, 108, 119, 140, 153, 180, 189]",2.179081,0.000460
serie_1,109,"[4, 35, 53, 58, 68, 80, 108, 121]",2.255650,0.000467
serie_1,110,"[23, 25, 47, 69, 156, 159, 166, 198]",2.386425,0.000463
serie_1,111,"[7, 47, 51, 68, 81, 119, 132, 156]",1.311843,0.000456
serie_1,112,"[4, 27, 90, 119, 139, 143, 145, 176]",2.265001,0.001130
serie_1,113,"[6, 22, 26, 34, 66, 101, 102, 121]",2.336720,0.000467
serie_1,114,"[17, 38, 49, 55, 81, 100, 159, 170]",1.931811,0.000468
serie_1,115,"[45, 64, 87, 99, 103, 104, 135, 153]",1.535164,0.000679
serie_1,116,"[95, 100, 106, 113, 149, 166, 180, 186]",2.439936,0.001123
serie_1,117,"[17, 38, 51, 76, 97, 103, 132, 153]",1.387577,0.000674
serie_1,118,"[1, 13, 54, 74, 104, 113, 138, 190]",2.358919,0.000837
serie_1,119,"[15, 17, 27, 31, 39, 53, 133, 149]",2.449568,0.000735
serie_1,120,"[46, 49, 62, 70, 95, 138, 156, 196]",1.860794,0.000594
serie_1,121,"[25, 29, 36, 52, 115, 150, 195, 197]",2.421849,0.001309
serie_1,122,"[25, 61, 86, 122, 128, 135, 136, 181]",1.910531,0.001321
serie_1,123,"[36, 41, 67, 79, 88, 157, 160, 181]",2.254847,0.000929
serie_1,124,"[32, 33, 34, 107, 110, 123, 166, 199]",2.645960,0.000938
serie_1,125,"[2, 24, 28, 73, 76, 128, 135, 161]",1.806500,0.000757
serie_1,126,"[29, 61, 83, 87, 98, 104, 131, 177]",1.613620,0.001085
serie_1,127,"[15, 19, 32, 58, 61, 140, 143, 186]",2.691400,0.000911
serie_1,128,"[8, 63, 66, 120, 122, 136, 160, 190]",2.560726,0.000691
serie_1,129,"[7, 10, 20, 33, 47, 88, 116, 155]",1.972058,0.000546
serie_1,130,"[6, 20, 58, 92, 119, 156, 168, 191]",1.797365,0.000466
serie_1,131,"[22, 63, 64, 137, 139, 144, 172, 181]",2.542650,0.000475
serie_1,132,"[26, 53, 56, 115, 120, 159, 173, 184]",2.490188,0.000461
serie_1,133,"[19, 56, 67, 70, 96, 144, 153, 178]",1.966147,0.000553
serie_1,134,"[20, 42, 67, 74, 112, 120, 121, 139]",2.174878,0.000465
serie_1,135,"[20, 63, 67, 108, 116, 128, 182, 196]",2.477423,0.000473
serie_1,136,"[29, 35, 49, 78, 85, 87, 95, 140]",2.496767,0.000457
serie_1,137,"[19, 75, 84, 111, 129, 136, 157, 160]",1.823582,0.000473
serie_1,138,"[16, 81, 125, 126, 138, 161, 170, 183]",2.077818,0.000463
serie_1,139,"[29, 59, 69, 72, 77, 129, 139, 142]",2.303614,0.000477
serie_1,140,"[5, 50, 70, 90, 133, 138, 156, 185]",1.827565,0.000455
serie_1,141,"[2, 13, 42, 46, 47, 81, 98, 195]",2.553804,0.000488
serie_1,142,"[38, 51, 58, 61, 67, 80, 142, 180]",2.550861,0.000456
serie_1,143,"[25, 68, 112, 117, 120, 178, 182, 197]",2.413716,0.000485
serie_1,144,"[7, 19, 28, 60, 61, 115, 132, 173]",2.235838,0.000496
serie_1,145,"[9, 61, 67, 82, 89, 114, 115, 188]",2.750605,0.000496
serie_1,146,"[52, 82, 114, 131, 140, 146, 156, 175]",1.587580,0.000490
serie_1,147,"[32, 52, 74, 103, 104, 108, 125, 171]",1.741992,0.000499
serie_1,148,"[42, 43, 66, 77, 79, 156, 181, 197]",2.378330,0.000513
serie_1,149,"[17, 28, 57, 81, 92, 180, 183, 187]",2.335530,0.000524
serie_1,150,"[20, 44, 67, 74, 85, 124, 158, 163]",1.616063,0.000487
serie_1,151,"[5, 123, 128, 160, 167, 178, 186, 198]",2.831256,0.000512
serie_1,152,"[5, 73, 135, 140, 144, 161, 174, 192]",2.726757,0.000481
serie_1,153,"[10, 41, 78, 98, 165, 181, 193, 197]",2.302960,0.000529
serie_1,154,"[22, 43, 45, 50, 77, 118, 130, 154]",1.536156,0.000496
serie_1,155,"[25, 40, 67, 97, 98, 109, 110, 156]",1.883936,0.000512
serie_1,156,"[7, 72, 78, 89, 100, 141, 160, 194]",2.307460,0.000494
serie_1,157,"[29, 46, 47, 51, 78, 123, 135, 181]",1.939673,0.000508
serie_1,158,"[8, 19, 124, 126, 147, 160, 172, 195]",2.475541,0.000500
serie_1,159,"[50, 118, 125, 128, 132, 174, 187, 190]",2.456869,0.000512
serie_1,160,"[9, 59, 68, 87, 91, 147, 156, 195]",2.443395,0.000492
serie_1,161,"[2, 12, 13, 44, 122, 146, 148, 160]",2.376251,0.000506
serie_1,162,"[3, 25, 33, 36, 41, 43, 50, 170]",2.867103,0.000495
serie_1,163,"[18, 25, 42, 59, 91, 122, 163, 169]",1.628544,0.000499
serie_1,164,"[14, 18, 73, 110, 119, 128, 162, 176]",2.101561,0.000499
serie_1,165,"[3, 26, 44, 67, 132, 143, 183, 186]",2.342261,0.000499
serie_1,166,"[41, 42, 43, 63, 93, 98, 110, 197]",2.495262,0.000493
serie_1,167,"[6, 29, 39, 108, 151, 164, 166, 184]",2.257609,0.000498
serie_1,168,"[14, 34, 55, 70, 106, 158, 180, 193]",1.983249,0.000497
serie_1,169,"[11, 48, 64, 68, 80, 117, 136, 181]",1.698503,0.000503
serie_1,170,"[3, 9, 48, 54, 78, 83, 154, 169]",2.363331,0.000489
serie_1,171,"[5, 28, 37, 47, 88, 140, 168, 191]",2.272654,0.000517
serie_1,172,"[16, 30, 91, 121, 136, 150, 169, 196]",2.152618,0.000506
serie_1,173,"[5, 22, 92, 112, 135, 141, 162, 171]",2.183111,0.000518
serie_1,174,"[4, 38, 87, 143, 161, 168, 176, 182]",2.666007,0.000492
serie_1,175,"[22, 43, 57, 62, 70, 78, 102, 181]",2.233362,0.000494
serie_1,176,"[18, 29, 36, 64, 66, 95, 104, 186]",2.271528,0.000498
serie_1,177,"[5, 58, 99, 111, 116, 156, 158, 196]",2.261971,0.000504
serie_1,178,"[18, 34, 37, 45, 62, 82, 138, 161]",2.099453,0.000494
serie_1,179,"[8, 30, 37, 55, 73, 154, 163, 184]",2.147946,0.000512
serie_1,180,"[63, 70, 107, 119, 127, 144, 168, 183]",2.268312,0.000497
serie_1,181,"[37, 40, 51, 66, 71, 103, 148, 187]",1.926576,0.000541
serie_1,182,"[26, 134, 142, 145, 163, 186, 187, 198]",2.554919,0.000509
serie_1,183,"[19, 47, 51, 57, 107, 175, 178, 198]",2.632730,0.000522
serie_1,184,"[32, 39, 42, 97, 159, 179, 185, 199]",2.553758,0.000502
serie_1,185,"[1, 15, 33, 43, 77, 127, 144, 146]",2.037133,0.000524
serie_1,186,"[39, 71, 74, 91, 144, 153, 168, 171]",2.175666,0.000502
serie_1,187,"[47, 57, 74, 84, 92, 126, 130, 170]",1.680215,0.000529
serie_1,188,"[42, 46, 67, 87, 114, 132, 148, 189]",1.551337,0.000525
serie_1,189,"[23, 58, 103, 110, 115, 157, 175, 189]",2.135437,0.000497
serie_1,190,"[8, 39, 64, 93, 96, 137, 168, 175]",1.523665,0.000496
serie_1,191,"[22, 24, 67, 109, 121, 155, 158, 159]",2.260666,0.000493
serie_1,192,"[29, 30, 61, 105, 113, 124, 161, 195]",1.961613,0.000499
serie_1,193,"[12, 67, 82, 92, 114, 154, 163, 182]",2.270620,0.000493
serie_1,194,"[11, 34, 139, 145, 151, 157, 161, 183]",2.627411,0.000513
serie_1,195,"[2, 12, 48, 91, 121, 142, 144, 198]",2.109576,0.000504
serie_1,196,"[1, 17, 25, 33, 64, 103, 135, 189]",2.331333,0.000521
serie_1,197,"[20, 28, 88, 99, 105, 111, 117, 141]",2.584364,0.000489
serie_1,198,"[4, 18, 26, 27, 69, 92, 103, 157]",1.948722,0.000494
serie_1,199,"[1, 7, 45, 54, 93, 99, 111, 177]",2.194342,0.000493
serie_1,200,"[32, 55, 71, 74, 100, 116, 132, 142]",2.002868,0.000495
serie_1,201,"[31, 64, 67, 70, 98, 107, 150, 181]",1.667523,0.000488
serie_1,202,"[11, 37, 42, 87, 100, 136, 173, 194]",1.982920,0.000498
serie_1,203,"[6, 16, 50, 101, 113, 143, 163, 178]",1.541146,0.000492
serie_1,204,"[13, 23, 52, 138, 141, 150, 180, 187]",2.476693,0.000520
serie_1,205,"[79, 83, 109, 122, 126, 128, 181, 191]",2.550894,0.000502
serie_1,206,"[37, 80, 102, 123, 126, 151, 154, 199]",1.987849,0.000517
serie_1,207,"[87, 92, 120, 139, 170, 181, 185, 187]",2.327074,0.000497
serie_1,208,"[4, 8, 33, 37, 78, 80, 116, 187]",2.436094,0.000515
serie_1,209,"[27, 32, 37, 95, 113, 135, 150, 167]",2.207492,0.000506
serie_1,210,"[3, 27, 28, 61, 87, 126, 127, 158]",1.736403,0.000513
serie_1,211,"[7, 9, 27, 79, 97, 159, 184, 191]",2.205958,0.000500
serie_1,212,"[8, 40, 70, 73, 151, 159, 168, 193]",2.188023,0.000534
serie_1,213,"[3, 45, 107, 112, 140, 168, 171, 197]",1.979159,0.000488
serie_1,214,"[48, 57, 91, 114, 123, 142, 185, 191]",1.869930,0.000528
serie_1,215,"[20, 74, 87, 103, 107, 125, 142, 171]",1.748520,0.000501
serie_1,216,"[23, 35, 51, 59, 79, 111, 137, 167]",1.219145,0.000519
serie_1,217,"[10, 72, 73, 86, 88, 92, 115, 145]",2.519206,0.000488
serie_1,218,"[9, 22, 73, 101, 119, 178, 188, 195]",2.163541,0.000502
serie_1,219,"[46, 75, 88, 130, 142, 146, 174, 183]",1.906415,0.000490
serie_1,220,"[14, 25, 35, 46, 61, 117, 127, 183]",2.512573,0.000550
serie_1,221,"[22, 75, 99, 108, 109, 118, 181, 182]",2.290622,0.000507
serie_1,222,"[27, 52, 58, 73, 93, 137, 141, 163]",1.945006,0.000510
serie_1,223,"[21, 73, 76, 103, 149, 154, 171, 175]",1.868520,0.000498
serie_1,224,"[4, 23, 33, 56, 88, 125, 155, 158]",1.601595,0.000507
serie_1,225,"[21, 24, 47, 70, 107, 110, 176, 182]",2.420503,0.000498
serie_1,226,"[8, 89, 97, 107, 114, 116, 117, 189]",3.053097,0.000517
serie_1,227,"[16, 20, 59, 109, 131, 138, 158, 196]",2.168784,0.000505
serie_1,228,"[9, 56, 60, 129, 163, 174, 189, 194]",2.548174,0.000516
serie_1,229,"[28, 29, 53, 101, 135, 156, 163, 169]",1.765806,0.000500
serie_1,230,"[2, 14, 42, 57, 62, 114, 144, 186]",2.361823,0.000510
serie_1,231,"[24, 29, 79, 140, 151, 156, 157, 181]",2.424520,0.000510
serie_1,232,"[1, 20, 22, 80, 95, 157, 182, 191]",2.339476,0.000502
serie_1,233,"[10, 19, 26, 49, 84, 146, 182, 184]",2.542774,0.000504
serie_1,234,"[2, 12, 49, 51, 73, 98, 112, 195]",2.472198,0.000504
serie_1,235,"[17, 38, 79, 100, 101, 116, 130, 163]",1.660728,0.000513
serie_1,236,"[1, 4, 48, 75, 150, 192, 194, 195]",2.501943,0.000507
serie_1,237,"[23, 26, 30, 45, 58, 90, 131, 192]",2.480396,0.000528
serie_1,238,"[9, 19, 65, 75, 88, 102, 118, 151]",2.026908,0.000505
serie_1,239,"[49, 76, 83, 106, 142, 148, 153, 158]",1.637469,0.000512
serie_1,240,"[2, 3, 81, 102, 119, 121, 166, 197]",2.593077,0.000504
serie_1,241,"[27, 68, 82, 84, 101, 149, 167, 182]",1.483918,0.000505
serie_1,242,"[9, 10, 15, 17, 88, 143, 147, 199]",3.057075,0.000501
serie_1,243,"[37, 38, 68, 79, 102, 120, 137, 182]",1.867816,0.000525
serie_1,244,"[19, 27, 40, 49, 128, 153, 155, 184]",2.233994,0.000504
serie_1,245,"[9, 41, 44, 78, 101, 132, 140, 147]",1.889076,0.000520
serie_1,246,"[2, 43, 69, 73, 97, 163, 169, 191]",2.188904,0.000500
serie_1,247,"[4, 85, 87, 134, 151, 166, 176, 188]",2.713195,0.000512
serie_1,248,"[23, 44, 47, 69, 86, 97, 113, 154]",1.668545,0.000507
serie_1,249,"[17, 26, 136, 161, 164, 165, 177, 195]",2.572789,0.000517
serie_1,250,"[23, 31, 36, 49, 117, 126, 150, 154]",2.330134,0.000505
serie_1,251,"[18, 34, 53, 86, 117, 143, 152, 195]",1.219571,0.000513
serie_1,252,"[1, 2, 24, 59, 78, 139, 181, 189]",2.589247,0.000504
serie_1,253,"[13, 19, 35, 39, 107, 127, 157, 181]",2.157260,0.000551
serie_1,254,"[10, 49, 72, 77, 104, 118, 164, 174]",1.977161,0.000502
serie_1,255,"[23, 62, 64, 107, 113, 139, 141, 190]",2.512758,0.000510
serie_1,256,"[34, 46, 106, 110, 131, 147, 159, 166]",2.056218,0.000503
serie_1,257,"[33, 48, 82, 99, 136, 180, 197, 198]",2.149393,0.000513
serie_1,258,"[34, 37, 41, 54, 122, 147, 173, 190]",2.375073,0.000502
serie_1,259,"[60, 63, 86, 110, 131, 137, 160, 186]",1.793647,0.000510
serie_1,260,"[64, 68, 72, 133, 140, 153, 192, 199]",2.661998,0.000502
serie_1,261,"[1, 11, 23, 77, 114, 149, 167, 194]",1.789377,0.000514
serie_1,262,"[19, 45, 55, 66, 80, 139, 160, 182]",2.026273,0.000508
serie_1,263,"[52, 67, 83, 116, 134, 144, 175, 186]",1.501144,0.000507
serie_1,264,"[4, 11, 29, 30, 108, 132, 153, 182]",2.296181,0.000520
serie_1,265,"[12, 77, 99, 109, 143, 149, 166, 187]",2.035116,0.000507
serie_1,266,"[67, 74, 93, 121, 134, 151, 156, 190]",2.164894,0.000509
serie_1,267,"[44, 61, 66, 72, 86, 119, 126, 171]",1.571348,0.000502
serie_1,268,"[42, 103, 132, 136, 151, 160, 165, 184]",2.082520,0.000509
serie_1,269,"[17, 39, 66, 79, 81, 133, 134, 139]",2.444604,0.000501
serie_1,270,"[4, 79, 92, 95, 123, 124, 165, 170]",2.528016,0.000510
serie_1,271,"[81, 106, 120, 142, 147, 179, 189, 197]",2.352200,0.000514
serie_1,272,"[2, 17, 50, 72, 84, 97, 113, 183]",2.240215,0.000523
serie_1,273,"[4, 55, 57, 62, 88, 91, 101, 187]",2.595022,0.000503
serie_1,274,"[34, 54, 74, 129, 139, 167, 180, 187]",1.722275,0.000515
serie_1,275,"[19, 26, 51, 59, 78, 103, 158, 188]",1.817158,0.000502
serie_1,276,"[12, 27, 28, 49, 88, 152, 155, 197]",2.318705,0.000514
serie_1,277,"[24, 43, 48, 81, 107, 149, 163, 188]",1.438150,0.000504
serie_1,278,"[34, 67, 77, 78, 93, 108, 124, 140]",2.050321,0.000510
serie_1,279,"[5, 68, 74, 82, 87, 184, 188, 191]",3.152392,0.000509
serie_1,280,"[32, 46, 137, 143, 151, 168, 188, 199]",2.437793,0.000523
serie_1,281,"[43, 51, 99, 125, 127, 163, 182, 185]",1.722110,0.000502
serie_1,282,"[23, 63, 69, 72, 77, 130, 152, 179]",1.993576,0.000512
serie_1,283,"[30, 43, 131, 162, 165, 168, 187, 194]",2.384514,0.000499
serie_1,284,"[40, 54, 67, 79, 139, 141, 195, 197]",2.757614,0.000511
serie_1,285,"[3, 25, 26, 32, 64, 82, 102, 149]",1.645468,0.000501
serie_1,286,"[24, 43, 81, 92, 97, 124, 128, 192]",2.492920,0.000510
serie_1,287,"[9, 49, 69, 79, 163, 176, 177, 194]",2.397666,0.000501
serie_1,288,"[5, 10, 99, 130, 152, 168, 180, 185]",2.457775,0.000512
serie_1,289,"[8, 52, 77, 83, 99, 105, 117, 152]",1.848479,0.000503
serie_1,290,"[23, 29, 104, 106, 145, 155, 160, 174]",2.285739,0.000509
serie_1,291,"[2, 17, 51, 64, 77, 79, 136, 140]",2.681004,0.000520
serie_1,292,"[4, 72, 102, 135, 146, 154, 186, 194]",2.419537,0.000526
serie_1,293,"[41, 61, 86, 107, 120, 147, 154, 174]",1.338269,0.000534
serie_1,294,"[14, 23, 52, 69, 77, 100, 172, 192]",2.265131,0.000502
serie_1,295,"[35, 36, 38, 55, 70, 178, 183, 195]",2.589657,0.000515
serie_1,296,"[10, 34, 40, 53, 93, 109, 125, 198]",2.208597,0.000504
serie_1,297,"[66, 100, 107, 108, 124, 137, 161, 198]",2.295418,0.000507
serie_1,298,"[35, 60, 71, 74, 91, 121, 143, 169]",1.446871,0.000504
serie_1,299,"[35, 66, 110, 136, 137, 138, 139, 149]",2.162874,0.000505
serie_1,300,"[65, 84, 113, 133, 148, 152, 155, 173]",2.113133,0.000498
serie_1,301,"[5, 24, 41, 50, 122, 144, 189, 196]",2.575085,0.000509
serie_1,302,"[5, 30, 33, 66, 93, 139, 174, 198]",1.918959,0.000503
serie_1,303,"[14, 17, 30, 31, 38, 58, 82, 163]",2.421855,0.000517
serie_1,304,"[41, 83, 110, 126, 132, 153, 174, 197]",1.875705,0.000507
serie_1,305,"[25, 30, 38, 96, 107, 110, 142, 146]",2.417474,0.000509
serie_1,306,"[6, 30, 33, 90, 91, 102, 131, 197]",2.938616,0.000507
serie_1,307,"[23, 29, 61, 62, 71, 77, 133, 194]",2.680089,0.000509
serie_1,308,"[7, 56, 76, 104, 121, 161, 168, 172]",2.145679,0.000501
serie_1,309,"[19, 76, 113, 137, 156, 159, 175, 187]",1.816906,0.000524
serie_1,310,"[3, 15, 91, 97, 120, 126, 129, 197]",3.014490,0.000506
serie_1,311,"[4, 30, 122, 139, 156, 178, 188, 193]",2.377885,0.000547
serie_1,312,"[18, 21, 71, 107, 116, 120, 176, 181]",2.300483,0.000516
serie_1,313,"[5, 34, 91, 142, 166, 177, 181, 198]",2.671531,0.000528
serie_1,314,"[26, 32, 61, 62, 84, 95, 105, 141]",1.959034,0.000508
serie_1,315,"[25, 26, 32, 104, 112, 120, 153, 183]",2.434422,0.000541
serie_1,316,"[38, 39, 58, 123, 127, 144, 168, 178]",2.322478,0.000539
serie_1,317,"[53, 54, 75, 104, 110, 131, 134, 156]",1.792571,0.000515
serie_1,318,"[5, 25, 64, 67, 76, 105, 149, 152]",1.805691,0.000510
serie_1,319,"[35, 77, 82, 88, 111, 135, 155, 162]",1.689684,0.000503
serie_1,320,"[8, 35, 86, 129, 159, 166, 174, 195]",2.278048,0.000512
serie_1,321,"[21, 23, 29, 34, 111, 117, 136, 149]",2.497967,0.000503
serie_1,322,"[38, 53, 60, 118, 121, 126, 128, 155]",2.450697,0.000509
serie_1,323,"[21, 32, 38, 70, 72, 121, 151, 196]",1.825420,0.000503
serie_1,324,"[24, 30, 51, 62, 96, 102, 128, 172]",1.451890,0.000514
serie_1,325,"[17, 45, 87, 119, 135, 143, 158, 166]",1.723340,0.000502
serie_1,326,"[34, 51, 82, 152, 157, 159, 166, 195]",2.426423,0.000532
serie_1,327,"[72, 84, 87, 98, 103, 141, 188, 191]",2.728052,0.000520
serie_1,328,"[9, 35, 68, 92, 137, 142, 146, 194]",2.112441,0.000530
serie_1,329,"[1, 6, 49, 65, 77, 106, 122, 125]",2.336518,0.000507
serie_1,330,"[16, 39, 41, 75, 100, 150, 157, 175]",1.624094,0.000510
serie_1,331,"[10, 30, 37, 40, 42, 129, 147, 159]",2.384739,0.000504
serie_1,332,"[6, 46, 60, 83, 84, 103, 140, 198]",2.042335,0.000532
serie_1,333,"[10, 71, 85, 93, 94, 103, 157, 192]",2.533572,0.000514
serie_1,334,"[6, 39, 51, 83, 100, 141, 157, 170]",1.559438,0.000534
serie_1,335,"[16, 39, 67, 110, 130, 146, 156, 199]",1.749213,0.000508
serie_1,336,"[10, 36, 58, 117, 142, 171, 175, 185]",2.114316,0.000509
serie_1,337,"[5, 36, 87, 96, 130, 131, 154, 174]",2.257048,0.000501
serie_1,338,"[4, 5, 7, 12, 20, 79, 107, 185]",2.743708,0.000515
serie_1,339,"[1, 43, 78, 90, 96, 119, 123, 125]",2.492749,0.000505
serie_1,340,"[6, 52, 59, 118, 155, 170, 176, 178]",2.574887,0.000509
serie_1,341,"[4, 50, 62, 69, 92, 110, 140, 151]",1.466233,0.000524
serie_1,342,"[13, 15, 50, 122, 131, 132, 186, 195]",2.856143,0.000545
serie_1,343,"[7, 35, 50, 59, 114, 127, 154, 190]",2.139873,0.000522
serie_1,344,"[8, 19, 34, 48, 85, 103, 152, 198]",1.808298,0.000517
serie_1,345,"[19, 21, 39, 129, 134, 136, 141, 165]",2.437808,0.000536
serie_1,346,"[11, 38, 65, 70, 108, 130, 140, 189]",2.141410,0.000506
serie_1,347,"[1, 30, 55, 99, 105, 138, 169, 183]",1.394439,0.000510
serie_1,348,"[27, 34, 43, 144, 153, 156, 176, 191]",2.544622,0.000505
serie_1,349,"[7, 49, 70, 90, 109, 170, 171, 178]",2.239347,0.000511
serie_1,350,"[11, 72, 90, 136, 155, 161, 194, 195]",2.584367,0.000502
serie_1,351,"[3, 77, 88, 90, 91, 101, 138, 181]",2.647830,0.000532
serie_1,352,"[2, 4, 80, 81, 136, 177, 184, 199]",2.945396,0.000514
serie_1,353,"[5, 40, 66, 77, 124, 151, 173, 187]",1.364607,0.000523
serie_1,354,"[3, 47, 51, 63, 79, 148, 163, 176]",2.278450,0.000517
serie_1,355,"[24, 87, 107, 111, 123, 132, 144, 168]",2.116709,0.000524
serie_1,356,"[43, 63, 101, 108, 121, 143, 163, 180]",1.457616,0.000513
serie_1,357,"[72, 88, 93, 94, 161, 170, 175, 195]",2.840346,0.000524
serie_1,358,"[48, 78, 98, 114, 141, 162, 181, 191]",1.385150,0.000529
serie_1,359,"[54, 61, 83, 89, 131, 146, 177, 187]",2.092312,0.000547
serie_1,360,"[7, 9, 110, 123, 131, 133, 152, 181]",2.606786,0.000544
serie_1,361,"[1, 23, 59, 64, 78, 86, 151, 198]",2.465438,0.000520
serie_1,362,"[7, 24, 29, 56, 85, 124, 153, 171]",1.522780,0.000524
serie_1,363,"[31, 39, 52, 72, 80, 130, 136, 163]",1.829338,0.000516
serie_1,364,"[1, 10, 12, 58, 119, 126, 133, 198]",3.251829,0.000537
serie_1,365,"[44, 58, 62, 78, 92, 102, 115, 184]",2.229083,0.000502
serie_1,366,"[30, 36, 51, 88, 128, 142, 152, 158]",1.860210,0.000520
serie_1,367,"[9, 76, 85, 98, 121, 129, 135, 157]",2.259680,0.000506
serie_1,368,"[31, 52, 61, 82, 102, 108, 126, 148]",1.623086,0.000510
serie_1,369,"[59, 106, 107, 113, 137, 143, 146, 183]",2.484771,0.000504
serie_1,370,"[20, 21, 27, 44, 96, 115, 142, 153]",1.852618,0.000513
serie_1,371,"[12, 15, 53, 98, 106, 115, 132, 165]",1.691655,0.000507
serie_1,372,"[4, 11, 42, 69, 142, 152, 185, 197]",2.286500,0.000523
serie_1,373,"[56, 61, 96, 112, 118, 159, 183, 198]",2.116132,0.000503
serie_1,374,"[13, 31, 54, 57, 67, 90, 117, 153]",1.527909,0.000551
serie_1,375,"[8, 19, 40, 75, 105, 113, 114, 146]",1.892106,0.000535
serie_1,376,"[23, 37, 61, 101, 110, 175, 182, 188]",2.269495,0.000551
serie_1,377,"[9, 13, 42, 50, 89, 142, 169, 182]",2.131578,0.000524
serie_1,378,"[14, 55, 76, 162, 164, 173, 179, 189]",2.585048,0.000531
serie_1,379,"[20, 72, 102, 126, 144, 169, 173, 189]",1.786243,0.000533
serie_1,380,"[1, 11, 17, 41, 58, 74, 137, 179]",2.274824,0.000530
serie_1,381,"[2, 41, 77, 100, 104, 143, 144, 153]",1.785961,0.000529
serie_1,382,"[22, 33, 72, 115, 128, 147, 184, 185]",1.860025,0.000524
serie_1,383,"[12, 21, 50, 65, 116, 131, 178, 192]",2.222399,0.000531
serie_1,384,"[35, 89, 93, 117, 122, 155, 179, 187]",2.363602,0.000518
serie_1,385,"[13, 32, 36, 71, 142, 162, 170, 185]",2.141821,0.000525
serie_1,386,"[39, 76, 77, 90, 124, 180, 183, 198]",2.133532,0.000517
serie_1,387,"[12, 20, 23, 67, 125, 152, 197, 199]",2.291846,0.000527
serie_1,388,"[14, 20, 37, 45, 68, 72, 130, 171]",1.835650,0.000515
serie_1,389,"[14, 56, 65, 72, 84, 100, 130, 175]",1.893950,0.000530
serie_1,390,"[32, 47, 54, 78, 95, 113, 122, 196]",2.311330,0.000524
serie_1,391,"[33, 40, 51, 101, 115, 153, 175, 185]",1.845166,0.000528
serie_1,392,"[30, 43, 51, 66, 98, 128, 151, 190]",1.645512,0.000509
serie_1,393,"[7, 13, 38, 43, 159, 162, 164, 199]",2.702006,0.000512
serie_1,394,"[23, 35, 61, 66, 75, 112, 137, 168]",1.400828,0.000527
serie_1,395,"[14, 38, 68, 105, 107, 110, 130, 181]",1.896644,0.000534
serie_1,396,"[44, 57, 67, 87, 93, 118, 129, 136]",2.221887,0.000552
serie_1,397,"[23, 31, 53, 65, 71, 105, 169, 189]",2.356520,0.000515
serie_1,398,"[84, 103, 114, 115, 119, 136, 148, 161]",2.350864,0.000532
serie_1,399,"[43, 49, 55, 80, 105, 123, 137, 190]",2.217846,0.000512
serie_1,400,"[6, 48, 73, 97, 100, 124, 137, 141]",2.066368,0.000522
serie_1,401,"[10, 33, 57, 59, 109, 116, 132, 141]",2.415594,0.000520
serie_1,402,"[10, 35, 50, 73, 83, 93, 149, 153]",1.930434,0.000530
serie_1,403,"[1, 4, 36, 68, 81, 112, 160, 164]",2.063805,0.000516
serie_1,404,"[15, 18, 26, 36, 74, 106, 119, 154]",1.842046,0.000538
serie_1,405,"[79, 81, 88, 127, 133, 150, 175, 197]",2.435998,0.000518
serie_1,406,"[23, 47, 76, 87, 107, 131, 140, 187]",1.960263,0.000538
serie_1,407,"[34, 53, 55, 75, 154, 166, 188, 197]",2.309384,0.000518
serie_1,408,"[42, 72, 81, 115, 124, 186, 193, 198]",2.191826,0.000526
serie_1,409,"[1, 64, 105, 115, 138, 172, 173, 180]",2.421889,0.000519
serie_1,410,"[4, 52, 57, 87, 100, 102, 105, 118]",2.440503,0.000523
serie_1,411,"[30, 110, 112, 119, 123, 128, 142, 151]",2.540797,0.000529
serie_1,412,"[14, 18, 28, 45, 49, 92, 94, 148]",2.229407,0.000522
serie_1,413,"[54, 69, 94, 97, 148, 149, 183, 188]",2.111892,0.000528
serie_1,414,"[44, 51, 69, 71, 108, 156, 164, 188]",2.085034,0.000514
serie_1,415,"[15, 39, 50, 58, 70, 95, 111, 120]",2.163761,0.000525
serie_1,416,"[5, 8, 58, 85, 86, 131, 167, 199]",2.314976,0.000517
serie_1,417,"[6, 32, 64, 67, 129, 168, 173, 190]",1.958889,0.000523
serie_1,418,"[27, 63, 111, 155, 162, 165, 173, 182]",2.380765,0.000517
serie_1,419,"[20, 44, 70, 97, 117, 134, 143, 145]",1.704036,0.000528
serie_1,420,"[16, 51, 88, 104, 143, 186, 194, 199]",2.046565,0.000524
serie_1,421,"[15, 19, 60, 103, 126, 147, 172, 187]",1.941187,0.000528
serie_1,422,"[34, 40, 43, 67, 87, 154, 162, 178]",2.224166,0.000516
serie_1,423,"[8, 16, 76, 105, 107, 115, 137, 141]",2.550218,0.000532
serie_1,424,"[23, 50, 63, 119, 154, 155, 164, 185]",2.289945,0.000519
serie_1,425,"[48, 113, 124, 127, 143, 161, 182, 187]",2.195237,0.000526
serie_1,426,"[41, 54, 76, 101, 102, 143, 163, 194]",1.491343,0.000522
serie_1,427,"[49, 51, 123, 140, 147, 153, 178, 185]",2.390530,0.000518
serie_1,428,"[3, 61, 123, 129, 154, 161, 186, 198]",2.701580,0.000525
serie_1,429,"[3, 26, 38, 41, 51, 115, 171, 172]",2.768368,0.000520
serie_1,430,"[31, 44, 115, 141, 149, 163, 170, 183]",2.233483,0.000530
serie_1,431,"[8, 15, 71, 87, 109, 115, 133, 189]",2.617738,0.000520
serie_1,432,"[3, 16, 26, 37, 68, 78, 101, 171]",2.255252,0.000531
serie_1,433,"[10, 13, 55, 78, 108, 126, 184, 194]",2.257939,0.000520
serie_1,434,"[4, 10, 34, 48, 94, 115, 142, 159]",1.518839,0.000538
serie_1,435,"[53, 100, 108, 116, 120, 151, 157, 196]",1.888290,0.000518
serie_1,436,"[3, 7, 54, 98, 103, 135, 172, 181]",1.774144,0.000535
serie_1,437,"[17, 28, 35, 46, 119, 137, 142, 181]",2.455850,0.000519
serie_1,438,"[39, 82, 87, 111, 132, 143, 149, 189]",2.034312,0.000533
serie_1,439,"[4, 15, 50, 64, 106, 127, 149, 179]",1.899248,0.000519
serie_1,440,"[33, 53, 65, 70, 79, 116, 193, 197]",2.434150,0.000548
serie_1,441,"[42, 71, 75, 117, 118, 128, 130, 187]",2.353925,0.000525
serie_1,442,"[34, 55, 64, 83, 95, 140, 160, 169]",1.860479,0.000521
serie_1,443,"[30, 62, 78, 82, 102, 114, 117, 182]",2.107824,0.000527
serie_1,444,"[53, 57, 73, 80, 96, 113, 126, 127]",2.444070,0.000525
serie_1,445,"[18, 29, 60, 86, 89, 176, 187, 199]",2.330857,0.000527
serie_1,446,"[2, 58, 70, 76, 86, 103, 120, 172]",2.246900,0.000521
serie_1,447,"[1, 11, 15, 17, 18, 21, 145, 183]",3.018790,0.000528
serie_1,448,"[40, 64, 71, 82, 121, 135, 153, 175]",1.350107,0.000519
serie_1,449,"[27, 30, 58, 139, 144, 151, 158, 194]",2.429704,0.000523
serie_1,450,"[11, 12, 61, 65, 68, 83, 126, 137]",2.756842,0.000518
serie_1,451,"[17, 20, 22, 64, 70, 117, 153, 155]",2.337422,0.000530
serie_1,452,"[10, 37, 46, 101, 113, 160, 189, 190]",2.184564,0.000521
serie_1,453,"[13, 50, 53, 77, 127, 131, 135, 153]",1.808477,0.000529
serie_1,454,"[9, 56, 71, 87, 104, 144, 149, 196]",1.906691,0.000521
serie_1,455,"[6, 39, 74, 77, 84, 146, 156, 183]",2.272285,0.000530
serie_1,456,"[22, 37, 57, 75, 83, 85, 136, 169]",2.021587,0.000515
serie_1,457,"[38, 48, 82, 105, 111, 146, 152, 155]",1.776103,0.000525
serie_1,458,"[6, 48, 72, 84, 146, 153, 182, 199]",2.299302,0.000531
serie_1,459,"[8, 11, 34, 52, 78, 113, 126, 149]",1.580105,0.000516
serie_1,460,"[7, 14, 32, 33, 59, 70, 80, 98]",2.368585,0.000531
serie_1,461,"[1, 8, 20, 77, 89, 101, 121, 194]",2.588878,0.000525
serie_1,462,"[24, 32, 70, 94, 133, 165, 191, 195]",1.574451,0.000529
serie_1,463,"[5, 22, 32, 50, 108, 150, 173, 175]",1.993313,0.000515
serie_1,464,"[39, 61, 79, 81, 90, 96, 133, 199]",2.536712,0.000525
serie_1,465,"[36, 47, 54, 89, 132, 158, 164, 176]",1.927054,0.000523
serie_1,466,"[4, 6, 74, 118, 131, 150, 151, 197]",2.511314,0.000538
serie_1,467,"[48, 65, 79, 135, 172, 178, 193, 196]",2.112927,0.000518
serie_1,468,"[18, 28, 43, 55, 81, 142, 150, 152]",2.318258,0.000534
serie_1,469,"[11, 38, 51, 68, 129, 144, 170, 190]",1.786481,0.000515
serie_1,470,"[19, 37, 68, 148, 151, 170, 181, 199]",2.218089,0.000531
serie_1,471,"[8, 16, 41, 60, 145, 147, 155, 182]",2.349230,0.000517
serie_1,472,"[25, 48, 58, 114, 155, 163, 165, 197]",2.482932,0.000546
serie_1,473,"[14, 21, 70, 98, 142, 151, 166, 190]",1.879978,0.000538
serie_1,474,"[36, 73, 82, 95, 102, 174, 175, 179]",2.407349,0.000525
serie_1,475,"[69, 87, 95, 99, 100, 117, 172, 181]",2.652353,0.000555
serie_1,476,"[45, 49, 57, 81, 83, 111, 147, 159]",1.550561,0.000538
serie_1,477,"[12, 14, 40, 41, 52, 71, 86, 136]",2.645214,0.000550
serie_1,478,"[16, 80, 87, 89, 143, 159, 163, 195]",2.625801,0.000522
serie_1,479,"[25, 40, 47, 68, 70, 90, 183, 187]",2.408200,0.000526
serie_1,480,"[14, 88, 97, 111, 134, 138, 156, 194]",2.212964,0.000519
serie_1,481,"[20, 32, 62, 88, 104, 139, 158, 178]",0.976943,0.000526
serie_1,482,"[15, 19, 46, 77, 134, 145, 162, 192]",1.950098,0.000518
serie_1,483,"[27, 37, 58, 87, 133, 169, 182, 191]",1.768560,0.000528
serie_1,484,"[26, 46, 114, 120, 152, 162, 184, 187]",2.275667,0.000518
serie_1,485,"[25, 42, 71, 93, 105, 122, 124, 186]",2.008747,0.000524
serie_1,486,"[1, 16, 22, 55, 59, 97, 115, 158]",2.061826,0.000526
serie_1,487,"[39, 59, 80, 147, 148, 155, 158, 177]",2.350032,0.000518
serie_1,488,"[1, 34, 40, 73, 106, 144, 195, 196]",2.139380,0.000526
serie_1,489,"[2, 27, 28, 105, 137, 147, 149, 181]",2.410565,0.000515
serie_1,490,"[38, 53, 58, 81, 87, 95, 118, 192]",2.366091,0.000524
serie_1,491,"[20, 70, 103, 107, 115, 139, 188, 197]",2.446354,0.000517
serie_1,492,"[20, 38, 40, 92, 94, 108, 132, 174]",2.078859,0.000524
serie_1,493,"[1, 6, 32, 46, 114, 150, 156, 197]",2.318147,0.000522
serie_1,494,"[33, 56, 57, 104, 115, 125, 169, 182]",1.848826,0.000526
serie_1,495,"[22, 78, 111, 115, 150, 155, 173, 194]",1.887175,0.000518
serie_1,496,"[63, 98, 121, 131, 146, 148, 165, 185]",2.081837,0.000532
serie_1,497,"[16, 40, 45, 95, 105, 128, 135, 180]",2.021083,0.000514
serie_1,498,"[33, 50, 53, 62, 82, 176, 177, 187]",2.471879,0.000564
serie_1,499,"[4, 17, 51, 119, 148, 163, 167, 180]",2.352592,0.000522
serie_1,500,"[27, 36, 106, 115, 127, 146, 184, 199]",2.460818,0.000537
serie_1,501,"[17, 44, 92, 106, 135, 155, 191, 198]",1.735141,0.000520
serie_1,502,"[8, 9, 49, 120, 128, 173, 187, 188]",2.371268,0.000533
serie_1,503,"[7, 88, 95, 102, 115, 122, 126, 198]",3.037853,0.000525
serie_1,504,"[17, 44, 73, 90, 102, 141, 146, 153]",1.485202,0.000523
serie_1,505,"[17, 20, 62, 90, 110, 154, 156, 180]",1.927375,0.000534
serie_1,506,"[17, 38, 82, 84, 138, 141, 186, 194]",2.836991,0.000519
serie_1,507,"[58, 71, 121, 128, 146, 162, 192, 193]",2.129825,0.000526
serie_1,508,"[15, 71, 77, 108, 111, 139, 155, 180]",2.019778,0.000524
serie_1,509,"[1, 16, 30, 54, 114, 152, 173, 197]",2.312508,0.000525
serie_1,510,"[11, 22, 23, 25, 40, 55, 58, 133]",2.944858,0.000519
serie_1,511,"[37, 46, 62, 81, 82, 85, 108, 115]",2.414411,0.000527
serie_1,512,"[13, 41, 46, 48, 69, 109, 113, 167]",2.458092,0.000515
serie_1,513,"[9, 44, 91, 99, 117, 167, 175, 192]",2.273557,0.000551
serie_1,514,"[44, 63, 72, 84, 101, 133, 171, 199]",1.547732,0.000543
serie_1,515,"[59, 68, 88, 112, 119, 136, 170, 194]",1.793456,0.000527
serie_1,516,"[8, 23, 27, 73, 95, 135, 148, 175]",1.829275,0.000518
serie_1,517,"[2, 3, 14, 20, 32, 139, 162, 172]",2.712525,0.000529
serie_1,518,"[25, 49, 93, 111, 113, 140, 144, 181]",1.772773,0.000522
serie_1,519,"[8, 29, 47, 93, 94, 113, 146, 176]",1.687754,0.000533
serie_1,520,"[42, 73, 97, 118, 120, 171, 191, 198]",1.935705,0.000529
serie_1,521,"[13, 23, 73, 85, 102, 129, 139, 143]",2.088664,0.000517
serie_1,522,"[14, 24, 32, 70, 104, 158, 164, 187]",1.950002,0.000530
serie_1,523,"[17, 18, 39, 51, 60, 65, 94, 189]",2.404663,0.000525
serie_1,524,"[11, 24, 29, 57, 108, 111, 130, 141]",2.413695,0.000526
serie_1,525,"[15, 34, 40, 45, 97, 104, 138, 169]",1.788305,0.000519
serie_1,526,"[6, 11, 43, 92, 137, 159, 166, 196]",2.301956,0.000530
serie_1,527,"[17, 76, 87, 99, 124, 140, 181, 199]",2.229332,0.000518
serie_1,528,"[43, 46, 76, 151, 154, 182, 195, 198]",2.478475,0.000526
serie_1,529,"[81, 108, 110, 113, 129, 157, 171, 195]",2.276382,0.000539
serie_1,530,"[5, 30, 39, 73, 97, 131, 174, 197]",1.670020,0.000547
serie_1,531,"[71, 94, 97, 123, 127, 130, 134, 180]",2.558579,0.000553
serie_1,532,"[14, 48, 54, 70, 75, 108, 140, 161]",1.492666,0.000520
serie_1,533,"[18, 19, 25, 37, 65, 139, 148, 189]",2.435932,0.000543
serie_1,534,"[26, 27, 39, 53, 105, 124, 164, 165]",2.025181,0.000523
serie_1,535,"[16, 24, 62, 89, 127, 152, 164, 166]",1.792496,0.000524
serie_1,536,"[5, 25, 69, 127, 141, 148, 165, 196]",1.961330,0.000517
serie_1,537,"[28, 109, 119, 123, 139, 140, 142, 188]",2.761836,0.000526
serie_1,538,"[4, 7, 8, 9, 19, 52, 93, 120]",2.473972,0.000518
serie_1,539,"[1, 25, 71, 86, 127, 133, 167, 193]",1.622631,0.000527
serie_1,540,"[14, 68, 75, 147, 174, 179, 185, 191]",2.823854,0.000518
serie_1,541,"[47, 72, 89, 106, 126, 128, 163, 173]",1.513216,0.000524
serie_1,542,"[28, 35, 106, 114, 130, 176, 196, 199]",2.404476,0.000518
serie_1,543,"[49, 72, 108, 118, 139, 142, 143, 181]",2.018766,0.000524
serie_1,544,"[3, 20, 93, 102, 136, 169, 195, 197]",2.319302,0.000518
serie_1,545,"[37, 69, 91, 125, 128, 146, 161, 177]",1.464256,0.000525
serie_1,546,"[33, 48, 123, 133, 145, 155, 159, 175]",2.328384,0.000515
serie_1,547,"[36, 67, 70, 71, 88, 119, 140, 141]",2.044278,0.000521
serie_1,548,"[15, 37, 62, 91, 110, 112, 171, 176]",2.018543,0.000551
serie_1,549,"[44, 55, 59, 74, 79, 92, 154, 193]",2.104008,0.000534
serie_1,550,"[8, 9, 72, 78, 98, 116, 159, 190]",2.543587,0.000552
serie_1,551,"[49, 52, 93, 136, 146, 149, 159, 162]",2.162220,0.000518
serie_1,552,"[51, 86, 128, 142, 145, 151, 153, 173]",1.978472,0.000527
serie_1,553,"[67, 70, 100, 109, 152, 159, 170, 187]",2.403614,0.000521
serie_1,554,"[41, 82, 94, 103, 106, 133, 135, 192]",2.615711,0.000530
serie_1,555,"[9, 10, 19, 61, 70, 141, 156, 181]",2.534108,0.000518
serie_1,556,"[19, 80, 88, 92, 101, 151, 164, 191]",2.035914,0.000526
serie_1,557,"[56, 64, 66, 78, 102, 103, 172, 197]",2.627854,0.000529
serie_1,558,"[15, 17, 20, 52, 113, 136, 143, 192]",2.607409,0.000529
serie_1,559,"[3, 60, 100, 119, 139, 143, 148, 175]",2.122696,0.000518
serie_1,560,"[26, 30, 45, 88, 98, 115, 134, 168]",1.756850,0.000551
serie_1,561,"[13, 28, 72, 81, 87, 117, 118, 140]",1.996535,0.000551
serie_1,562,"[4, 62, 89, 112, 125, 132, 148, 188]",2.176723,0.000537
serie_1,563,"[39, 67, 140, 150, 160, 177, 191, 195]",2.340562,0.000550
serie_1,564,"[29, 47, 53, 94, 130, 136, 176, 190]",1.819108,0.000517
serie_1,565,"[11, 27, 79, 92, 129, 174, 183, 189]",1.921448,0.000525
serie_1,566,"[16, 67, 75, 77, 137, 138, 141, 179]",2.783758,0.000521
serie_1,567,"[17, 54, 78, 92, 139, 153, 186, 197]",2.140603,0.000527
serie_1,568,"[5, 10, 13, 18, 29, 33, 78, 99]",2.609092,0.000520
serie_1,569,"[18, 19, 90, 102, 130, 136, 176, 191]",2.375919,0.000527
serie_1,570,"[47, 100, 104, 125, 137, 156, 165, 198]",1.837816,0.000520
serie_1,571,"[15, 67, 102, 112, 129, 184, 188, 189]",2.609253,0.000533
serie_1,572,"[3, 14, 23, 59, 65, 77, 110, 196]",2.614858,0.000534
serie_1,573,"[24, 44, 71, 79, 144, 157, 162, 169]",2.317791,0.000539
serie_1,574,"[7, 32, 59, 100, 103, 105, 130, 165]",1.535121,0.000546
serie_1,575,"[44, 46, 50, 53, 76, 84, 116, 151]",1.793812,0.000517
serie_1,576,"[25, 44, 57, 86, 137, 154, 169, 186]",1.944391,0.000524
serie_1,577,"[55, 65, 130, 144, 160, 180, 186, 195]",2.351313,0.000516
serie_1,578,"[2, 21, 42, 88, 104, 154, 164, 189]",2.060228,0.000524
serie_1,579,"[6, 44, 52, 56, 61, 140, 151, 191]",2.453386,0.000520
serie_1,580,"[9, 23, 88, 90, 162, 165, 171, 177]",2.863109,0.000520
serie_1,581,"[81, 95, 102, 111, 135, 153, 160, 177]",2.186095,0.000512
serie_1,582,"[20, 43, 47, 54, 83, 98, 125, 169]",1.585764,0.000549
serie_1,583,"[8, 13, 31, 47, 91, 144, 196, 198]",2.598607,0.000527
serie_1,584,"[2, 13, 53, 77, 81, 120, 171, 174]",2.048139,0.000544
serie_1,585,"[17, 25, 29, 76, 122, 124, 146, 191]",1.958091,0.000515
serie_1,586,"[50, 54, 60, 84, 109, 148, 186, 192]",1.758815,0.000525
serie_1,587,"[20, 22, 70, 89, 93, 128, 154, 199]",1.936198,0.000512
serie_1,588,"[53, 69, 86, 122, 150, 173, 175, 187]",1.648134,0.000529
serie_1,589,"[33, 58, 70, 87, 99, 117, 162, 164]",2.024085,0.000517
serie_1,590,"[7, 12, 44, 48, 109, 123, 131, 149]",2.134513,0.000574
serie_1,591,"[1, 77, 78, 138, 161, 177, 183, 193]",2.804157,0.000814
serie_1,592,"[11, 45, 54, 123, 125, 140, 165, 171]",2.246665,0.000528
serie_1,593,"[4, 48, 92, 106, 113, 153, 185, 197]",1.935649,0.000568
serie_1,594,"[15, 41, 93, 94, 109, 133, 149, 176]",1.941508,0.000544
serie_1,595,"[11, 50, 76, 122, 123, 137, 177, 198]",1.805936,0.000532
serie_1,596,"[10, 11, 17, 114, 137, 163, 168, 170]",2.530306,0.000542
serie_1,597,"[34, 37, 40, 79, 80, 94, 104, 150]",2.079006,0.000532
serie_1,598,"[19, 42, 48, 56, 59, 103, 124, 129]",2.422218,0.000543
serie_1,599,"[22, 49, 59, 62, 79, 160, 164, 186]",2.304344,0.000533
serie_1,600,"[49, 59, 63, 77, 88, 113, 130, 149]",1.625210,0.000544
serie_1,601,"[46, 51, 103, 126, 129, 182, 186, 198]",2.226873,0.000533
serie_1,602,"[28, 101, 146, 147, 149, 156, 163, 166]",2.506145,0.000538
serie_1,603,"[61, 71, 76, 87, 101, 104, 137, 151]",2.179426,0.000531
serie_1,604,"[3, 40, 62, 84, 102, 122, 153, 169]",1.427909,0.000539
serie_1,605,"[72, 83, 116, 123, 130, 189, 194, 197]",2.847400,0.000540
serie_1,606,"[3, 28, 50, 53, 63, 115, 141, 169]",2.144161,0.000532
serie_1,607,"[15, 34, 95, 120, 128, 130, 194, 199]",2.903503,0.000547
serie_1,608,"[28, 37, 46, 48, 111, 146, 178, 180]",2.234431,0.000501
serie_1,609,"[4, 9, 15, 30, 57, 115, 119, 155]",2.477261,0.000560
serie_1,610,"[12, 26, 41, 62, 63, 78, 110, 123]",2.201082,0.000524
serie_1,611,"[1, 10, 25, 40, 71, 73, 98, 157]",1.985320,0.000529
serie_1,612,"[1, 20, 58, 74, 158, 183, 195, 198]",2.513838,0.000520
serie_1,613,"[3, 49, 60, 128, 136, 168, 174, 175]",2.299648,0.000543
serie_1,614,"[15, 53, 59, 70, 82, 100, 128, 132]",2.439121,0.000531
serie_1,615,"[12, 48, 59, 79, 80, 114, 118, 135]",2.203388,0.000539
serie_1,616,"[14, 19, 21, 42, 110, 137, 167, 186]",2.012454,0.000519
serie_1,617,"[11, 39, 54, 67, 85, 119, 128, 189]",1.991093,0.000548
serie_1,618,"[5, 9, 73, 109, 121, 159, 161, 192]",2.584468,0.000534
serie_1,619,"[1, 7, 21, 73, 83, 100, 109, 158]",2.260145,0.000523
serie_1,620,"[7, 11, 31, 32, 72, 92, 103, 114]",2.334424,0.000548
serie_1,621,"[21, 30, 42, 75, 96, 99, 144, 152]",1.754969,0.000630
serie_1,622,"[16, 38, 102, 103, 111, 121, 128, 135]",2.762466,0.000545
serie_1,623,"[18, 64, 77, 90, 151, 166, 174, 198]",2.426400,0.000518
serie_1,624,"[1, 30, 106, 117, 135, 175, 179, 198]",2.408547,0.000581
serie_1,625,"[53, 65, 71, 77, 88, 102, 136, 188]",2.363431,0.000542
serie_1,626,"[20, 28, 49, 70, 140, 162, 164, 186]",2.121803,0.000538
serie_1,627,"[12, 53, 59, 83, 89, 125, 169, 197]",1.850069,0.000542
serie_1,628,"[16, 37, 60, 77, 118, 136, 137, 149]",1.452881,0.000535
serie_1,629,"[37, 43, 68, 96, 121, 146, 180, 183]",1.667938,0.000551
serie_1,630,"[3, 70, 86, 97, 123, 151, 159, 182]",2.268071,0.000537
serie_1,631,"[79, 94, 126, 140, 149, 172, 175, 179]",2.326488,0.000544
serie_1,632,"[68, 85, 107, 112, 160, 162, 191, 195]",2.649719,0.000542
serie_1,633,"[5, 11, 26, 37, 43, 79, 154, 179]",2.429486,0.000547
serie_1,634,"[2, 11, 23, 64, 76, 83, 105, 192]",2.566088,0.000537
serie_1,635,"[3, 12, 74, 125, 126, 173, 184, 195]",2.454121,0.000551
serie_1,636,"[18, 97, 110, 111, 116, 191, 196, 197]",3.034494,0.000537
serie_1,637,"[4, 10, 11, 31, 115, 136, 137, 194]",2.969781,0.000536
serie_1,638,"[75, 82, 85, 88, 110, 123, 162, 191]",2.368235,0.000552
serie_1,639,"[71, 78, 94, 149, 154, 155, 165, 194]",2.597011,0.000509
serie_1,640,"[11, 20, 60, 115, 117, 165, 179, 195]",2.827708,0.000543
serie_1,641,"[16, 21, 36, 77, 92, 104, 109, 158]",2.101103,0.000516
serie_1,642,"[5, 88, 101, 113, 120, 134, 137, 139]",2.892633,0.000530
serie_1,643,"[24, 51, 52, 70, 92, 124, 174, 192]",1.638116,0.000520
serie_1,644,"[4, 41, 51, 56, 59, 101, 110, 111]",2.542112,0.000531
serie_1,645,"[12, 96, 105, 123, 132, 133, 138, 177]",2.532128,0.000520
serie_1,646,"[32, 49, 63, 71, 85, 90, 112, 187]",2.326368,0.000534
serie_1,647,"[16, 75, 111, 115, 122, 128, 129, 167]",2.229932,0.000520
serie_1,648,"[5, 14, 38, 49, 52, 59, 119, 147]",2.464686,0.000526
serie_1,649,"[18, 26, 27, 55, 56, 111, 128, 161]",2.217564,0.000516
serie_1,650,"[12, 38, 47, 128, 140, 173, 192, 198]",2.229793,0.000521
serie_1,651,"[18, 51, 53, 70, 79, 94, 98, 154]",1.943661,0.000523
serie_1,652,"[41, 59, 94, 95, 131, 161, 195, 198]",1.686001,0.000542
serie_1,653,"[40, 62, 81, 106, 134, 153, 161, 188]",1.216322,0.000538
serie_1,654,"[30, 36, 61, 76, 77, 111, 128, 132]",2.339160,0.000519
serie_1,655,"[52, 54, 67, 71, 100, 122, 126, 161]",1.912465,0.000554
serie_1,656,"[9, 59, 88, 96, 117, 152, 159, 182]",1.981836,0.000541
serie_1,657,"[21, 30, 39, 44, 51, 114, 115, 156]",2.530406,0.000565
serie_1,658,"[40, 48, 71, 72, 74, 88, 93, 187]",2.569304,0.000535
serie_1,659,"[30, 57, 60, 76, 89, 124, 137, 192]",2.262906,0.000545
serie_1,660,"[8, 59, 81, 91, 115, 159, 169, 177]",2.304153,0.000531
serie_1,661,"[65, 90, 98, 104, 121, 150, 172, 191]",2.159536,0.000543
serie_1,662,"[27, 59, 67, 115, 124, 132, 170, 187]",1.974265,0.000538
serie_1,663,"[55, 74, 100, 105, 113, 120, 175, 179]",2.153478,0.000528
serie_1,664,"[28, 78, 100, 109, 128, 133, 170, 172]",1.674527,0.000542
serie_1,665,"[14, 31, 35, 39, 108, 124, 152, 161]",2.294634,0.000529
serie_1,666,"[30, 107, 118, 119, 125, 130, 151, 180]",2.412177,0.000541
serie_1,667,"[2, 10, 124, 131, 153, 165, 179, 192]",2.713454,0.000536
serie_1,668,"[16, 53, 86, 105, 138, 154, 166, 187]",1.432451,0.000541
serie_1,669,"[20, 37, 40, 43, 90, 92, 124, 183]",2.400701,0.000536
serie_1,670,"[18, 51, 70, 71, 74, 83, 145, 158]",2.406387,0.000529
serie_1,671,"[14, 17, 76, 92, 126, 156, 165, 194]",2.092331,0.000509
serie_1,672,"[14, 51, 63, 83, 144, 164, 175, 176]",2.302000,0.000530
serie_1,673,"[9, 38, 75, 87, 96, 134, 172, 175]",1.724551,0.000523
serie_1,674,"[17, 31, 44, 93, 117, 146, 153, 193]",1.780806,0.000524
serie_1,675,"[12, 16, 74, 98, 165, 175, 184, 188]",2.670791,0.000528
serie_1,676,"[13, 40, 52, 84, 99, 150, 156, 179]",1.512781,0.000520
serie_1,677,"[11, 14, 17, 21, 58, 76, 109, 168]",2.583839,0.000524
serie_1,678,"[52, 56, 71, 72, 85, 97, 105, 158]",2.182474,0.000527
serie_1,679,"[28, 78, 98, 118, 162, 170, 189, 198]",2.070459,0.000522
serie_1,680,"[31, 57, 58, 106, 114, 171, 193, 196]",2.509529,0.000528
serie_1,681,"[15, 43, 62, 64, 97, 107, 151, 168]",1.476265,0.000527
serie_1,682,"[27, 36, 50, 69, 79, 105, 164, 174]",2.194680,0.000520
serie_1,683,"[2, 15, 24, 30, 34, 85, 124, 199]",2.797224,0.000573
serie_1,684,"[27, 32, 52, 74, 79, 99, 170, 195]",2.279949,0.000537
serie_1,685,"[15, 49, 68, 107, 108, 117, 193, 197]",2.625484,0.000546
serie_1,686,"[33, 64, 105, 137, 139, 192, 198, 199]",2.473188,0.000541
serie_1,687,"[33, 118, 120, 136, 146, 154, 162, 165]",2.585663,0.000531
serie_1,688,"[16, 20, 66, 89, 113, 127, 132, 188]",2.363435,0.000557
serie_1,689,"[6, 11, 79, 126, 158, 168, 187, 191]",2.379227,0.000531
serie_1,690,"[10, 34, 94, 128, 147, 167, 168, 176]",2.329849,0.000555
serie_1,691,"[16, 20, 28, 53, 97, 118, 135, 166]",1.354603,0.000536
serie_1,692,"[9, 24, 36, 41, 77, 164, 188, 190]",2.468151,0.000560
serie_1,693,"[4, 70, 88, 95, 148, 168, 171, 188]",2.521069,0.000536
serie_1,694,"[30, 37, 45, 57, 89, 129, 141, 165]",1.728126,0.000544
serie_1,695,"[29, 40, 44, 63, 98, 126, 135, 158]",1.537031,0.000535
serie_1,696,"[19, 43, 66, 76, 99, 110, 113, 142]",1.815109,0.000540
serie_1,697,"[20, 54, 69, 90, 103, 123, 169, 181]",1.634526,0.000539
serie_1,698,"[16, 18, 29, 52, 60, 92, 102, 103]",2.360377,0.000532
serie_1,699,"[20, 28, 50, 110, 121, 138, 140, 186]",2.428672,0.000558
serie_1,700,"[2, 22, 51, 70, 98, 108, 149, 197]",1.707167,0.000504
serie_1,701,"[3, 38, 54, 56, 96, 101, 123, 188]",2.177398,0.000535
serie_1,702,"[11, 12, 40, 64, 82, 97, 102, 154]",1.622108,0.000520
serie_1,703,"[10, 22, 72, 96, 139, 160, 178, 179]",1.912916,0.000525
serie_1,704,"[24, 91, 117, 130, 146, 158, 189, 197]",2.122086,0.000517
serie_1,705,"[61, 86, 88, 111, 118, 119, 164, 198]",2.431148,0.000524
serie_1,706,"[36, 69, 85, 161, 163, 164, 180, 186]",2.399931,0.000521
serie_1,707,"[34, 60, 62, 63, 67, 123, 124, 129]",2.805531,0.000525
serie_1,708,"[39, 70, 88, 122, 136, 139, 148, 179]",1.558063,0.000515
serie_1,709,"[38, 39, 40, 42, 57, 64, 121, 196]",2.942049,0.000526
serie_1,710,"[9, 30, 88, 93, 124, 157, 166, 189]",2.236614,0.000516
serie_1,711,"[11, 16, 23, 58, 69, 130, 164, 186]",2.035737,0.000526
serie_1,712,"[22, 28, 56, 93, 121, 127, 133, 179]",1.655880,0.000521
serie_1,713,"[24, 31, 42, 52, 84, 89, 126, 151]",1.767967,0.000515
serie_1,714,"[37, 71, 73, 127, 131, 162, 163, 175]",1.864230,0.000531
serie_1,715,"[10, 37, 51, 71, 120, 125, 128, 173]",1.749395,0.000522
serie_1,716,"[11, 16, 18, 34, 35, 41, 93, 144]",2.778439,0.000558
serie_1,717,"[26, 31, 33, 68, 118, 119, 143, 195]",2.361934,0.000544
serie_1,718,"[25, 57, 63, 79, 85, 121, 123, 131]",2.356330,0.000564
serie_1,719,"[22, 41, 86, 87, 147, 162, 170, 174]",2.589191,0.000534
serie_1,720,"[21, 104, 118, 138, 141, 153, 178, 196]",2.229402,0.000553
serie_1,721,"[9, 25, 71, 73, 105, 120, 139, 180]",1.894701,0.000533
serie_1,722,"[20, 30, 42, 50, 81, 90, 151, 172]",2.133877,0.000545
serie_1,723,"[4, 20, 45, 58, 110, 115, 119, 131]",2.715062,0.000541
serie_1,724,"[34, 38, 40, 93, 118, 128, 133, 189]",2.778219,0.000536
serie_1,725,"[4, 47, 51, 97, 117, 130, 161, 187]",1.365468,0.000541
serie_1,726,"[21, 31, 39, 95, 124, 135, 157, 161]",2.185024,0.000531
serie_1,727,"[5, 28, 67, 98, 138, 155, 162, 174]",1.667862,0.000540
serie_1,728,"[87, 89, 93, 103, 104, 145, 156, 190]",2.373860,0.000535
serie_1,729,"[23, 50, 58, 124, 157, 171, 173, 176]",2.413582,0.000543
serie_1,730,"[13, 38, 148, 159, 171, 174, 186, 192]",2.615754,0.000537
serie_1,731,"[7, 18, 77, 82, 99, 113, 142, 192]",2.342510,0.000533
serie_1,732,"[59, 78, 116, 125, 129, 168, 173, 189]",1.949244,0.000534
serie_1,733,"[83, 87, 88, 99, 115, 124, 142, 194]",2.714592,0.000530
serie_1,734,"[19, 108, 135, 136, 160, 179, 180, 197]",2.292476,0.000517
serie_1,735,"[12, 18, 29, 35, 89, 134, 148, 171]",2.575597,0.000522
serie_1,736,"[22, 26, 39, 62, 78, 132, 140, 183]",2.146728,0.000521
serie_1,737,"[20, 24, 59, 64, 69, 115, 168, 199]",2.624991,0.000516
serie_1,738,"[20, 30, 42, 43, 59, 64, 71, 175]",2.446776,0.000525
serie_1,739,"[11, 17, 18, 87, 98, 120, 181, 191]",2.617965,0.000515
serie_1,740,"[19, 51, 77, 104, 120, 123, 149, 170]",1.589371,0.000520
serie_1,741,"[38, 42, 59, 65, 71, 75, 122, 159]",1.995417,0.000521
serie_1,742,"[35, 52, 57, 68, 71, 105, 124, 192]",2.465249,0.000525
serie_1,743,"[22, 29, 37, 66, 114, 115, 118, 164]",2.466393,0.000517
serie_1,744,"[22, 66, 76, 88, 127, 156, 166, 191]",1.820721,0.000539
serie_1,745,"[9, 99, 100, 137, 155, 173, 177, 193]",2.492814,0.000521
serie_1,746,"[38, 54, 78, 101, 104, 107, 153, 189]",1.785089,0.000576
serie_1,747,"[4, 14, 38, 49, 85, 101, 144, 173]",1.625230,0.000572
serie_1,748,"[28, 80, 107, 120, 129, 144, 172, 192]",1.720101,0.000550
serie_1,749,"[37, 70, 99, 101, 113, 118, 146, 150]",1.762540,0.000544
serie_1,750,"[48, 60, 72, 74, 78, 126, 129, 180]",2.009376,0.000537
serie_1,751,"[47, 54, 105, 124, 130, 135, 159, 174]",1.819423,0.000544
serie_1,752,"[6, 37, 69, 89, 160, 173, 176, 186]",2.156719,0.000535
serie_1,753,"[48, 60, 115, 116, 124, 142, 172, 181]",2.287196,0.000543
serie_1,754,"[39, 42, 59, 108, 130, 137, 138, 156]",2.076102,0.000533
serie_1,755,"[36, 68, 84, 92, 127, 130, 131, 176]",1.781708,0.000541
serie_1,756,"[11, 14, 49, 51, 119, 121, 175, 199]",2.637612,0.000532
serie_1,757,"[32, 34, 63, 85, 89, 108, 149, 198]",1.639874,0.000541
serie_1,758,"[67, 71, 102, 150, 158, 160, 178, 197]",2.429761,0.000555
serie_1,759,"[11, 26, 74, 93, 99, 122, 153, 198]",1.649240,0.000508
serie_1,760,"[8, 39, 46, 84, 97, 120, 121, 123]",2.449961,0.000548
serie_1,761,"[12, 39, 69, 73, 92, 139, 158, 185]",1.724045,0.000519
serie_1,762,"[4, 37, 57, 81, 91, 144, 166, 175]",1.960786,0.000526
serie_1,763,"[27, 39, 58, 78, 116, 159, 165, 171]",1.914597,0.000523
serie_1,764,"[12, 34, 62, 123, 148, 155, 172, 194]",2.062828,0.000527
serie_1,765,"[6, 20, 68, 105, 129, 137, 172, 189]",1.987373,0.000518
serie_1,766,"[24, 55, 57, 58, 83, 95, 152, 160]",2.022563,0.000524
serie_1,767,"[28, 35, 70, 81, 105, 116, 171, 195]",1.996023,0.000514
serie_1,768,"[30, 36, 59, 70, 79, 85, 89, 154]",2.253357,0.000526
serie_1,769,"[25, 32, 42, 86, 95, 111, 113, 175]",2.537853,0.000517
serie_1,770,"[16, 61, 80, 95, 109, 137, 182, 191]",2.182189,0.000565
serie_1,771,"[3, 20, 94, 116, 117, 118, 160, 168]",2.672349,0.000560
serie_1,772,"[17, 26, 38, 53, 58, 131, 174, 195]",2.277737,0.000542
serie_1,773,"[37, 46, 47, 135, 137, 150, 171, 172]",2.524894,0.000538
serie_1,774,"[5, 14, 57, 114, 115, 131, 143, 151]",2.613087,0.000533
serie_1,775,"[2, 52, 109, 128, 139, 141, 189, 197]",2.613665,0.000549
serie_1,776,"[31, 34, 42, 47, 69, 121, 124, 194]",2.686315,0.000534
serie_1,777,"[19, 66, 74, 107, 123, 131, 172, 198]",1.978996,0.000543
serie_1,778,"[9, 33, 74, 117, 151, 171, 175, 177]",1.722309,0.000533
serie_1,779,"[16, 31, 81, 144, 149, 153, 172, 180]",2.524978,0.000548
serie_1,780,"[41, 65, 120, 125, 141, 148, 196, 197]",2.346484,0.000531
serie_1,781,"[27, 76, 83, 100, 106, 118, 176, 186]",2.050273,0.000551
serie_1,782,"[7, 33, 51, 56, 90, 106, 133, 176]",1.360441,0.000532
serie_1,783,"[7, 11, 52, 99, 139, 158, 179, 194]",1.806037,0.000568
serie_1,784,"[14, 16, 43, 107, 120, 127, 130, 168]",2.083518,0.000622
serie_1,785,"[41, 60, 94, 131, 133, 140, 157, 193]",1.645177,0.000531
serie_1,786,"[1, 15, 18, 21, 101, 160, 188, 193]",2.727794,0.000543
serie_1,787,"[1, 42, 48, 85, 87, 112, 120, 135]",2.437439,0.000530
serie_1,788,"[2, 48, 80, 85, 124, 148, 165, 173]",1.703635,0.000612
serie_1,789,"[49, 66, 83, 134, 136, 165, 178, 193]",1.990079,0.000530
serie_1,790,"[31, 36, 67, 70, 81, 104, 140, 191]",2.088809,0.000549
serie_1,791,"[67, 68, 77, 78, 110, 125, 167, 185]",2.354072,0.000542
serie_1,792,"[7, 44, 70, 119, 125, 155, 161, 163]",1.950475,0.000529
serie_1,793,"[5, 26, 43, 76, 78, 114, 177, 194]",2.219575,0.000542
serie_1,794,"[28, 74, 83, 103, 106, 108, 117, 129]",2.371197,0.000534
serie_1,795,"[11, 24, 57, 80, 129, 184, 185, 191]",2.286752,0.000542
serie_1,796,"[7, 79, 88, 124, 125, 127, 163, 185]",2.360863,0.000503
serie_1,797,"[26, 49, 90, 97, 113, 120, 145, 176]",1.663998,0.000540
serie_1,798,"[9, 23, 65, 83, 94, 128, 153, 191]",1.754236,0.000517
serie_1,799,"[8, 18, 23, 34, 70, 103, 124, 171]",1.708918,0.000525
serie_1,800,"[1, 29, 100, 101, 145, 178, 184, 185]",2.531462,0.000512
serie_1,801,"[29, 79, 96, 105, 115, 164, 182, 185]",2.260820,0.000522
serie_1,802,"[2, 3, 16, 21, 47, 102, 152, 163]",2.058142,0.000525
serie_1,803,"[31, 32, 47, 105, 112, 166, 171, 180]",2.575743,0.000526
serie_1,804,"[11, 42, 74, 92, 130, 159, 161, 185]",1.569959,0.000520
serie_1,805,"[48, 102, 118, 134, 142, 169, 174, 192]",1.745511,0.000521
serie_1,806,"[30, 46, 54, 62, 110, 120, 138, 157]",2.050649,0.000525
serie_1,807,"[52, 89, 97, 117, 126, 165, 169, 176]",1.785965,0.000516
serie_1,808,"[31, 86, 100, 111, 121, 165, 181, 191]",2.360375,0.000528
serie_1,809,"[6, 16, 19, 60, 69, 121, 127, 131]",2.881896,0.000549
serie_1,810,"[13, 39, 100, 110, 112, 120, 174, 193]",2.353800,0.000555
serie_1,811,"[23, 44, 70, 77, 91, 143, 152, 164]",2.048873,0.000551
serie_1,812,"[44, 81, 100, 121, 129, 132, 164, 179]",1.678839,0.000563
serie_1,813,"[2, 21, 70, 76, 142, 148, 154, 165]",2.580055,0.000533
serie_1,814,"[64, 70, 79, 81, 103, 131, 138, 148]",2.402752,0.000566
serie_1,815,"[43, 70, 71, 74, 101, 107, 110, 172]",2.444550,0.000557
serie_1,816,"[43, 127, 141, 173, 176, 186, 193, 195]",2.460467,0.000546
serie_1,817,"[16, 25, 33, 36, 78, 153, 166, 186]",2.381711,0.000561
serie_1,818,"[35, 64, 100, 103, 171, 178, 180, 193]",2.435545,0.000529
serie_1,819,"[11, 21, 53, 70, 72, 74, 116, 164]",2.341329,0.000544
serie_1,820,"[5, 10, 61, 90, 93, 116, 162, 189]",2.404894,0.000530
serie_1,821,"[55, 59, 66, 74, 83, 92, 162, 173]",2.540016,0.000568
serie_1,822,"[79, 96, 120, 121, 132, 142, 150, 177]",2.275000,0.000534
serie_1,823,"[42, 55, 71, 91, 95, 96, 116, 187]",2.298626,0.000541
serie_1,824,"[11, 15, 23, 56, 88, 126, 147, 196]",1.928233,0.000529
serie_1,825,"[44, 51, 53, 150, 156, 157, 163, 199]",2.613239,0.000555
serie_1,826,"[47, 65, 70, 71, 91, 110, 111, 140]",2.083822,0.000554
serie_1,827,"[3, 26, 39, 55, 94, 104, 113, 161]",2.046653,0.000536
serie_1,828,"[42, 58, 98, 122, 133, 140, 148, 153]",1.617560,0.000552
serie_1,829,"[44, 62, 75, 94, 110, 135, 152, 172]",1.298541,0.000533
serie_1,830,"[6, 18, 19, 71, 72, 86, 168, 192]",2.719933,0.000552
serie_1,831,"[45, 81, 100, 138, 139, 153, 166, 186]",1.800225,0.000533
serie_1,832,"[10, 14, 41, 66, 79, 84, 115, 187]",2.131154,0.000557
serie_1,833,"[6, 8, 13, 17, 37, 66, 78, 169]",2.426579,0.000536
serie_1,834,"[28, 45, 95, 120, 143, 147, 166, 178]",1.734446,0.000557
serie_1,835,"[1, 49, 56, 70, 92, 131, 152, 195]",1.861834,0.000553
serie_1,836,"[17, 48, 64, 72, 104, 107, 112, 132]",2.352077,0.000538
serie_1,837,"[25, 49, 81, 119, 121, 136, 141, 150]",1.681656,0.000552
serie_1,838,"[18, 23, 36, 84, 94, 95, 100, 179]",2.673487,0.000533
serie_1,839,"[2, 12, 21, 65, 67, 151, 177, 190]",2.601876,0.000545
serie_1,840,"[25, 48, 78, 104, 136, 166, 179, 183]",1.388768,0.000533
serie_1,841,"[38, 54, 86, 133, 163, 168, 186, 198]",1.965483,0.000563
serie_1,842,"[41, 51, 108, 130, 140, 166, 169, 196]",1.974595,0.000531
serie_1,843,"[6, 37, 40, 45, 84, 142, 166, 183]",2.413904,0.000542
serie_1,844,"[4, 16, 31, 39, 88, 122, 126, 175]",2.191805,0.000526
serie_1,845,"[4, 6, 39, 56, 75, 128, 160, 176]",1.639229,0.000528
serie_1,846,"[40, 100, 109, 136, 160, 164, 174, 188]",2.066233,0.000535
serie_1,847,"[6, 11, 29, 48, 130, 158, 175, 184]",2.212622,0.000521
serie_1,848,"[24, 34, 86, 108, 110, 142, 164, 198]",2.005360,0.000539
serie_1,849,"[26, 46, 65, 92, 99, 126, 127, 154]",1.491828,0.000519
serie_1,850,"[47, 52, 99, 118, 157, 168, 188, 191]",1.903794,0.000535
serie_1,851,"[3, 44, 65, 116, 127, 153, 172, 186]",2.017281,0.000516
serie_1,852,"[6, 47, 68, 75, 77, 98, 144, 192]",2.058098,0.000534
serie_1,853,"[43, 62, 71, 75, 138, 141, 172, 194]",2.242379,0.000518
serie_1,854,"[17, 76, 90, 132, 143, 156, 157, 161]",2.361015,0.000582
serie_1,855,"[12, 59, 70, 120, 142, 173, 197, 199]",2.304090,0.000560
serie_1,856,"[29, 51, 59, 74, 76, 91, 129, 180]",1.985142,0.000547
serie_1,857,"[7, 56, 67, 93, 97, 119, 135, 187]",2.343588,0.000549
serie_1,858,"[41, 53, 100, 111, 149, 165, 174, 179]",1.634538,0.000539
serie_1,859,"[45, 108, 118, 125, 163, 184, 187, 192]",2.233054,0.000551
serie_1,860,"[41, 45, 74, 85, 100, 105, 145, 178]",1.690826,0.000537
serie_1,861,"[52, 59, 71, 102, 126, 145, 158, 181]",1.634418,0.000550
serie_1,862,"[25, 98, 101, 118, 130, 141, 153, 162]",2.320882,0.000543
serie_1,863,"[11, 12, 18, 47, 89, 116, 139, 156]",1.659207,0.000559
serie_1,864,"[44, 69, 118, 125, 127, 132, 174, 181]",2.015270,0.000532
serie_1,865,"[7, 17, 56, 78, 108, 135, 150, 172]",1.700113,0.000552
serie_1,866,"[20, 58, 66, 84, 115, 123, 173, 197]",1.811921,0.000547
serie_1,867,"[28, 32, 50, 90, 104, 136, 154, 185]",1.513297,0.000535
serie_1,868,"[29, 59, 81, 92, 94, 183, 187, 197]",2.430497,0.000550
serie_1,869,"[3, 10, 68, 90, 96, 100, 107, 137]",2.796808,0.000538
serie_1,870,"[4, 22, 26, 27, 53, 104, 147, 187]",2.002841,0.000546
serie_1,871,"[16, 61, 68, 79, 81, 129, 169, 181]",2.127560,0.000536
serie_1,872,"[8, 66, 69, 83, 91, 124, 162, 166]",2.503974,0.000558
serie_1,873,"[59, 119, 120, 138, 150, 152, 159, 184]",2.637626,0.000535
serie_1,874,"[8, 11, 13, 18, 41, 58, 142, 184]",2.696230,0.000589
serie_1,875,"[8, 41, 58, 66, 77, 98, 116, 120]",2.180311,0.000551
serie_1,876,"[9, 39, 84, 101, 113, 119, 121, 185]",2.419384,0.000535
serie_1,877,"[24, 35, 37, 65, 69, 92, 117, 157]",1.725653,0.000554
serie_1,878,"[4, 67, 71, 78, 91, 111, 179, 194]",2.844561,0.000533
serie_1,879,"[15, 21, 39, 53, 67, 101, 131, 197]",2.376020,0.000552
serie_1,880,"[68, 81, 90, 117, 146, 156, 165, 171]",2.241842,0.000530
serie_1,881,"[24, 60, 70, 89, 92, 125, 142, 191]",2.154788,0.000555
serie_1,882,"[6, 16, 30, 64, 78, 108, 115, 123]",2.248607,0.000531
serie_1,883,"[14, 31, 74, 75, 83, 131, 137, 167]",1.859646,0.000553
serie_1,884,"[6, 66, 72, 74, 84, 154, 164, 177]",2.887148,0.000535
serie_1,885,"[23, 25, 51, 74, 77, 88, 163, 179]",2.351128,0.000540
serie_1,886,"[1, 10, 34, 40, 82, 134, 140, 143]",2.691228,0.000551
serie_1,887,"[26, 43, 52, 94, 97, 153, 166, 179]",1.787935,0.000539
serie_1,888,"[7, 82, 100, 132, 139, 147, 160, 187]",2.301940,0.000549
serie_1,889,"[1, 52, 94, 118, 129, 136, 189, 199]",2.366798,0.000538
serie_1,890,"[16, 40, 44, 59, 76, 77, 123, 153]",1.576942,0.000564
serie_1,891,"[7, 43, 46, 94, 105, 110, 192, 195]",2.658225,0.000537
serie_1,892,"[21, 33, 56, 74, 84, 105, 116, 158]",1.775378,0.000544
serie_1,893,"[29, 63, 68, 72, 158, 170, 184, 191]",2.374513,0.000534
serie_1,894,"[11, 32, 42, 72, 139, 152, 174, 196]",2.142602,0.000559
serie_1,895,"[54, 61, 69, 149, 158, 164, 176, 190]",2.511543,0.000571
serie_1,896,"[35, 36, 47, 49, 53, 86, 123, 156]",1.880781,0.000527
serie_1,897,"[6, 53, 70, 72, 121, 160, 187, 191]",2.117591,0.000550
serie_1,898,"[23, 28, 80, 89, 105, 110, 188, 195]",2.621047,0.000523
serie_1,899,"[9, 11, 17, 20, 22, 24, 101, 142]",2.797754,0.000526
serie_1,900,"[26, 116, 145, 146, 153, 154, 160, 161]",2.552984,0.000517
serie_1,901,"[27, 37, 73, 79, 91, 154, 157, 195]",2.104831,0.000578
serie_1,902,"[29, 79, 83, 86, 104, 120, 153, 165]",1.945618,0.000564
serie_1,903,"[2, 11, 18, 40, 92, 135, 163, 180]",2.342388,0.000555
serie_1,904,"[20, 56, 73, 110, 114, 127, 156, 189]",1.799573,0.000547
serie_1,905,"[2, 36, 73, 92, 110, 124, 172, 173]",1.662506,0.000536
serie_1,906,"[1, 11, 15, 47, 68, 151, 169, 173]",2.349304,0.000557
serie_1,907,"[16, 19, 50, 58, 69, 114, 155, 194]",2.180538,0.000537
serie_1,908,"[21, 86, 92, 106, 120, 139, 140, 164]",2.105225,0.000552
serie_1,909,"[4, 35, 80, 81, 85, 130, 148, 165]",2.170933,0.000537
serie_1,910,"[44, 48, 67, 71, 115, 155, 177, 196]",2.129887,0.000548
serie_1,911,"[15, 44, 66, 90, 97, 136, 145, 161]",1.566370,0.000540
serie_1,912,"[18, 65, 88, 91, 100, 108, 121, 187]",2.477089,0.000540
serie_1,913,"[26, 68, 91, 109, 111, 128, 164, 165]",1.568753,0.000534
serie_1,914,"[6, 25, 36, 53, 92, 105, 154, 157]",1.719516,0.000535
serie_1,915,"[14, 30, 50, 112, 117, 139, 140, 176]",2.163770,0.000540
serie_1,916,"[15, 18, 42, 43, 52, 109, 111, 141]",2.425851,0.000527
serie_1,917,"[38, 59, 100, 113, 116, 130, 139, 156]",1.596164,0.000537
serie_1,918,"[1, 7, 32, 33, 39, 119, 133, 185]",2.823855,0.000531
serie_1,919,"[5, 27, 57, 64, 68, 135, 169, 186]",2.124518,0.000539
serie_1,920,"[56, 67, 78, 84, 144, 164, 169, 199]",2.591734,0.000530
serie_1,921,"[45, 91, 99, 108, 113, 149, 185, 188]",2.138930,0.000548
serie_1,922,"[43, 94, 100, 135, 171, 176, 177, 188]",2.141706,0.000523
serie_1,923,"[28, 42, 62, 122, 125, 153, 165, 166]",2.321171,0.000526
serie_1,924,"[2, 21, 48, 81, 94, 122, 124, 155]",1.779225,0.000516
serie_1,925,"[28, 41, 57, 137, 138, 177, 184, 187]",2.543134,0.000523
serie_1,926,"[24, 33, 46, 75, 84, 127, 129, 144]",2.057118,0.000515
serie_1,927,"[26, 58, 83, 95, 111, 136, 140, 165]",1.391755,0.000540
serie_1,928,"[36, 75, 82, 92, 96, 134, 166, 190]",1.796509,0.000529
serie_1,929,"[43, 58, 79, 101, 127, 151, 164, 177]",1.411079,0.000519
serie_1,930,"[76, 96, 102, 107, 147, 156, 173, 194]",2.227040,0.000530
serie_1,931,"[11, 14, 36, 122, 125, 136, 183, 194]",2.741813,0.000518
serie_1,932,"[19, 69, 79, 136, 142, 144, 155, 190]",2.402094,0.000556
serie_1,933,"[4, 60, 78, 93, 96, 108, 129, 157]",2.049898,0.000525
serie_1,934,"[6, 79, 89, 129, 167, 172, 179, 184]",2.486113,0.000563
serie_1,935,"[69, 78, 81, 98, 138, 159, 164, 188]",2.359591,0.000543
serie_1,936,"[19, 47, 95, 100, 114, 136, 152, 198]",1.673760,0.000556
serie_1,937,"[5, 29, 34, 36, 43, 110, 121, 158]",2.443767,0.000555
serie_1,938,"[6, 16, 71, 72, 99, 103, 163, 179]",2.645872,0.000544
serie_1,939,"[41, 58, 62, 111, 138, 146, 162, 171]",2.104816,0.000537
serie_1,940,"[36, 55, 80, 99, 114, 117, 125, 162]",1.707095,0.000531
serie_1,941,"[1, 4, 81, 121, 136, 164, 168, 179]",2.238258,0.000536
serie_1,942,"[34, 48, 57, 84, 104, 125, 190, 194]",2.248622,0.000532
serie_1,943,"[12, 18, 37, 43, 74, 107, 163, 188]",2.219964,0.000534
serie_1,944,"[2, 24, 62, 118, 120, 143, 157, 177]",2.299831,0.000528
serie_1,945,"[18, 91, 108, 111, 121, 148, 171, 178]",2.263294,0.000535
serie_1,946,"[14, 33, 37, 55, 85, 126, 131, 158]",1.507927,0.000529
serie_1,947,"[12, 40, 54, 86, 95, 129, 147, 162]",1.514417,0.000540
serie_1,948,"[12, 17, 81, 89, 94, 108, 120, 159]",2.369882,0.000533
serie_1,949,"[16, 61, 71, 74, 134, 159, 169, 172]",2.423101,0.000535
serie_1,950,"[34, 59, 63, 95, 96, 124, 142, 156]",1.548108,0.000538
serie_1,951,"[28, 46, 80, 96, 126, 129, 152, 189]",1.730587,0.000532
serie_1,952,"[8, 95, 113, 120, 127, 131, 164, 194]",2.369691,0.000549
serie_1,953,"[52, 93, 95, 100, 147, 153, 166, 183]",1.784892,0.000529
serie_1,954,"[39, 67, 84, 114, 153, 169, 183, 196]",1.554253,0.000543
serie_1,955,"[24, 55, 78, 80, 82, 92, 147, 170]",2.125532,0.000530
serie_1,956,"[10, 75, 91, 124, 133, 139, 167, 169]",2.296462,0.000541
serie_1,957,"[19, 51, 58, 81, 120, 152, 181, 195]",1.568601,0.000529
serie_1,958,"[61, 115, 116, 134, 143, 162, 169, 171]",2.703399,0.000541
serie_1,959,"[12, 35, 39, 64, 107, 110, 116, 152]",2.021318,0.000532
serie_1,960,"[13, 30, 34, 65, 70, 118, 136, 144]",2.106614,0.000552
serie_1,961,"[16, 66, 89, 94, 117, 130, 145, 147]",2.175308,0.000540
serie_1,962,"[8, 13, 33, 48, 64, 67, 96, 165]",2.265122,0.000536
serie_1,963,"[10, 15, 57, 99, 111, 116, 146, 181]",2.020468,0.000553
serie_1,964,"[17, 45, 50, 67, 94, 112, 143, 199]",1.760775,0.000532
serie_1,965,"[4, 6, 17, 54, 59, 88, 102, 105]",2.569706,0.000566
serie_1,966,"[31, 59, 60, 68, 99, 151, 159, 185]",1.726802,0.000516
serie_1,967,"[38, 57, 68, 91, 98, 120, 157, 193]",1.645644,0.000580
serie_1,968,"[4, 46, 73, 102, 111, 143, 166, 168]",1.492756,0.000530
serie_1,969,"[50, 61, 66, 89, 90, 92, 126, 179]",1.975927,0.000548
serie_1,970,"[51, 78, 99, 125, 126, 130, 157, 159]",1.802467,0.000533
serie_1,971,"[24, 37, 55, 76, 89, 94, 149, 192]",1.951689,0.000553
serie_1,972,"[4, 6, 43, 53, 84, 158, 180, 199]",2.314578,0.000546
serie_1,973,"[15, 16, 39, 49, 114, 124, 139, 151]",2.222509,0.000531
serie_1,974,"[27, 61, 82, 111, 116, 159, 190, 192]",1.865908,0.000548
serie_1,975,"[7, 56, 123, 149, 154, 155, 179, 194]",2.601669,0.000540
serie_1,976,"[37, 52, 81, 128, 148, 166, 169, 185]",1.696897,0.000547
serie_1,977,"[4, 5, 39, 54, 86, 134, 174, 189]",1.992295,0.000533
serie_1,978,"[11, 12, 85, 130, 143, 166, 176, 193]",2.507227,0.000537
serie_1,979,"[44, 66, 124, 131, 132, 172, 182, 199]",2.107810,0.000532
serie_1,980,"[1, 39, 63, 96, 105, 109, 119, 141]",2.034247,0.000542
serie_1,981,"[1, 8, 32, 64, 106, 113, 136, 154]",1.739954,0.000551
serie_1,982,"[27, 29, 31, 34, 57, 103, 108, 144]",2.085297,0.000518
serie_1,983,"[4, 46, 54, 55, 109, 117, 168, 185]",2.438288,0.000529
serie_1,984,"[10, 13, 36, 42, 133, 157, 164, 199]",2.426028,0.000518
serie_1,985,"[92, 102, 119, 123, 138, 140, 154, 167]",2.445997,0.000519
serie_1,986,"[22, 37, 40, 41, 48, 54, 98, 193]",2.485773,0.000518
serie_1,987,"[24, 25, 43, 64, 69, 83, 130, 155]",1.770139,0.000524
serie_1,988,"[13, 44, 82, 85, 125, 126, 168, 187]",1.801103,0.000515
serie_1,989,"[8, 26, 56, 62, 71, 100, 101, 144]",2.053535,0.000532
serie_1,990,"[57, 97, 98, 99, 127, 159, 175, 196]",2.000928,0.000517
serie_1,991,"[44, 66, 90, 98, 112, 114, 148, 150]",1.667443,0.000571
serie_1,992,"[14, 44, 52, 65, 80, 100, 113, 126]",2.138773,0.000561
serie_1,993,"[1, 21, 60, 61, 69, 111, 175, 184]",2.724121,0.000547
serie_1,994,"[32, 74, 92, 104, 108, 128, 131, 155]",1.575941,0.000536
serie_1,995,"[17, 26, 46, 90, 136, 182, 187, 195]",2.578785,0.000528
serie_1,996,"[23, 25, 91, 93, 106, 121, 133, 184]",2.634742,0.000557
serie_1,997,"[11, 36, 95, 114, 118, 155, 163, 184]",2.295206,0.000535
serie_1,998,"[17, 36, 81, 96, 106, 112, 149, 163]",1.854450,0.000545
serie_1,999,"[11, 57, 66, 71, 93, 133, 162, 163]",2.218785,0.000530
serie_1,1000,"[3, 5, 15, 61, 113, 128, 146, 185]",2.742625,0.000538
serie_2,1,"[14, 59, 64, 101, 110, 120, 206, 255, 436]",1.884520,0.000724
serie_2,2,"[85, 122, 184, 210, 360, 401, 419, 429, 460]",1.696363,0.000673
serie_2,3,"[46, 47, 122, 130, 176, 192, 309, 422, 425]",1.938601,0.000682
serie_2,4,"[110, 137, 232, 263, 303, 326, 363, 370, 492]",1.961043,0.000652
serie_2,5,"[33, 137, 144, 161, 198, 199, 331, 365, 492]",2.239528,0.000651
serie_2,6,"[47, 136, 171, 242, 288, 405, 432, 456, 471]",1.574312,0.000650
serie_2,7,"[84, 197, 221, 251, 256, 269, 331, 336, 435]",1.777636,0.000661
serie_2,8,"[99, 113, 161, 202, 206, 244, 246, 249, 373]",2.033199,0.000649
serie_2,9,"[46, 143, 146, 201, 254, 308, 365, 417, 435]",1.461847,0.000652
serie_2,10,"[58, 76, 124, 182, 187, 295, 389, 439, 496]",1.602731,0.000658
serie_2,11,"[15, 16, 45, 82, 152, 181, 213, 360, 455]",1.782572,0.000647
serie_2,12,"[205, 269, 316, 376, 381, 385, 393, 437, 495]",1.763961,0.000654
serie_2,13,"[55, 115, 261, 274, 279, 305, 322, 410, 418]",1.743237,0.000661
serie_2,14,"[18, 73, 104, 133, 154, 245, 349, 418, 475]",1.511371,0.000648
serie_2,15,"[4, 30, 43, 79, 110, 191, 246, 270, 369]",1.884603,0.000649
serie_2,16,"[3, 26, 136, 176, 192, 263, 273, 346, 419]",1.950437,0.000642
serie_2,17,"[40, 56, 64, 94, 206, 267, 344, 362, 372]",1.796443,0.000648
serie_2,18,"[7, 47, 196, 250, 334, 346, 375, 379, 411]",1.670232,0.000692
serie_2,19,"[109, 130, 197, 218, 241, 341, 375, 448, 486]",1.637377,0.000696
serie_2,20,"[28, 57, 66, 115, 186, 202, 266, 381, 445]",1.728619,0.000654
serie_2,21,"[58, 103, 111, 129, 132, 220, 451, 484, 494]",2.090552,0.000682
serie_2,22,"[3, 110, 149, 153, 207, 215, 252, 362, 442]",1.698289,0.000682
serie_2,23,"[74, 94, 137, 177, 231, 254, 297, 307, 445]",1.756862,0.000647
serie_2,24,"[39, 142, 181, 182, 292, 386, 403, 445, 454]",1.868050,0.000657
serie_2,25,"[29, 120, 160, 168, 289, 298, 376, 428, 482]",1.894813,0.000658
serie_2,26,"[102, 216, 262, 277, 296, 314, 357, 424, 433]",1.593100,0.000646
serie_2,27,"[13, 38, 63, 120, 162, 239, 259, 374, 431]",1.681823,0.000657
serie_2,28,"[114, 187, 202, 231, 246, 265, 370, 378, 379]",2.044672,0.000662
serie_2,29,"[51, 62, 106, 173, 176, 183, 209, 294, 338]",1.744796,0.000643
serie_2,30,"[44, 248, 258, 294, 295, 310, 379, 408, 470]",1.671499,0.000669
serie_2,31,"[24, 34, 183, 193, 233, 249, 398, 404, 414]",2.068780,0.000660
serie_2,32,"[47, 87, 120, 164, 195, 266, 294, 352, 357]",1.767644,0.000648
serie_2,33,"[111, 177, 215, 231, 254, 348, 398, 428, 474]",1.504915,0.000661
serie_2,34,"[43, 134, 231, 290, 317, 352, 366, 411, 422]",1.667528,0.000659
serie_2,35,"[178, 180, 293, 378, 386, 417, 429, 454, 456]",2.064994,0.000643
serie_2,36,"[74, 250, 261, 278, 296, 354, 423, 433, 479]",1.736780,0.000654
serie_2,37,"[60, 103, 125, 163, 172, 208, 416, 417, 431]",1.913228,0.000660
serie_2,38,"[38, 80, 99, 104, 171, 253, 310, 318, 480]",1.818722,0.000653
serie_2,39,"[3, 32, 134, 140, 224, 281, 347, 355, 389]",1.977059,0.000656
serie_2,40,"[64, 133, 156, 209, 229, 279, 341, 353, 463]",1.595184,0.000672
serie_2,41,"[40, 52, 206, 282, 284, 385, 387, 420, 447]",1.785469,0.000671
serie_2,42,"[4, 84, 295, 306, 320, 344, 400, 455, 476]",1.805518,0.000678
serie_2,43,"[88, 162, 228, 255, 264, 320, 335, 370, 394]",1.549871,0.000647
serie_2,44,"[71, 108, 135, 159, 205, 280, 320, 361, 404]",1.405416,0.000650
serie_2,45,"[28, 40, 101, 104, 123, 140, 183, 263, 420]",1.992497,0.000655
serie_2,46,"[116, 306, 316, 340, 384, 410, 425, 439, 454]",1.908944,0.000649
serie_2,47,"[14, 130, 230, 239, 267, 314, 330, 391, 456]",1.965174,0.000645
serie_2,48,"[79, 271, 316, 329, 354, 358, 374, 413, 415]",1.830102,0.000649
serie_2,49,"[35, 38, 49, 56, 93, 233, 239, 357, 401]",1.858025,0.000648
serie_2,50,"[2, 25, 70, 229, 363, 370, 382, 388, 488]",2.100629,0.000647
serie_2,51,"[93, 105, 114, 126, 314, 386, 390, 425, 471]",1.767939,0.000653
serie_2,52,"[18, 122, 191, 242, 322, 349, 466, 475, 485]",1.970818,0.000643
serie_2,53,"[122, 131, 241, 266, 281, 347, 377, 411, 476]",1.821188,0.000649
serie_2,54,"[61, 76, 84, 101, 122, 327, 393, 451, 465]",1.920469,0.000676
serie_2,55,"[2, 33, 51, 125, 229, 283, 294, 386, 486]",1.899781,0.000660
serie_2,56,"[169, 229, 252, 282, 307, 316, 322, 351, 405]",1.804354,0.000666
serie_2,57,"[27, 87, 89, 146, 204, 262, 267, 285, 312]",1.790414,0.000670
serie_2,58,"[15, 162, 287, 291, 326, 420, 442, 454, 475]",2.192073,0.000672
serie_2,59,"[9, 138, 151, 168, 338, 362, 373, 385, 486]",2.288828,0.000662
serie_2,60,"[19, 155, 187, 258, 274, 367, 429, 462, 489]",1.954948,0.000680
serie_2,61,"[6, 108, 116, 135, 170, 222, 256, 258, 428]",1.946938,0.000681
serie_2,62,"[108, 170, 304, 318, 364, 411, 424, 431, 496]",1.759728,0.000664
serie_2,63,"[77, 88, 92, 110, 156, 175, 222, 274, 384]",1.896306,0.000744
serie_2,64,"[22, 36, 95, 123, 167, 274, 325, 339, 432]",1.837325,0.000716
serie_2,65,"[82, 238, 294, 298, 346, 400, 473, 487, 492]",1.819811,0.000669
serie_2,66,"[39, 100, 144, 170, 245, 248, 271, 400, 425]",1.769346,0.000660
serie_2,67,"[3, 35, 39, 53, 246, 250, 380, 387, 412]",2.043119,0.000677
serie_2,68,"[9, 61, 115, 142, 178, 215, 237, 337, 466]",1.765087,0.000649
serie_2,69,"[74, 93, 97, 147, 231, 419, 494, 498, 499]",2.027205,0.000663
serie_2,70,"[102, 137, 140, 237, 253, 296, 373, 435, 475]",1.593985,0.000654
serie_2,71,"[34, 68, 147, 177, 253, 287, 290, 414, 463]",1.539114,0.000643
serie_2,72,"[71, 75, 105, 137, 152, 308, 369, 398, 450]",1.704395,0.000661
serie_2,73,"[38, 43, 92, 154, 200, 355, 401, 459, 473]",1.762562,0.000650
serie_2,74,"[4, 50, 153, 219, 293, 331, 379, 451, 473]",1.516525,0.000642
serie_2,75,"[2, 162, 170, 196, 222, 242, 271, 366, 477]",2.192639,0.000651
serie_2,76,"[21, 23, 25, 142, 246, 283, 373, 396, 409]",2.028335,0.000647
serie_2,77,"[33, 97, 175, 222, 346, 352, 412, 468, 488]",1.721942,0.000639
serie_2,78,"[26, 127, 211, 212, 228, 235, 342, 376, 388]",2.064123,0.000651
serie_2,79,"[37, 46, 64, 132, 155, 178, 259, 337, 391]",1.614255,0.000644
serie_2,80,"[38, 50, 80, 87, 133, 236, 262, 435, 457]",1.952103,0.000645
serie_2,81,"[14, 75, 177, 255, 268, 314, 333, 411, 428]",1.700214,0.000650
serie_2,82,"[54, 98, 176, 234, 271, 312, 331, 332, 460]",1.674064,0.000651
serie_2,83,"[2, 18, 66, 107, 120, 207, 404, 442, 473]",1.836950,0.000641
serie_2,84,"[38, 94, 113, 218, 260, 277, 393, 448, 463]",1.813019,0.000654
serie_2,85,"[37, 55, 107, 139, 195, 401, 460, 478, 484]",1.827685,0.000658
serie_2,86,"[37, 78, 109, 123, 132, 149, 212, 226, 490]",2.043457,0.000650
serie_2,87,"[59, 115, 141, 185, 303, 322, 354, 394, 411]",1.624283,0.000656
serie_2,88,"[82, 155, 193, 205, 212, 297, 378, 434, 479]",1.493408,0.000653
serie_2,89,"[55, 70, 148, 172, 225, 276, 310, 335, 361]",1.684255,0.000646
serie_2,90,"[34, 75, 122, 157, 191, 194, 214, 310, 357]",1.802374,0.000650
serie_2,91,"[18, 26, 69, 131, 184, 321, 372, 393, 454]",1.674483,0.000669
serie_2,92,"[98, 142, 247, 302, 336, 338, 436, 458, 490]",1.803152,0.000653
serie_2,93,"[9, 11, 48, 74, 180, 264, 270, 441, 466]",2.116774,0.000661
serie_2,94,"[4, 94, 112, 144, 203, 331, 368, 414, 423]",1.770740,0.000648
serie_2,95,"[55, 85, 119, 177, 184, 381, 397, 478, 483]",1.932966,0.000641
serie_2,96,"[107, 168, 212, 293, 312, 321, 388, 428, 465]",1.399671,0.000649
serie_2,97,"[31, 155, 163, 183, 242, 283, 333, 337, 450]",1.859263,0.000648
serie_2,98,"[38, 114, 126, 157, 166, 171, 231, 284, 301]",1.877637,0.000643
serie_2,99,"[56, 63, 64, 65, 84, 104, 251, 282, 387]",1.999149,0.000652
serie_2,100,"[107, 113, 226, 266, 308, 338, 368, 381, 409]",1.679233,0.000648
serie_2,101,"[159, 269, 379, 380, 383, 446, 460, 465, 485]",2.301581,0.000650
serie_2,102,"[5, 12, 66, 111, 248, 277, 405, 437, 470]",1.844138,0.000646
serie_2,103,"[13, 169, 227, 234, 276, 354, 363, 429, 468]",1.786013,0.000640
serie_2,104,"[20, 55, 84, 106, 134, 137, 146, 244, 312]",1.902809,0.000654
serie_2,105,"[24, 33, 80, 97, 125, 208, 244, 320, 463]",1.817098,0.000649
serie_2,106,"[41, 43, 121, 148, 165, 203, 271, 393, 448]",1.873885,0.000640
serie_2,107,"[3, 63, 87, 168, 227, 228, 297, 366, 385]",1.753198,0.000653
serie_2,108,"[39, 82, 129, 220, 264, 299, 337, 373, 397]",1.503673,0.000649
serie_2,109,"[78, 129, 217, 313, 372, 382, 416, 425, 465]",1.697194,0.000646
serie_2,110,"[189, 195, 228, 229, 235, 329, 403, 426, 478]",1.970606,0.000655
serie_2,111,"[12, 31, 60, 62, 153, 281, 289, 307, 328]",2.016170,0.000665
serie_2,112,"[19, 114, 201, 261, 349, 379, 403, 437, 453]",1.601473,0.000647
serie_2,113,"[29, 154, 180, 248, 264, 349, 350, 356, 482]",2.064212,0.000663
serie_2,114,"[35, 65, 86, 115, 137, 156, 240, 299, 341]",1.774753,0.000655
serie_2,115,"[47, 73, 100, 115, 138, 255, 263, 291, 424]",1.804270,0.000641
serie_2,116,"[28, 55, 108, 212, 240, 255, 280, 311, 356]",1.740825,0.000657
serie_2,117,"[61, 115, 117, 173, 209, 233, 250, 326, 482]",1.812619,0.000661
serie_2,118,"[9, 54, 113, 143, 166, 232, 256, 393, 436]",1.772915,0.000647
serie_2,119,"[26, 46, 134, 177, 178, 304, 353, 367, 448]",1.782895,0.000718
serie_2,120,"[29, 96, 101, 104, 151, 265, 336, 361, 394]",1.702882,0.000661
serie_2,121,"[10, 80, 112, 120, 168, 237, 332, 467, 480]",1.795859,0.000693
serie_2,122,"[50, 127, 214, 251, 272, 383, 384, 411, 469]",1.779467,0.000674
serie_2,123,"[37, 62, 140, 308, 312, 344, 394, 400, 497]",1.712940,0.000671
serie_2,124,"[44, 91, 126, 162, 233, 319, 327, 397, 452]",1.529128,0.000645
serie_2,125,"[115, 169, 189, 225, 230, 357, 372, 433, 481]",1.756464,0.000661
serie_2,126,"[64, 88, 102, 153, 191, 367, 437, 468, 495]",1.709050,0.000653
serie_2,127,"[36, 132, 141, 200, 211, 231, 308, 325, 343]",2.010234,0.000641
serie_2,128,"[45, 95, 148, 176, 178, 183, 330, 466, 471]",2.054725,0.000659
serie_2,129,"[1, 115, 129, 168, 320, 340, 389, 439, 445]",1.947100,0.000687
serie_2,130,"[86, 107, 153, 212, 248, 343, 420, 453, 489]",1.583640,0.000662
serie_2,131,"[2, 55, 88, 186, 212, 217, 237, 373, 414]",1.823272,0.000677
serie_2,132,"[77, 93, 182, 188, 221, 222, 230, 231, 477]",2.114046,0.000673
serie_2,133,"[74, 258, 265, 324, 377, 461, 482, 490, 491]",1.861609,0.000669
serie_2,134,"[46, 81, 110, 169, 175, 286, 300, 312, 466]",1.947956,0.000669
serie_2,135,"[67, 74, 141, 318, 348, 381, 385, 480, 492]",1.974233,0.000673
serie_2,136,"[35, 82, 85, 341, 350, 398, 429, 437, 457]",1.839978,0.000674
serie_2,137,"[46, 78, 106, 109, 148, 167, 364, 459, 498]",1.884033,0.000651
serie_2,138,"[41, 44, 91, 168, 173, 203, 292, 322, 417]",1.685243,0.000669
serie_2,139,"[148, 152, 168, 215, 295, 379, 386, 402, 416]",1.912031,0.000655
serie_2,140,"[49, 241, 251, 270, 342, 409, 416, 473, 476]",1.713385,0.000648
serie_2,141,"[6, 73, 177, 190, 266, 282, 299, 420, 449]",1.927407,0.000681
serie_2,142,"[3, 5, 17, 82, 146, 243, 290, 304, 464]",1.833297,0.000666
serie_2,143,"[26, 34, 37, 216, 287, 361, 377, 406, 497]",1.807649,0.000645
serie_2,144,"[42, 70, 77, 224, 231, 273, 297, 315, 354]",1.931927,0.000671
serie_2,145,"[54, 71, 97, 159, 408, 415, 417, 427, 488]",1.963054,0.000650
serie_2,146,"[32, 142, 228, 293, 314, 321, 410, 428, 453]",1.857442,0.000645
serie_2,147,"[27, 45, 132, 230, 242, 355, 395, 418, 472]",1.761851,0.000666
serie_2,148,"[29, 39, 139, 190, 217, 274, 386, 389, 420]",1.834417,0.000661
serie_2,149,"[131, 176, 182, 228, 279, 326, 363, 382, 425]",1.672603,0.000646
serie_2,150,"[10, 27, 38, 45, 210, 275, 288, 299, 365]",1.987530,0.000680
serie_2,151,"[1, 86, 95, 123, 141, 278, 287, 357, 471]",1.983415,0.000653
serie_2,152,"[2, 106, 111, 218, 231, 236, 311, 340, 362]",2.035530,0.000642
serie_2,153,"[10, 57, 143, 163, 231, 294, 396, 416, 478]",1.397782,0.000654
serie_2,154,"[23, 85, 260, 302, 342, 378, 420, 445, 450]",1.561009,0.000657
serie_2,155,"[26, 53, 90, 138, 257, 313, 360, 448, 497]",1.503826,0.000654
serie_2,156,"[4, 8, 210, 323, 327, 340, 367, 453, 462]",2.165824,0.000663
serie_2,157,"[214, 219, 236, 259, 273, 322, 335, 422, 436]",1.996970,0.000665
serie_2,158,"[9, 38, 64, 124, 318, 364, 365, 464, 486]",1.918723,0.000650
serie_2,159,"[7, 150, 168, 197, 201, 275, 365, 477, 492]",2.231335,0.000654
serie_2,160,"[9, 90, 155, 176, 183, 196, 351, 405, 410]",1.775596,0.000658
serie_2,161,"[82, 163, 247, 272, 298, 324, 467, 478, 491]",1.852964,0.000652
serie_2,162,"[69, 77, 83, 86, 137, 225, 389, 436, 450]",1.957034,0.000679
serie_2,163,"[152, 196, 209, 256, 290, 312, 454, 456, 494]",2.078762,0.000661
serie_2,164,"[4, 34, 209, 215, 242, 334, 384, 398, 497]",1.880190,0.000647
serie_2,165,"[12, 88, 235, 347, 398, 414, 415, 472, 490]",1.763738,0.000655
serie_2,166,"[4, 7, 89, 90, 97, 206, 262, 361, 456]",1.732610,0.000658
serie_2,167,"[12, 58, 301, 330, 362, 368, 385, 433, 497]",1.859177,0.000647
serie_2,168,"[39, 89, 234, 264, 299, 332, 359, 428, 450]",1.540146,0.000663
serie_2,169,"[48, 99, 123, 183, 254, 428, 455, 494, 496]",1.870047,0.000659
serie_2,170,"[72, 186, 252, 253, 265, 293, 360, 371, 473]",1.993008,0.000652
serie_2,171,"[136, 270, 275, 301, 305, 323, 450, 453, 476]",2.237077,0.000653
serie_2,172,"[15, 22, 195, 200, 217, 251, 278, 316, 351]",2.048799,0.000648
serie_2,173,"[20, 50, 90, 183, 221, 243, 430, 439, 474]",1.861311,0.000661
serie_2,174,"[75, 87, 155, 276, 296, 383, 415, 463, 473]",1.740584,0.000665
serie_2,175,"[18, 61, 68, 90, 101, 145, 251, 293, 444]",1.824217,0.000657
serie_2,176,"[120, 177, 373, 393, 418, 458, 468, 471, 491]",2.081279,0.000653
serie_2,177,"[8, 195, 220, 263, 293, 321, 334, 352, 453]",1.842941,0.000656
serie_2,178,"[12, 149, 161, 340, 428, 454, 457, 462, 467]",2.247679,0.000648
serie_2,179,"[31, 113, 172, 213, 215, 409, 444, 447, 473]",1.948454,0.000652
serie_2,180,"[17, 55, 63, 185, 228, 230, 242, 361, 385]",1.974613,0.000650
serie_2,181,"[9, 28, 58, 124, 135, 155, 278, 370, 484]",2.128756,0.000649
serie_2,182,"[22, 32, 36, 50, 70, 86, 143, 203, 309]",1.935526,0.000652
serie_2,183,"[136, 144, 181, 216, 235, 261, 393, 412, 459]",2.049516,0.000652
serie_2,184,"[117, 149, 200, 225, 229, 236, 237, 417, 430]",2.074067,0.000644
serie_2,185,"[110, 117, 182, 271, 361, 381, 401, 414, 475]",1.823734,0.000650
serie_2,186,"[48, 207, 224, 243, 278, 307, 342, 380, 407]",1.633293,0.000663
serie_2,187,"[68, 70, 105, 109, 145, 177, 426, 463, 490]",1.977913,0.000653
serie_2,188,"[57, 58, 187, 225, 230, 264, 347, 479, 489]",1.977167,0.000662
serie_2,189,"[42, 159, 192, 259, 279, 361, 363, 371, 419]",1.721500,0.000649
serie_2,190,"[19, 157, 201, 202, 206, 281, 304, 360, 385]",1.974981,0.000645
serie_2,191,"[113, 121, 200, 222, 225, 360, 368, 371, 468]",2.059950,0.000652
serie_2,192,"[37, 149, 186, 369, 395, 404, 422, 468, 485]",1.940727,0.000654
serie_2,193,"[49, 57, 87, 110, 148, 174, 184, 367, 489]",2.067093,0.000642
serie_2,194,"[32, 120, 144, 249, 301, 347, 352, 414, 437]",1.750338,0.000705
serie_2,195,"[133, 144, 208, 262, 349, 350, 412, 420, 469]",1.824600,0.000694
serie_2,196,"[39, 108, 172, 279, 357, 440, 448, 481, 485]",1.797457,0.000663
serie_2,197,"[19, 75, 132, 169, 311, 358, 402, 434, 481]",1.572285,0.000673
serie_2,198,"[67, 74, 121, 133, 262, 284, 298, 413, 461]",1.725214,0.000669
serie_2,199,"[20, 87, 90, 101, 212, 364, 427, 438, 466]",1.761072,0.000679
serie_2,200,"[20, 33, 44, 57, 149, 211, 404, 472, 492]",1.920089,0.000664
serie_2,201,"[133, 172, 315, 384, 389, 401, 428, 460, 468]",1.980589,0.000671
serie_2,202,"[9, 78, 109, 182, 188, 332, 364, 386, 416]",1.709271,0.000659
serie_2,203,"[25, 102, 137, 221, 262, 327, 352, 378, 467]",1.666301,0.000639
serie_2,204,"[18, 32, 72, 100, 105, 182, 255, 368, 404]",1.701657,0.000651
serie_2,205,"[53, 65, 183, 233, 267, 297, 390, 418, 447]",1.605606,0.000644
serie_2,206,"[54, 86, 89, 207, 234, 371, 386, 408, 415]",1.829955,0.000649
serie_2,207,"[65, 114, 118, 202, 277, 312, 321, 361, 478]",1.725492,0.000647
serie_2,208,"[19, 29, 208, 234, 260, 274, 283, 347, 439]",1.872429,0.000647
serie_2,209,"[6, 43, 104, 306, 357, 372, 384, 406, 463]",1.757000,0.000648
serie_2,210,"[39, 144, 213, 219, 263, 339, 400, 413, 458]",1.589851,0.000646
serie_2,211,"[12, 64, 76, 101, 176, 214, 305, 317, 405]",1.649427,0.000635
serie_2,212,"[42, 131, 167, 203, 270, 307, 342, 455, 498]",1.686480,0.000665
serie_2,213,"[42, 45, 116, 185, 209, 230, 293, 327, 466]",1.768533,0.000653
serie_2,214,"[144, 197, 213, 284, 314, 329, 355, 476, 484]",2.015643,0.000650
serie_2,215,"[145, 317, 325, 350, 358, 359, 449, 464, 482]",2.128520,0.000691
serie_2,216,"[8, 135, 140, 183, 308, 325, 337, 374, 456]",2.061875,0.000693
serie_2,217,"[13, 156, 166, 176, 178, 366, 375, 415, 458]",2.142101,0.000669
serie_2,218,"[147, 202, 247, 261, 287, 372, 390, 438, 467]",1.856661,0.000676
serie_2,219,"[7, 54, 86, 92, 272, 285, 318, 346, 390]",1.853306,0.000680
serie_2,220,"[62, 110, 146, 162, 182, 206, 296, 332, 333]",1.809256,0.000669
serie_2,221,"[6, 7, 69, 105, 136, 238, 253, 346, 383]",1.778523,0.000659
serie_2,222,"[70, 79, 100, 148, 188, 221, 277, 302, 333]",1.729837,0.000670
serie_2,223,"[23, 66, 90, 113, 126, 205, 318, 319, 474]",1.994690,0.000680
serie_2,224,"[122, 123, 148, 238, 241, 317, 391, 411, 414]",1.885962,0.000627
serie_2,225,"[6, 98, 107, 146, 347, 415, 473, 474, 496]",1.869199,0.000668
serie_2,226,"[18, 214, 288, 314, 349, 351, 360, 365, 410]",1.824006,0.000652
serie_2,227,"[88, 118, 166, 206, 214, 345, 369, 458, 476]",1.858338,0.000640
serie_2,228,"[86, 93, 161, 162, 217, 266, 276, 309, 351]",1.789741,0.000655
serie_2,229,"[23, 49, 72, 128, 129, 260, 305, 397, 449]",1.579510,0.000648
serie_2,230,"[11, 74, 183, 230, 270, 323, 377, 452, 482]",1.555500,0.000643
serie_2,231,"[132, 214, 215, 220, 333, 381, 443, 485, 495]",2.116834,0.000650
serie_2,232,"[25, 32, 143, 222, 247, 325, 407, 491, 493]",1.901696,0.000643
serie_2,233,"[132, 203, 212, 247, 304, 474, 481, 496, 497]",2.165269,0.000650
serie_2,234,"[6, 146, 251, 315, 333, 336, 398, 418, 453]",1.895567,0.000662
serie_2,235,"[78, 90, 220, 357, 367, 375, 397, 420, 464]",1.898328,0.000648
serie_2,236,"[32, 69, 194, 213, 273, 312, 323, 479, 483]",1.949324,0.000673
serie_2,237,"[38, 69, 148, 166, 214, 248, 266, 274, 418]",1.730232,0.000653
serie_2,238,"[67, 90, 141, 250, 319, 415, 445, 488, 494]",1.740923,0.000692
serie_2,239,"[49, 71, 196, 316, 324, 327, 352, 436, 465]",1.859166,0.000656
serie_2,240,"[10, 49, 65, 87, 156, 214, 441, 461, 483]",1.991336,0.000666
serie_2,241,"[7, 42, 53, 82, 113, 176, 315, 417, 439]",1.857492,0.000655
serie_2,242,"[25, 45, 102, 181, 252, 368, 373, 428, 478]",1.650457,0.000655
serie_2,243,"[4, 127, 157, 159, 265, 389, 409, 464, 494]",2.186952,0.000654
serie_2,244,"[13, 106, 162, 179, 265, 359, 377, 421, 480]",1.693061,0.000639
serie_2,245,"[13, 24, 42, 181, 215, 300, 314, 397, 456]",1.714928,0.000659
serie_2,246,"[48, 51, 122, 220, 223, 230, 249, 371, 374]",2.140776,0.000665
serie_2,247,"[136, 173, 215, 255, 278, 281, 325, 377, 479]",1.933766,0.000645
serie_2,248,"[10, 125, 204, 253, 343, 361, 389, 447, 457]",1.757222,0.000667
serie_2,249,"[42, 95, 212, 215, 284, 332, 359, 449, 451]",1.534555,0.000662
serie_2,250,"[7, 44, 118, 169, 192, 255, 312, 351, 449]",1.555342,0.000660
serie_2,251,"[18, 47, 217, 328, 378, 395, 403, 445, 484]",1.929609,0.000649
serie_2,252,"[21, 76, 99, 133, 151, 188, 283, 400, 486]",1.697452,0.000661
serie_2,253,"[131, 277, 291, 319, 324, 349, 380, 386, 482]",2.156453,0.000647
serie_2,254,"[85, 91, 128, 175, 212, 346, 390, 406, 483]",1.769742,0.000664
serie_2,255,"[8, 65, 149, 231, 327, 390, 404, 456, 488]",1.688209,0.000656
serie_2,256,"[41, 119, 170, 171, 306, 325, 397, 432, 465]",1.762943,0.000646
serie_2,257,"[12, 106, 154, 284, 316, 322, 363, 427, 470]",1.638036,0.000672
serie_2,258,"[16, 24, 101, 170, 244, 292, 370, 420, 490]",1.506370,0.000653
serie_2,259,"[110, 114, 131, 200, 208, 227, 265, 294, 347]",1.874153,0.000651
serie_2,260,"[162, 218, 231, 233, 247, 280, 344, 438, 462]",1.894798,0.000650
serie_2,261,"[7, 21, 37, 77, 223, 261, 330, 397, 475]",1.667634,0.000651
serie_2,262,"[15, 106, 176, 281, 394, 408, 450, 455, 485]",1.887749,0.000645
serie_2,263,"[5, 109, 166, 202, 210, 215, 353, 401, 490]",1.853878,0.000670
serie_2,264,"[2, 7, 152, 173, 235, 258, 289, 375, 383]",2.060221,0.000653
serie_2,265,"[22, 66, 126, 160, 237, 334, 344, 388, 419]",1.491401,0.000639
serie_2,266,"[11, 65, 111, 133, 183, 267, 302, 467, 486]",1.897218,0.000657
serie_2,267,"[63, 71, 231, 303, 314, 360, 387, 392, 482]",1.952833,0.000652
serie_2,268,"[38, 108, 119, 137, 331, 358, 369, 455, 486]",1.939429,0.000645
serie_2,269,"[32, 53, 116, 290, 293, 314, 320, 435, 495]",2.031961,0.000659
serie_2,270,"[7, 48, 127, 180, 225, 278, 325, 329, 366]",1.696500,0.000649
serie_2,271,"[82, 197, 209, 327, 353, 363, 487, 491, 495]",2.227533,0.000636
serie_2,272,"[11, 33, 123, 152, 297, 349, 416, 427, 472]",1.894665,0.000654
serie_2,273,"[48, 95, 273, 291, 316, 330, 389, 403, 423]",1.726279,0.000649
serie_2,274,"[38, 138, 146, 207, 208, 231, 292, 382, 497]",1.947097,0.000651
serie_2,275,"[17, 47, 69, 89, 110, 287, 302, 396, 468]",1.738377,0.000652
serie_2,276,"[11, 86, 102, 200, 204, 287, 318, 446, 468]",1.709627,0.000645
serie_2,277,"[15, 30, 53, 78, 94, 124, 393, 395, 457]",2.009333,0.000643
serie_2,278,"[56, 133, 223, 266, 297, 365, 444, 452, 473]",1.569983,0.000649
serie_2,279,"[167, 177, 319, 346, 375, 381, 393, 440, 474]",2.046137,0.000675
serie_2,280,"[161, 164, 221, 253, 347, 446, 450, 462, 466]",1.931226,0.000679
serie_2,281,"[15, 23, 66, 207, 233, 256, 268, 277, 498]",2.115223,0.000684
serie_2,282,"[1, 32, 115, 121, 128, 222, 254, 293, 395]",1.906512,0.000679
serie_2,283,"[160, 262, 273, 345, 387, 418, 460, 491, 492]",1.929954,0.000659
serie_2,284,"[41, 55, 173, 217, 220, 292, 362, 388, 442]",1.594200,0.000669
serie_2,285,"[53, 95, 116, 183, 273, 300, 306, 314, 475]",1.972068,0.000670
serie_2,286,"[77, 133, 135, 211, 216, 321, 345, 356, 479]",2.059973,0.000661
serie_2,287,"[69, 189, 283, 329, 369, 397, 408, 469, 486]",1.783251,0.000677
serie_2,288,"[97, 144, 230, 292, 311, 325, 427, 453, 469]",1.786436,0.000674
serie_2,289,"[221, 222, 227, 265, 430, 440, 471, 479, 488]",2.274292,0.000663
serie_2,290,"[77, 84, 177, 211, 304, 318, 368, 388, 491]",1.855868,0.000673
serie_2,291,"[31, 37, 164, 177, 281, 318, 369, 464, 476]",1.986950,0.000668
serie_2,292,"[4, 25, 59, 61, 142, 357, 367, 376, 428]",1.825456,0.000688
serie_2,293,"[94, 196, 220, 282, 296, 416, 434, 447, 452]",1.695885,0.000629
serie_2,294,"[1, 75, 83, 282, 304, 391, 450, 453, 465]",1.886519,0.000671
serie_2,295,"[64, 103, 128, 131, 159, 210, 335, 401, 493]",1.828010,0.000643
serie_2,296,"[82, 86, 119, 145, 157, 181, 245, 425, 447]",1.901838,0.000652
serie_2,297,"[46, 63, 78, 127, 161, 235, 360, 459, 491]",1.680997,0.000649
serie_2,298,"[42, 161, 190, 270, 286, 293, 335, 389, 463]",1.765388,0.000638
serie_2,299,"[5, 123, 124, 176, 273, 358, 383, 466, 467]",2.142284,0.000651
serie_2,300,"[116, 121, 136, 181, 235, 251, 274, 302, 447]",1.938750,0.000652
serie_2,301,"[24, 45, 113, 120, 207, 297, 326, 387, 420]",1.565272,0.000643
serie_2,302,"[24, 87, 94, 105, 147, 184, 265, 307, 416]",1.703442,0.000648
serie_2,303,"[80, 115, 134, 248, 270, 333, 389, 410, 463]",1.521850,0.000647
serie_2,304,"[4, 10, 12, 53, 84, 270, 415, 433, 478]",2.021097,0.000649
serie_2,305,"[18, 50, 60, 176, 280, 294, 324, 396, 488]",1.860688,0.000648
serie_2,306,"[38, 56, 194, 252, 287, 377, 412, 423, 445]",1.748751,0.000651
serie_2,307,"[54, 76, 239, 285, 321, 322, 353, 452, 493]",1.739045,0.000643
serie_2,308,"[11, 42, 51, 98, 225, 241, 360, 374, 475]",2.007781,0.000660
serie_2,309,"[17, 159, 269, 303, 315, 327, 332, 379, 435]",1.976668,0.000653
serie_2,310,"[38, 66, 161, 169, 233, 303, 304, 367, 410]",1.504227,0.000641
serie_2,311,"[16, 130, 160, 235, 331, 346, 431, 467, 480]",1.966737,0.000672
serie_2,312,"[8, 26, 63, 108, 119, 321, 332, 339, 404]",1.898561,0.000660
serie_2,313,"[16, 27, 149, 169, 226, 255, 328, 336, 450]",1.863775,0.000644
serie_2,314,"[28, 77, 82, 88, 106, 137, 139, 155, 360]",2.046157,0.000668
serie_2,315,"[42, 83, 87, 185, 269, 305, 449, 460, 484]",1.982989,0.000677
serie_2,316,"[46, 48, 105, 178, 207, 237, 314, 393, 447]",1.498106,0.000648
serie_2,317,"[65, 83, 113, 154, 238, 248, 326, 334, 367]",1.819783,0.000668
serie_2,318,"[21, 47, 52, 93, 153, 229, 257, 305, 423]",1.742000,0.000660
serie_2,319,"[49, 68, 167, 175, 319, 352, 410, 432, 474]",1.760099,0.000643
serie_2,320,"[42, 195, 198, 214, 232, 241, 332, 353, 455]",1.865493,0.000659
serie_2,321,"[125, 133, 143, 194, 231, 244, 263, 385, 391]",2.152048,0.000652
serie_2,322,"[6, 9, 172, 173, 331, 355, 370, 408, 498]",2.152112,0.000645
serie_2,323,"[113, 130, 181, 191, 304, 337, 352, 366, 426]",1.768247,0.000653
serie_2,324,"[22, 24, 40, 41, 42, 169, 211, 231, 485]",2.169854,0.000653
serie_2,325,"[14, 25, 93, 209, 220, 302, 342, 455, 493]",1.809817,0.000644
serie_2,326,"[32, 225, 278, 287, 370, 379, 419, 441, 497]",1.893282,0.000653
serie_2,327,"[76, 241, 266, 301, 344, 446, 447, 453, 498]",1.848442,0.000666
serie_2,328,"[135, 198, 217, 264, 268, 294, 372, 420, 433]",1.821907,0.000645
serie_2,329,"[16, 176, 235, 239, 266, 290, 292, 298, 489]",2.138287,0.000660
serie_2,330,"[10, 83, 152, 228, 276, 292, 324, 441, 470]",1.685828,0.000652
serie_2,331,"[22, 65, 171, 174, 193, 204, 264, 315, 435]",1.878967,0.000641
serie_2,332,"[120, 200, 259, 314, 316, 325, 404, 465, 486]",1.755210,0.000649
serie_2,333,"[39, 60, 105, 140, 154, 198, 449, 483, 489]",1.927762,0.000650
serie_2,334,"[39, 76, 90, 130, 172, 174, 252, 398, 443]",1.801597,0.000644
serie_2,335,"[40, 74, 83, 108, 113, 143, 335, 447, 497]",1.947744,0.000653
serie_2,336,"[1, 49, 111, 157, 192, 209, 315, 420, 474]",1.834209,0.000659
serie_2,337,"[20, 24, 107, 167, 191, 211, 250, 445, 461]",1.880058,0.000649
serie_2,338,"[46, 68, 109, 191, 321, 413, 459, 463, 481]",1.717498,0.000704
serie_2,339,"[25, 34, 70, 113, 182, 210, 215, 238, 283]",1.762065,0.000705
serie_2,340,"[4, 20, 62, 148, 152, 274, 290, 372, 482]",2.006483,0.000663
serie_2,341,"[5, 116, 176, 198, 209, 310, 364, 397, 419]",1.762240,0.000678
serie_2,342,"[18, 72, 104, 109, 201, 209, 390, 484, 491]",1.960138,0.000679
serie_2,343,"[55, 57, 85, 160, 272, 365, 393, 406, 447]",1.856674,0.000659
serie_2,344,"[13, 120, 129, 252, 274, 295, 354, 433, 449]",1.879742,0.000671
serie_2,345,"[19, 31, 138, 144, 309, 378, 390, 454, 497]",2.017242,0.000675
serie_2,346,"[6, 93, 110, 115, 177, 316, 398, 402, 494]",1.783818,0.000670
serie_2,347,"[3, 182, 250, 297, 367, 372, 455, 462, 464]",1.977298,0.000672
serie_2,348,"[15, 188, 213, 223, 227, 260, 392, 404, 416]",2.141206,0.000682
serie_2,349,"[8, 25, 85, 145, 158, 223, 242, 332, 419]",1.716694,0.000625
serie_2,350,"[134, 139, 155, 230, 239, 387, 416, 454, 481]",2.113312,0.000671
serie_2,351,"[61, 70, 119, 138, 225, 244, 279, 467, 474]",1.976485,0.000652
serie_2,352,"[58, 88, 103, 189, 314, 324, 350, 383, 460]",1.735857,0.000641
serie_2,353,"[54, 81, 124, 141, 181, 282, 442, 456, 487]",1.960912,0.000683
serie_2,354,"[139, 160, 203, 226, 305, 380, 385, 454, 499]",2.008373,0.000662
serie_2,355,"[38, 132, 150, 160, 166, 168, 213, 272, 440]",1.974728,0.000645
serie_2,356,"[59, 155, 294, 307, 354, 391, 417, 443, 454]",1.701938,0.000686
serie_2,357,"[44, 87, 101, 123, 157, 193, 215, 448, 487]",1.912941,0.000665
serie_2,358,"[211, 253, 262, 346, 364, 382, 390, 451, 478]",1.879570,0.000673
serie_2,359,"[49, 73, 120, 278, 354, 369, 397, 427, 499]",1.734731,0.000660
serie_2,360,"[73, 130, 142, 301, 306, 313, 351, 415, 422]",1.785859,0.000652
serie_2,361,"[37, 127, 139, 190, 205, 253, 345, 378, 418]",1.569264,0.000646
serie_2,362,"[197, 227, 276, 296, 328, 344, 365, 386, 406]",1.796756,0.000658
serie_2,363,"[30, 141, 183, 257, 293, 387, 434, 467, 474]",1.781910,0.000659
serie_2,364,"[8, 24, 75, 118, 159, 214, 315, 344, 498]",1.898092,0.000643
serie_2,365,"[27, 107, 270, 298, 381, 405, 414, 417, 436]",1.781703,0.000660
serie_2,366,"[69, 120, 188, 204, 337, 375, 398, 410, 457]",1.667805,0.000656
serie_2,367,"[8, 60, 129, 163, 193, 204, 233, 360, 394]",1.702697,0.000643
serie_2,368,"[27, 28, 160, 216, 283, 429, 433, 450, 485]",2.014476,0.000664
serie_2,369,"[64, 88, 290, 332, 346, 399, 431, 473, 496]",1.722153,0.000650
serie_2,370,"[87, 144, 193, 213, 215, 244, 275, 396, 450]",1.736821,0.000645
serie_2,371,"[15, 77, 95, 109, 304, 317, 338, 446, 492]",1.860737,0.000651
serie_2,372,"[121, 122, 145, 204, 333, 338, 421, 426, 445]",2.147980,0.000651
serie_2,373,"[48, 101, 122, 169, 202, 287, 339, 358, 443]",1.361676,0.000638
serie_2,374,"[104, 154, 171, 219, 284, 354, 396, 431, 469]",1.371816,0.000697
serie_2,375,"[72, 152, 165, 186, 228, 347, 413, 468, 493]",1.703997,0.000693
serie_2,376,"[67, 95, 284, 338, 354, 373, 404, 412, 415]",1.782462,0.000657
serie_2,377,"[146, 194, 305, 367, 371, 406, 430, 463, 496]",1.930586,0.000675
serie_2,378,"[36, 56, 68, 151, 235, 267, 396, 462, 491]",1.813043,0.000684
serie_2,379,"[128, 194, 222, 234, 248, 295, 359, 466, 489]",1.929894,0.000699
serie_2,380,"[48, 54, 95, 175, 208, 241, 378, 427, 459]",1.772715,0.000733
serie_2,381,"[30, 134, 139, 159, 252, 258, 283, 303, 332]",2.061818,0.000681
serie_2,382,"[20, 52, 196, 216, 257, 320, 349, 385, 440]",1.565995,0.000676
serie_2,383,"[19, 39, 78, 149, 151, 236, 237, 243, 263]",2.043399,0.000664
serie_2,384,"[42, 63, 300, 304, 343, 455, 456, 463, 488]",2.017640,0.000666
serie_2,385,"[188, 219, 232, 299, 306, 353, 378, 398, 491]",1.885146,0.000678
serie_2,386,"[105, 130, 144, 154, 224, 254, 270, 413, 470]",1.806751,0.000645
serie_2,387,"[26, 28, 71, 181, 236, 238, 249, 368, 392]",1.942486,0.000667
serie_2,388,"[32, 77, 123, 134, 202, 275, 305, 465, 487]",1.716277,0.000660
serie_2,389,"[103, 104, 109, 160, 218, 259, 335, 354, 429]",1.491746,0.000642
serie_2,390,"[58, 170, 213, 273, 288, 307, 401, 415, 480]",1.467590,0.000657
serie_2,391,"[40, 70, 98, 279, 346, 370, 382, 430, 452]",1.648410,0.000666
serie_2,392,"[66, 104, 161, 189, 290, 302, 338, 364, 498]",1.858537,0.000651
serie_2,393,"[66, 159, 224, 267, 295, 303, 411, 453, 467]",1.530400,0.000667
serie_2,394,"[14, 40, 69, 90, 130, 229, 314, 345, 474]",1.959076,0.000656
serie_2,395,"[58, 107, 123, 146, 183, 190, 222, 269, 488]",1.928512,0.000651
serie_2,396,"[17, 67, 88, 131, 153, 200, 310, 385, 453]",1.562996,0.000658
serie_2,397,"[92, 141, 179, 281, 286, 289, 425, 427, 481]",1.943026,0.000650
serie_2,398,"[41, 96, 98, 128, 145, 162, 230, 433, 455]",1.895441,0.000649
serie_2,399,"[110, 122, 173, 176, 211, 266, 276, 325, 450]",1.760376,0.000651
serie_2,400,"[2, 88, 150, 185, 224, 302, 326, 379, 467]",1.657876,0.000651
serie_2,401,"[31, 86, 111, 155, 161, 176, 178, 192, 273]",1.984123,0.000641
serie_2,402,"[41, 159, 218, 238, 249, 296, 334, 401, 496]",1.651747,0.000656
serie_2,403,"[17, 133, 195, 217, 308, 431, 454, 455, 488]",2.152540,0.000649
serie_2,404,"[116, 160, 164, 272, 321, 334, 356, 367, 446]",1.883571,0.000639
serie_2,405,"[46, 82, 88, 103, 221, 382, 394, 405, 466]",1.964024,0.000650
serie_2,406,"[60, 84, 127, 157, 304, 361, 434, 471, 494]",1.666673,0.000651
serie_2,407,"[42, 75, 116, 118, 143, 231, 352, 451, 487]",1.726074,0.000641
serie_2,408,"[28, 57, 141, 156, 174, 224, 308, 343, 361]",1.806942,0.000651
serie_2,409,"[3, 4, 108, 114, 141, 161, 288, 295, 399]",1.929298,0.000647
serie_2,410,"[70, 131, 187, 208, 230, 238, 312, 351, 442]",1.503518,0.000649
serie_2,411,"[22, 123, 138, 187, 195, 234, 360, 449, 463]",1.876839,0.000651
serie_2,412,"[12, 62, 71, 119, 219, 246, 281, 371, 476]",1.947178,0.000648
serie_2,413,"[3, 27, 165, 169, 197, 364, 423, 462, 477]",2.009294,0.000669
serie_2,414,"[62, 204, 205, 270, 278, 309, 336, 376, 396]",1.753381,0.000659
serie_2,415,"[19, 119, 128, 153, 255, 285, 377, 413, 434]",1.886032,0.000642
serie_2,416,"[28, 40, 140, 239, 242, 275, 314, 318, 492]",2.062099,0.000659
serie_2,417,"[41, 112, 115, 217, 256, 342, 381, 464, 486]",1.766625,0.000699
serie_2,418,"[52, 91, 132, 154, 209, 272, 351, 385, 448]",1.470502,0.000728
serie_2,419,"[10, 133, 181, 231, 254, 424, 441, 447, 484]",2.102350,0.000668
serie_2,420,"[47, 88, 100, 136, 141, 165, 203, 363, 470]",1.932154,0.000755
serie_2,421,"[60, 142, 152, 176, 227, 281, 282, 441, 443]",1.799997,0.000682
serie_2,422,"[53, 73, 75, 134, 173, 179, 434, 459, 472]",1.987578,0.000667
serie_2,423,"[67, 107, 117, 222, 246, 284, 388, 447, 461]",1.785612,0.000673
serie_2,424,"[34, 169, 268, 271, 368, 380, 392, 465, 492]",2.169260,0.000676
serie_2,425,"[98, 121, 153, 187, 204, 237, 395, 398, 423]",1.855465,0.000632
serie_2,426,"[68, 100, 143, 148, 316, 348, 405, 458, 484]",1.796769,0.000669
serie_2,427,"[6, 91, 112, 167, 182, 243, 348, 390, 490]",1.706390,0.000649
serie_2,428,"[30, 84, 160, 172, 178, 203, 220, 278, 436]",1.799799,0.000650
serie_2,429,"[2, 15, 95, 98, 224, 240, 313, 337, 352]",2.028566,0.000654
serie_2,430,"[9, 290, 321, 345, 354, 407, 415, 430, 452]",2.013179,0.000654
serie_2,431,"[9, 113, 239, 241, 378, 415, 478, 481, 486]",2.114868,0.000645
serie_2,432,"[8, 139, 306, 364, 375, 378, 428, 440, 471]",2.040906,0.000665
serie_2,433,"[3, 21, 112, 157, 160, 252, 305, 428, 479]",1.904627,0.000651
serie_2,434,"[2, 50, 143, 196, 253, 367, 373, 389, 445]",1.705554,0.000648
serie_2,435,"[128, 161, 191, 228, 289, 305, 308, 360, 395]",1.758902,0.000653
serie_2,436,"[14, 36, 47, 95, 245, 263, 304, 448, 449]",1.959917,0.000660
serie_2,437,"[37, 119, 174, 187, 191, 230, 400, 402, 497]",1.991995,0.000650
serie_2,438,"[10, 27, 80, 163, 205, 307, 340, 375, 495]",1.823091,0.000671
serie_2,439,"[88, 163, 219, 232, 242, 354, 407, 425, 429]",1.657713,0.000656
serie_2,440,"[6, 89, 124, 133, 215, 297, 359, 433, 438]",1.571834,0.000649
serie_2,441,"[72, 102, 275, 291, 332, 371, 389, 405, 443]",1.701978,0.000746
serie_2,442,"[19, 26, 42, 64, 96, 124, 187, 252, 418]",1.845551,0.000723
serie_2,443,"[8, 13, 62, 121, 124, 162, 255, 413, 416]",1.886753,0.000668
serie_2,444,"[57, 152, 245, 252, 276, 283, 293, 347, 372]",1.790757,0.000674
serie_2,445,"[121, 153, 195, 196, 276, 284, 300, 396, 417]",1.779712,0.000704
serie_2,446,"[2, 174, 182, 190, 272, 276, 351, 426, 486]",2.003780,0.000702
serie_2,447,"[11, 83, 213, 219, 283, 307, 462, 463, 489]",1.885529,0.000696
serie_2,448,"[83, 157, 265, 267, 351, 367, 374, 455, 458]",1.826131,0.000708
serie_2,449,"[53, 88, 93, 154, 261, 316, 373, 375, 481]",1.801670,0.000698
serie_2,450,"[34, 101, 111, 170, 218, 229, 300, 308, 352]",1.782927,0.000674
serie_2,451,"[85, 125, 143, 202, 212, 283, 358, 413, 499]",1.505192,0.000688
serie_2,452,"[70, 84, 131, 146, 225, 283, 338, 459, 484]",1.728211,0.000685
serie_2,453,"[1, 73, 146, 179, 193, 211, 240, 261, 451]",1.882697,0.000668
serie_2,454,"[111, 114, 130, 233, 267, 335, 377, 389, 477]",1.894679,0.000691
serie_2,455,"[18, 19, 41, 151, 174, 187, 290, 360, 477]",2.008747,0.000689
serie_2,456,"[160, 233, 238, 267, 323, 363, 419, 475, 477]",1.726399,0.000680
serie_2,457,"[10, 61, 106, 203, 311, 333, 372, 465, 488]",1.726296,0.000663
serie_2,458,"[24, 34, 138, 160, 239, 280, 349, 394, 402]",1.758978,0.000679
serie_2,459,"[32, 175, 250, 272, 386, 418, 443, 449, 463]",1.989147,0.000685
serie_2,460,"[14, 58, 152, 198, 337, 362, 449, 460, 472]",1.762477,0.000664
serie_2,461,"[40, 164, 236, 274, 279, 280, 290, 397, 441]",1.637043,0.000690
serie_2,462,"[16, 34, 45, 120, 124, 399, 421, 459, 480]",2.056786,0.000685
serie_2,463,"[77, 191, 294, 319, 367, 377, 427, 449, 480]",1.714947,0.000662
serie_2,464,"[4, 144, 233, 236, 241, 320, 358, 360, 387]",2.170535,0.000673
serie_2,465,"[29, 100, 162, 222, 249, 257, 309, 328, 441]",1.677566,0.000673
serie_2,466,"[71, 146, 213, 247, 260, 313, 367, 436, 496]",1.385454,0.000659
serie_2,467,"[86, 97, 113, 115, 169, 252, 444, 452, 480]",1.929304,0.000682
serie_2,468,"[49, 84, 114, 181, 218, 369, 384, 454, 485]",1.761219,0.000684
serie_2,469,"[68, 87, 128, 183, 191, 280, 334, 369, 404]",1.520356,0.000662
serie_2,470,"[18, 48, 108, 113, 124, 289, 318, 432, 472]",1.976345,0.000690
serie_2,471,"[5, 75, 87, 253, 300, 347, 351, 454, 466]",1.762169,0.000677
serie_2,472,"[17, 30, 71, 209, 230, 265, 355, 453, 472]",1.735714,0.000674
serie_2,473,"[153, 175, 230, 249, 348, 355, 415, 434, 487]",1.820853,0.000675
serie_2,474,"[62, 124, 238, 353, 408, 443, 453, 457, 466]",1.788101,0.000674
serie_2,475,"[115, 144, 210, 293, 342, 350, 383, 396, 499]",1.776166,0.000673
serie_2,476,"[87, 111, 236, 289, 327, 356, 364, 401, 433]",1.644951,0.000666
serie_2,477,"[68, 212, 310, 320, 321, 376, 413, 457, 486]",1.798080,0.000682
serie_2,478,"[27, 31, 97, 171, 350, 379, 398, 465, 471]",1.874335,0.000664
serie_2,479,"[25, 62, 170, 201, 220, 238, 323, 386, 462]",1.734250,0.000639
serie_2,480,"[73, 135, 357, 389, 401, 407, 412, 484, 499]",1.827309,0.000656
serie_2,481,"[125, 192, 277, 305, 313, 325, 378, 382, 476]",1.928037,0.000656
serie_2,482,"[180, 210, 292, 302, 313, 380, 456, 472, 485]",1.862477,0.000644
serie_2,483,"[18, 44, 79, 140, 199, 220, 382, 460, 484]",1.886311,0.000670
serie_2,484,"[4, 137, 141, 153, 228, 311, 332, 348, 430]",2.079799,0.000655
serie_2,485,"[15, 34, 182, 220, 236, 240, 328, 422, 491]",1.993576,0.000647
serie_2,486,"[21, 52, 99, 142, 149, 179, 184, 253, 497]",2.076961,0.000658
serie_2,487,"[41, 63, 117, 154, 174, 206, 271, 399, 490]",1.723252,0.000649
serie_2,488,"[40, 41, 132, 168, 243, 271, 279, 388, 459]",1.901724,0.000647
serie_2,489,"[63, 72, 96, 239, 341, 382, 385, 447, 458]",1.816547,0.000655
serie_2,490,"[79, 85, 121, 142, 184, 191, 206, 348, 443]",1.861878,0.000649
serie_2,491,"[189, 231, 232, 277, 282, 328, 363, 403, 434]",1.760017,0.000644
serie_2,492,"[47, 121, 174, 191, 232, 273, 321, 369, 375]",1.663369,0.000648
serie_2,493,"[48, 80, 99, 161, 165, 168, 223, 410, 433]",1.803781,0.000642
serie_2,494,"[35, 77, 109, 211, 239, 348, 374, 422, 470]",1.453362,0.000647
serie_2,495,"[12, 177, 227, 232, 243, 265, 266, 397, 435]",2.099179,0.000691
serie_2,496,"[160, 161, 176, 220, 308, 324, 405, 408, 451]",1.961598,0.000700
serie_2,497,"[9, 12, 60, 79, 205, 262, 301, 357, 392]",1.733996,0.000654
serie_2,498,"[35, 90, 194, 211, 226, 307, 335, 370, 416]",1.582625,0.000669
serie_2,499,"[9, 28, 46, 172, 292, 374, 392, 395, 462]",1.969358,0.000659
serie_2,500,"[49, 57, 158, 316, 326, 327, 332, 425, 443]",1.962867,0.000664
serie_2,501,"[92, 189, 276, 283, 336, 364, 382, 426, 427]",1.715994,0.000676
serie_2,502,"[41, 48, 221, 226, 234, 251, 290, 363, 391]",1.865674,0.000675
serie_2,503,"[11, 63, 99, 121, 132, 146, 180, 238, 431]",1.874174,0.000660
serie_2,504,"[9, 33, 58, 237, 297, 318, 430, 456, 486]",1.981147,0.000682
serie_2,505,"[30, 102, 175, 359, 381, 413, 439, 454, 456]",1.790450,0.000675
serie_2,506,"[37, 153, 154, 213, 217, 235, 348, 417, 477]",1.834007,0.000664
serie_2,507,"[20, 41, 128, 165, 182, 276, 328, 363, 443]",1.724586,0.000671
serie_2,508,"[67, 105, 224, 275, 289, 294, 361, 392, 491]",1.773777,0.000685
serie_2,509,"[93, 128, 175, 216, 272, 293, 296, 313, 419]",1.688681,0.000641
serie_2,510,"[47, 145, 255, 342, 380, 384, 448, 454, 491]",1.627612,0.000659
serie_2,511,"[83, 124, 162, 251, 319, 347, 374, 405, 426]",1.487179,0.000664
serie_2,512,"[66, 76, 80, 288, 327, 439, 440, 459, 469]",2.068569,0.000649
serie_2,513,"[90, 95, 125, 199, 243, 254, 302, 472, 491]",1.837391,0.000663
serie_2,514,"[3, 37, 75, 96, 110, 150, 202, 212, 257]",1.968934,0.000662
serie_2,515,"[97, 132, 246, 267, 287, 313, 314, 335, 378]",1.854149,0.000648
serie_2,516,"[30, 209, 218, 234, 294, 336, 350, 466, 485]",1.965870,0.000658
serie_2,517,"[42, 127, 163, 203, 313, 351, 456, 480, 488]",1.797719,0.000661
serie_2,518,"[8, 32, 270, 271, 294, 315, 348, 411, 450]",1.898035,0.000645
serie_2,519,"[28, 49, 72, 88, 161, 189, 190, 404, 477]",1.884017,0.000655
serie_2,520,"[18, 38, 58, 103, 236, 278, 298, 358, 406]",1.632573,0.000652
serie_2,521,"[4, 36, 109, 110, 202, 288, 319, 330, 488]",1.872084,0.000649
serie_2,522,"[69, 298, 338, 353, 397, 404, 410, 432, 453]",1.872210,0.000656
serie_2,523,"[72, 117, 232, 293, 404, 409, 414, 463, 497]",1.755737,0.000649
serie_2,524,"[130, 193, 206, 275, 388, 400, 403, 462, 467]",2.020830,0.000646
serie_2,525,"[15, 64, 132, 137, 241, 264, 306, 339, 430]",1.700072,0.000650
serie_2,526,"[160, 180, 262, 365, 389, 432, 433, 474, 478]",2.067010,0.000653
serie_2,527,"[9, 90, 118, 197, 201, 202, 281, 314, 323]",1.782877,0.000649
serie_2,528,"[55, 140, 175, 205, 207, 233, 249, 269, 330]",1.745634,0.000651
serie_2,529,"[52, 259, 279, 283, 358, 386, 390, 438, 471]",1.749433,0.000650
serie_2,530,"[12, 99, 119, 234, 308, 372, 385, 440, 493]",1.711282,0.000640
serie_2,531,"[53, 94, 102, 131, 157, 263, 331, 385, 400]",1.610283,0.000648
serie_2,532,"[40, 69, 198, 218, 263, 279, 311, 446, 454]",1.924346,0.000654
serie_2,533,"[235, 278, 323, 353, 373, 414, 436, 468, 494]",1.909796,0.000644
serie_2,534,"[22, 40, 109, 175, 210, 213, 256, 257, 428]",1.918767,0.000700
serie_2,535,"[60, 104, 227, 232, 275, 309, 362, 389, 476]",1.755796,0.000697
serie_2,536,"[108, 131, 162, 288, 414, 420, 430, 451, 463]",1.937949,0.000669
serie_2,537,"[14, 36, 71, 194, 221, 273, 407, 410, 417]",1.893082,0.000682
serie_2,538,"[41, 133, 148, 235, 350, 391, 405, 485, 491]",1.825291,0.000669
serie_2,539,"[62, 89, 285, 315, 331, 353, 399, 457, 478]",1.750976,0.000668
serie_2,540,"[35, 48, 62, 138, 185, 194, 303, 328, 464]",1.784221,0.000675
serie_2,541,"[21, 24, 28, 67, 103, 200, 209, 364, 415]",1.742259,0.000671
serie_2,542,"[18, 22, 61, 184, 245, 379, 404, 467, 489]",2.011297,0.000667
serie_2,543,"[83, 107, 109, 135, 171, 282, 361, 442, 467]",1.765318,0.000689
serie_2,544,"[88, 127, 185, 199, 280, 306, 362, 364, 387]",1.652984,0.000687
serie_2,545,"[7, 241, 288, 337, 349, 352, 413, 443, 489]",1.991666,0.000646
serie_2,546,"[3, 62, 65, 109, 187, 245, 332, 434, 442]",1.727070,0.000654
serie_2,547,"[26, 59, 76, 283, 308, 387, 434, 456, 459]",1.763922,0.000660
serie_2,548,"[35, 85, 153, 298, 303, 447, 448, 453, 484]",1.987250,0.000654
serie_2,549,"[8, 10, 31, 151, 166, 278, 287, 349, 366]",2.222777,0.000660
serie_2,550,"[12, 79, 137, 196, 214, 310, 337, 430, 461]",1.664142,0.000656
serie_2,551,"[41, 68, 158, 194, 252, 273, 350, 371, 374]",1.760986,0.000648
serie_2,552,"[17, 90, 129, 180, 285, 295, 320, 391, 429]",1.588955,0.000650
serie_2,553,"[39, 54, 66, 89, 147, 182, 327, 399, 425]",1.767060,0.000658
serie_2,554,"[12, 170, 180, 234, 248, 384, 427, 429, 492]",2.109959,0.000650
serie_2,555,"[15, 49, 54, 55, 171, 175, 205, 255, 344]",1.863469,0.000660
serie_2,556,"[2, 36, 87, 132, 152, 160, 205, 314, 475]",1.944871,0.000650
serie_2,557,"[63, 131, 167, 225, 314, 360, 371, 465, 489]",1.730138,0.000643
serie_2,558,"[67, 97, 115, 195, 221, 277, 402, 420, 494]",1.660691,0.000652
serie_2,559,"[9, 160, 217, 224, 269, 276, 307, 330, 469]",2.071965,0.000656
serie_2,560,"[5, 57, 152, 279, 292, 296, 349, 376, 428]",1.691025,0.000641
serie_2,561,"[99, 107, 150, 182, 249, 305, 401, 421, 473]",1.511517,0.000648
serie_2,562,"[31, 181, 187, 188, 217, 295, 336, 408, 492]",1.801986,0.000655
serie_2,563,"[92, 129, 161, 188, 332, 359, 382, 405, 439]",1.767414,0.000646
serie_2,564,"[35, 144, 194, 273, 303, 330, 365, 385, 427]",1.701950,0.000655
serie_2,565,"[23, 62, 123, 239, 273, 288, 318, 433, 446]",1.883726,0.000654
serie_2,566,"[78, 115, 282, 297, 327, 384, 405, 436, 471]",1.668115,0.000647
serie_2,567,"[37, 152, 160, 163, 253, 314, 338, 385, 433]",1.661423,0.000651
serie_2,568,"[44, 71, 101, 217, 246, 318, 329, 341, 473]",1.843489,0.000667
serie_2,569,"[34, 39, 175, 279, 289, 301, 335, 422, 426]",2.060363,0.000668
serie_2,570,"[53, 70, 152, 156, 168, 218, 329, 337, 409]",1.803582,0.000653
serie_2,571,"[40, 46, 58, 72, 156, 341, 359, 382, 387]",1.975255,0.000654
serie_2,572,"[88, 126, 161, 171, 185, 193, 341, 428, 447]",1.899744,0.000644
serie_2,573,"[118, 155, 163, 193, 235, 252, 271, 272, 339]",1.975993,0.000654
serie_2,574,"[33, 39, 46, 60, 96, 193, 417, 422, 484]",1.930492,0.000656
serie_2,575,"[116, 154, 171, 175, 340, 360, 364, 397, 481]",2.023897,0.000645
serie_2,576,"[119, 142, 214, 239, 255, 265, 335, 381, 480]",1.918286,0.000694
serie_2,577,"[35, 188, 371, 386, 396, 408, 439, 469, 491]",2.058813,0.000703
serie_2,578,"[2, 3, 138, 207, 214, 257, 412, 443, 447]",2.160814,0.000667
serie_2,579,"[38, 115, 155, 156, 249, 330, 379, 390, 411]",1.604158,0.000665
serie_2,580,"[44, 78, 131, 143, 166, 180, 447, 450, 494]",1.981014,0.000687
serie_2,581,"[78, 118, 192, 235, 242, 262, 305, 324, 410]",1.445715,0.000628
serie_2,582,"[31, 32, 93, 138, 361, 432, 458, 467, 480]",1.798606,0.000671
serie_2,583,"[153, 155, 185, 198, 213, 328, 400, 407, 478]",2.099220,0.000648
serie_2,584,"[1, 79, 139, 206, 258, 284, 292, 347, 426]",1.605718,0.000662
serie_2,585,"[99, 158, 256, 320, 343, 389, 415, 439, 456]",1.499642,0.000686
serie_2,586,"[4, 53, 136, 167, 215, 247, 253, 305, 349]",1.769353,0.000663
serie_2,587,"[52, 88, 108, 142, 244, 319, 330, 365, 477]",1.853970,0.000642
serie_2,588,"[30, 166, 182, 185, 249, 279, 378, 442, 480]",1.945863,0.000661
serie_2,589,"[2, 103, 127, 195, 209, 226, 255, 374, 409]",1.762132,0.000650
serie_2,590,"[37, 139, 153, 167, 226, 338, 343, 360, 379]",2.049079,0.000643
serie_2,591,"[35, 140, 181, 192, 250, 259, 307, 347, 431]",1.750304,0.000655
serie_2,592,"[90, 93, 103, 124, 213, 214, 313, 346, 385]",1.934163,0.000649
serie_2,593,"[58, 77, 122, 238, 338, 385, 448, 451, 483]",1.779960,0.000641
serie_2,594,"[2, 14, 53, 99, 125, 180, 199, 430, 476]",1.908616,0.000656
serie_2,595,"[31, 79, 94, 118, 126, 259, 293, 324, 455]",1.816776,0.000661
serie_2,596,"[68, 126, 159, 206, 241, 255, 313, 359, 385]",1.593816,0.000644
serie_2,597,"[34, 67, 80, 107, 228, 277, 317, 325, 402]",1.622397,0.000665
serie_2,598,"[33, 115, 298, 319, 323, 350, 404, 405, 477]",1.901938,0.000656
serie_2,599,"[25, 42, 83, 141, 267, 284, 338, 384, 463]",1.718106,0.000649
serie_2,600,"[15, 115, 152, 209, 234, 265, 279, 332, 382]",1.802972,0.000660
serie_2,601,"[62, 68, 116, 193, 198, 288, 355, 371, 381]",1.703062,0.000663
serie_2,602,"[55, 110, 169, 177, 262, 312, 343, 370, 373]",1.815291,0.000641
serie_2,603,"[3, 186, 206, 221, 274, 382, 402, 462, 473]",2.072350,0.000664
serie_2,604,"[26, 83, 85, 168, 286, 289, 312, 315, 403]",1.825289,0.000647
serie_2,605,"[128, 146, 157, 195, 291, 295, 380, 383, 455]",1.948401,0.000641
serie_2,606,"[155, 180, 185, 235, 237, 277, 443, 464, 477]",2.148835,0.000662
serie_2,607,"[40, 72, 119, 135, 196, 232, 296, 393, 479]",1.537260,0.000655
serie_2,608,"[13, 53, 88, 94, 206, 225, 312, 431, 487]",1.945012,0.000732
serie_2,609,"[131, 136, 157, 209, 265, 271, 326, 329, 469]",2.020503,0.000736
serie_2,610,"[40, 96, 104, 124, 154, 274, 352, 358, 403]",1.773894,0.000697
serie_2,611,"[162, 290, 332, 394, 396, 399, 430, 441, 489]",2.021126,0.000657
serie_2,612,"[31, 58, 236, 378, 396, 462, 463, 480, 492]",2.072680,0.000674
serie_2,613,"[13, 60, 76, 80, 116, 136, 223, 358, 380]",2.011174,0.000681
serie_2,614,"[10, 37, 121, 225, 240, 308, 342, 384, 425]",1.854979,0.000659
serie_2,615,"[17, 179, 257, 322, 329, 334, 391, 435, 444]",1.859836,0.000667
serie_2,616,"[3, 27, 55, 70, 161, 172, 300, 469, 497]",2.048853,0.000674
serie_2,617,"[48, 73, 158, 265, 333, 334, 438, 443, 444]",1.828709,0.000628
serie_2,618,"[7, 128, 129, 230, 280, 295, 350, 364, 426]",1.934378,0.000651
serie_2,619,"[29, 169, 292, 294, 315, 364, 379, 405, 454]",1.955344,0.000657
serie_2,620,"[45, 82, 115, 290, 297, 393, 459, 467, 478]",1.772289,0.000647
serie_2,621,"[12, 126, 238, 271, 295, 328, 358, 389, 438]",1.874388,0.000656
serie_2,622,"[49, 91, 159, 211, 310, 323, 351, 372, 383]",1.793671,0.000647
serie_2,623,"[35, 47, 149, 196, 299, 314, 322, 348, 429]",1.685664,0.000638
serie_2,624,"[101, 141, 186, 201, 232, 393, 449, 466, 467]",1.856386,0.000648
serie_2,625,"[156, 193, 234, 256, 311, 411, 412, 428, 481]",1.799940,0.000649
serie_2,626,"[21, 104, 140, 189, 253, 367, 436, 452, 489]",1.608537,0.000641
serie_2,627,"[20, 48, 83, 86, 108, 121, 139, 367, 376]",2.052858,0.000648
serie_2,628,"[24, 107, 184, 200, 234, 290, 364, 418, 446]",1.463711,0.000648
serie_2,629,"[1, 70, 86, 89, 99, 241, 253, 294, 455]",1.991569,0.000643
serie_2,630,"[6, 64, 258, 281, 357, 362, 398, 421, 474]",1.744664,0.000653
serie_2,631,"[37, 61, 102, 114, 187, 189, 284, 314, 491]",1.875794,0.000653
serie_2,632,"[54, 82, 107, 112, 225, 272, 443, 459, 472]",1.971057,0.000643
serie_2,633,"[4, 22, 46, 147, 205, 232, 322, 389, 446]",1.710778,0.000698
serie_2,634,"[50, 167, 187, 228, 276, 359, 382, 417, 438]",1.548164,0.000690
serie_2,635,"[65, 83, 88, 107, 129, 300, 328, 452, 497]",1.960292,0.000660
serie_2,636,"[57, 76, 88, 129, 168, 228, 347, 374, 416]",1.586869,0.000666
serie_2,637,"[9, 35, 41, 50, 169, 174, 213, 221, 432]",2.059686,0.000672
serie_2,638,"[10, 16, 31, 87, 89, 183, 294, 307, 429]",2.021613,0.000661
serie_2,639,"[60, 117, 138, 203, 214, 223, 330, 370, 491]",2.019592,0.000664
serie_2,640,"[53, 112, 185, 212, 252, 258, 323, 386, 481]",1.566006,0.000662
serie_2,641,"[73, 109, 113, 125, 162, 310, 314, 445, 482]",2.052464,0.000646
serie_2,642,"[38, 56, 136, 176, 201, 314, 373, 392, 499]",1.698805,0.000653
serie_2,643,"[79, 105, 141, 194, 389, 432, 481, 484, 488]",1.837206,0.000650
serie_2,644,"[32, 157, 282, 285, 301, 309, 314, 391, 470]",2.046668,0.000642
serie_2,645,"[209, 220, 261, 355, 401, 435, 456, 458, 484]",1.851418,0.000651
serie_2,646,"[28, 59, 121, 305, 356, 361, 380, 408, 498]",1.752814,0.000656
serie_2,647,"[129, 143, 146, 211, 327, 374, 397, 437, 495]",2.038137,0.000638
serie_2,648,"[54, 91, 95, 175, 184, 192, 342, 433, 478]",1.930315,0.000654
serie_2,649,"[47, 82, 94, 132, 134, 152, 212, 254, 466]",1.891835,0.000654
serie_2,650,"[22, 77, 156, 248, 257, 275, 342, 387, 472]",1.648917,0.000642
serie_2,651,"[34, 87, 92, 121, 132, 281, 342, 378, 438]",1.638403,0.000651
serie_2,652,"[97, 106, 204, 242, 275, 365, 391, 438, 451]",1.610487,0.000650
serie_2,653,"[89, 250, 305, 307, 329, 352, 354, 366, 476]",1.977250,0.000642
serie_2,654,"[27, 35, 96, 127, 226, 339, 348, 387, 479]",2.047286,0.000655
serie_2,655,"[12, 16, 212, 240, 278, 302, 448, 461, 478]",2.123210,0.000651
serie_2,656,"[86, 130, 186, 195, 211, 215, 306, 434, 446]",1.905616,0.000643
serie_2,657,"[2, 7, 214, 248, 314, 355, 378, 412, 443]",1.849851,0.000650
serie_2,658,"[45, 98, 286, 337, 415, 419, 424, 492, 498]",1.839217,0.000646
serie_2,659,"[65, 68, 199, 270, 285, 384, 400, 449, 463]",1.887717,0.000642
serie_2,660,"[95, 96, 128, 135, 201, 270, 480, 492, 495]",2.056095,0.000654
serie_2,661,"[15, 117, 150, 181, 302, 413, 426, 435, 452]",1.974195,0.000649
serie_2,662,"[11, 26, 34, 70, 168, 189, 222, 471, 492]",2.058203,0.000690
serie_2,663,"[60, 67, 84, 127, 155, 282, 302, 377, 482]",1.956034,0.000653
serie_2,664,"[59, 69, 114, 231, 266, 309, 332, 335, 478]",1.924758,0.000650
serie_2,665,"[65, 107, 212, 298, 299, 313, 404, 410, 489]",1.572296,0.000643
serie_2,666,"[119, 175, 215, 220, 280, 300, 319, 384, 461]",1.716407,0.000650
serie_2,667,"[29, 53, 87, 136, 171, 364, 380, 434, 492]",1.726235,0.000651
serie_2,668,"[14, 119, 159, 229, 295, 320, 376, 423, 482]",1.642851,0.000644
serie_2,669,"[76, 88, 137, 226, 257, 282, 452, 457, 489]",1.923571,0.000669
serie_2,670,"[8, 30, 193, 218, 304, 307, 380, 400, 496]",1.919465,0.000647
serie_2,671,"[43, 118, 126, 158, 172, 216, 357, 365, 445]",1.839905,0.000649
serie_2,672,"[1, 8, 77, 189, 249, 329, 403, 405, 455]",1.763574,0.000684
serie_2,673,"[12, 103, 210, 266, 273, 357, 403, 427, 494]",1.606502,0.000696
serie_2,674,"[71, 116, 159, 188, 292, 373, 416, 459, 481]",1.588010,0.000653
serie_2,675,"[13, 55, 70, 131, 136, 148, 235, 245, 439]",1.919058,0.000667
serie_2,676,"[21, 40, 197, 203, 232, 361, 465, 474, 494]",2.050706,0.000667
serie_2,677,"[66, 89, 100, 227, 338, 376, 393, 443, 492]",1.866090,0.000655
serie_2,678,"[182, 210, 213, 323, 329, 343, 432, 435, 437]",2.188229,0.000665
serie_2,679,"[30, 56, 74, 91, 203, 252, 265, 319, 454]",1.758303,0.000665
serie_2,680,"[42, 74, 138, 166, 192, 272, 285, 288, 337]",1.779606,0.000660
serie_2,681,"[10, 155, 167, 273, 366, 378, 381, 476, 482]",2.361544,0.000669
serie_2,682,"[36, 83, 106, 181, 195, 338, 347, 416, 468]",1.703509,0.000677
serie_2,683,"[78, 80, 107, 141, 154, 240, 373, 460, 490]",1.936307,0.000621
serie_2,684,"[14, 36, 103, 119, 194, 224, 238, 361, 478]",1.884581,0.000664
serie_2,685,"[96, 102, 241, 315, 397, 400, 423, 469, 487]",1.756869,0.000645
serie_2,686,"[2, 55, 105, 117, 137, 355, 359, 400, 431]",1.817803,0.000644
serie_2,687,"[3, 7, 25, 47, 102, 196, 222, 247, 442]",1.861952,0.000650
serie_2,688,"[19, 53, 140, 172, 208, 336, 403, 441, 498]",1.791668,0.000646
serie_2,689,"[12, 62, 103, 184, 223, 297, 321, 360, 389]",1.549593,0.000647
serie_2,690,"[54, 67, 73, 232, 269, 308, 438, 439, 482]",2.010906,0.000657
serie_2,691,"[36, 40, 268, 275, 279, 326, 395, 443, 497]",1.851999,0.000639
serie_2,692,"[102, 151, 152, 162, 349, 374, 395, 415, 435]",1.829290,0.000645
serie_2,693,"[89, 109, 124, 141, 293, 334, 380, 433, 482]",1.647753,0.000652
serie_2,694,"[8, 90, 159, 202, 227, 242, 243, 246, 432]",1.920385,0.000643
serie_2,695,"[29, 59, 172, 197, 235, 280, 295, 406, 447]",1.614091,0.000654
serie_2,696,"[33, 64, 193, 229, 249, 263, 294, 334, 341]",1.922313,0.000653
serie_2,697,"[89, 107, 173, 274, 340, 355, 402, 491, 495]",1.734232,0.000643
serie_2,698,"[75, 173, 226, 311, 365, 399, 441, 451, 462]",1.707121,0.000650
serie_2,699,"[115, 132, 214, 311, 372, 414, 444, 447, 498]",1.862537,0.000646
serie_2,700,"[10, 29, 57, 115, 126, 135, 212, 316, 320]",2.067873,0.000645
serie_2,701,"[17, 74, 77, 195, 207, 277, 320, 345, 436]",1.683613,0.000646
serie_2,702,"[76, 111, 113, 222, 226, 257, 279, 280, 466]",2.018053,0.000650
serie_2,703,"[14, 37, 98, 236, 274, 329, 397, 422, 467]",1.577824,0.000638
serie_2,704,"[137, 163, 199, 210, 251, 379, 428, 431, 433]",2.097239,0.000650
serie_2,705,"[77, 93, 115, 142, 187, 224, 229, 301, 401]",1.583091,0.000645
serie_2,706,"[65, 157, 158, 214, 218, 276, 326, 373, 397]",1.504598,0.000649
serie_2,707,"[47, 120, 127, 183, 219, 315, 445, 446, 477]",1.968709,0.000695
serie_2,708,"[68, 72, 113, 176, 178, 210, 265, 368, 379]",1.866268,0.000690
serie_2,709,"[5, 11, 256, 293, 318, 337, 419, 442, 443]",2.121702,0.000659
serie_2,710,"[25, 34, 83, 98, 183, 187, 240, 305, 406]",1.639744,0.000667
serie_2,711,"[87, 168, 228, 230, 246, 280, 332, 333, 494]",1.855504,0.000671
serie_2,712,"[5, 91, 225, 289, 295, 337, 368, 475, 486]",1.909598,0.000661
serie_2,713,"[10, 113, 227, 240, 251, 375, 409, 455, 478]",2.050835,0.000664
serie_2,714,"[17, 34, 42, 150, 197, 252, 451, 461, 475]",1.990509,0.000671
serie_2,715,"[18, 85, 128, 147, 156, 258, 412, 446, 461]",1.809543,0.000662
serie_2,716,"[7, 74, 89, 248, 365, 413, 415, 452, 493]",1.797172,0.000668
serie_2,717,"[1, 39, 81, 98, 187, 301, 311, 327, 370]",1.897738,0.000682
serie_2,718,"[50, 111, 163, 265, 270, 322, 346, 436, 454]",1.664860,0.000664
serie_2,719,"[14, 17, 63, 98, 190, 349, 350, 417, 478]",1.792223,0.005288
serie_2,720,"[35, 112, 187, 193, 227, 274, 351, 379, 437]",1.473909,0.002233
serie_2,721,"[16, 152, 247, 263, 322, 341, 374, 406, 439]",1.792614,0.000765
serie_2,722,"[112, 123, 140, 155, 162, 213, 300, 338, 347]",1.989294,0.000811
serie_2,723,"[7, 22, 84, 144, 163, 168, 192, 310, 327]",1.897736,0.001145
serie_2,724,"[29, 173, 268, 324, 358, 360, 364, 444, 445]",1.948089,0.000926
serie_2,725,"[24, 51, 109, 111, 139, 258, 274, 281, 345]",1.897673,0.001000
serie_2,726,"[150, 261, 295, 328, 389, 418, 448, 485, 486]",1.884722,0.000915
serie_2,727,"[16, 22, 47, 70, 144, 150, 415, 434, 438]",1.948484,0.000941
serie_2,728,"[31, 43, 82, 94, 156, 206, 313, 319, 441]",1.920144,0.000776
serie_2,729,"[14, 17, 75, 218, 269, 373, 400, 418, 450]",1.852468,0.000910
serie_2,730,"[32, 48, 58, 109, 130, 151, 160, 411, 485]",1.897697,0.000953
serie_2,731,"[57, 122, 147, 160, 243, 281, 435, 439, 479]",1.808614,0.000938
serie_2,732,"[129, 219, 220, 248, 268, 364, 388, 485, 493]",2.167886,0.000967
serie_2,733,"[24, 55, 96, 124, 181, 265, 391, 408, 454]",1.872150,0.000952
serie_2,734,"[65, 66, 129, 147, 179, 390, 423, 429, 433]",1.950500,0.000848
serie_2,735,"[51, 53, 72, 128, 294, 322, 349, 434, 438]",1.737115,0.000892
serie_2,736,"[62, 96, 102, 204, 269, 280, 304, 315, 332]",1.816789,0.000924
serie_2,737,"[162, 192, 266, 270, 325, 381, 416, 441, 464]",1.788321,0.000933
serie_2,738,"[83, 219, 220, 245, 272, 423, 429, 460, 481]",2.000469,0.000949
serie_2,739,"[3, 208, 238, 313, 355, 380, 385, 396, 481]",1.975545,0.001009
serie_2,740,"[9, 164, 193, 213, 216, 293, 298, 396, 403]",1.898195,0.000906
serie_2,741,"[40, 47, 173, 370, 381, 393, 426, 440, 462]",1.982612,0.000904
serie_2,742,"[93, 95, 132, 169, 194, 357, 383, 425, 480]",1.732447,0.000896
serie_2,743,"[102, 169, 209, 213, 424, 463, 476, 491, 495]",1.989290,0.000906
serie_2,744,"[28, 227, 241, 263, 348, 366, 395, 414, 487]",1.835093,0.000919
serie_2,745,"[13, 133, 167, 174, 212, 306, 330, 384, 399]",1.936058,0.000909
serie_2,746,"[28, 79, 102, 279, 410, 415, 428, 442, 488]",1.857793,0.000931
serie_2,747,"[8, 118, 133, 150, 213, 283, 315, 388, 460]",1.741567,0.000840
serie_2,748,"[41, 44, 126, 138, 180, 277, 433, 491, 495]",2.108322,0.000870
serie_2,749,"[35, 148, 156, 180, 206, 362, 413, 428, 456]",1.894944,0.000860
serie_2,750,"[22, 39, 57, 244, 256, 324, 348, 464, 472]",1.844176,0.000885
serie_2,751,"[71, 129, 163, 251, 299, 372, 428, 434, 441]",1.468086,0.000888
serie_2,752,"[77, 95, 98, 128, 325, 347, 359, 402, 446]",1.897821,0.000910
serie_2,753,"[45, 66, 80, 97, 185, 201, 214, 363, 465]",1.949032,0.001485
serie_2,754,"[12, 42, 185, 215, 245, 255, 327, 372, 383]",1.816615,0.001092
serie_2,755,"[87, 149, 171, 248, 280, 299, 309, 422, 431]",1.767509,0.001025
serie_2,756,"[69, 96, 149, 179, 370, 396, 416, 491, 493]",1.860801,0.000940
serie_2,757,"[53, 186, 191, 304, 306, 344, 394, 428, 491]",1.813936,0.001259
serie_2,758,"[127, 203, 212, 280, 295, 306, 333, 445, 462]",1.899215,0.001333
serie_2,759,"[61, 93, 118, 280, 322, 363, 379, 430, 434]",1.682818,0.001204
serie_2,760,"[24, 149, 162, 187, 190, 317, 320, 337, 339]",2.276864,0.001269
serie_2,761,"[6, 67, 124, 175, 179, 306, 315, 326, 464]",1.945904,0.000982
serie_2,762,"[12, 74, 160, 261, 272, 281, 356, 384, 464]",1.790204,0.000891
serie_2,763,"[2, 70, 139, 191, 249, 271, 313, 349, 399]",1.430002,0.000865
serie_2,764,"[85, 147, 259, 274, 283, 290, 295, 369, 462]",1.818596,0.000939
serie_2,765,"[9, 77, 87, 131, 156, 386, 435, 457, 488]",1.897968,0.000736
serie_2,766,"[38, 79, 107, 236, 320, 386, 402, 423, 452]",1.679336,0.000668
serie_2,767,"[62, 135, 189, 195, 288, 369, 382, 442, 473]",1.533254,0.001084
serie_2,768,"[159, 190, 205, 280, 302, 337, 344, 380, 421]",1.770792,0.000861
serie_2,769,"[16, 27, 31, 91, 284, 295, 296, 298, 397]",1.857414,0.000888
serie_2,770,"[45, 178, 246, 261, 269, 302, 405, 416, 427]",1.728043,0.000946
serie_2,771,"[48, 58, 101, 123, 156, 226, 290, 448, 491]",1.744720,0.000952
serie_2,772,"[2, 98, 123, 146, 154, 298, 387, 419, 452]",1.743814,0.000978
serie_2,773,"[56, 184, 235, 248, 261, 311, 336, 380, 385]",1.798173,0.001082
serie_2,774,"[222, 239, 251, 263, 309, 334, 381, 400, 409]",1.902567,0.000952
serie_2,775,"[21, 117, 134, 219, 222, 324, 338, 386, 441]",2.025874,0.000946
serie_2,776,"[1, 27, 184, 202, 208, 223, 295, 351, 377]",2.037173,0.001047
serie_2,777,"[26, 128, 156, 217, 230, 271, 333, 434, 494]",1.905055,0.000881
serie_2,778,"[55, 127, 164, 221, 242, 285, 362, 454, 468]",1.536000,0.000671
serie_2,779,"[102, 158, 161, 240, 285, 339, 349, 365, 403]",1.537880,0.000666
serie_2,780,"[36, 57, 140, 161, 222, 252, 316, 353, 354]",1.704996,0.000663
serie_2,781,"[152, 154, 178, 237, 290, 311, 346, 406, 441]",1.814121,0.000671
serie_2,782,"[5, 181, 277, 299, 331, 345, 365, 371, 422]",2.009942,0.000681
serie_2,783,"[5, 77, 140, 221, 223, 242, 360, 369, 417]",1.711740,0.000662
serie_2,784,"[81, 166, 227, 252, 403, 446, 450, 456, 491]",1.909610,0.000685
serie_2,785,"[54, 171, 226, 258, 304, 311, 330, 367, 451]",1.542818,0.000676
serie_2,786,"[13, 136, 246, 255, 260, 301, 306, 349, 450]",2.002845,0.000661
serie_2,787,"[58, 59, 100, 166, 189, 191, 259, 271, 497]",2.031212,0.000695
serie_2,788,"[33, 168, 212, 234, 262, 299, 352, 403, 433]",1.629775,0.000675
serie_2,789,"[3, 74, 89, 130, 244, 245, 259, 390, 492]",2.140301,0.000660
serie_2,790,"[41, 137, 217, 230, 241, 262, 275, 280, 331]",1.995746,0.000695
serie_2,791,"[53, 102, 154, 181, 238, 328, 370, 394, 466]",1.611094,0.000679
serie_2,792,"[262, 318, 361, 376, 385, 426, 433, 437, 481]",1.930398,0.000663
serie_2,793,"[34, 103, 106, 187, 189, 246, 249, 355, 402]",1.587315,0.000679
serie_2,794,"[30, 113, 159, 204, 233, 327, 360, 366, 401]",1.761827,0.000673
serie_2,795,"[1, 6, 44, 45, 206, 354, 374, 445, 459]",1.989893,0.000672
serie_2,796,"[12, 56, 74, 83, 157, 193, 194, 348, 388]",1.925633,0.000721
serie_2,797,"[10, 81, 144, 204, 246, 283, 313, 456, 490]",1.725023,0.000703
serie_2,798,"[5, 11, 162, 223, 235, 313, 401, 426, 483]",1.898864,0.000680
serie_2,799,"[70, 105, 150, 185, 250, 348, 403, 481, 494]",1.559737,0.000659
serie_2,800,"[129, 133, 136, 296, 306, 368, 370, 405, 483]",2.038789,0.000689
serie_2,801,"[9, 20, 97, 114, 231, 305, 373, 454, 490]",1.859937,0.000697
serie_2,802,"[7, 37, 179, 269, 316, 411, 422, 480, 494]",1.911729,0.000685
serie_2,803,"[85, 187, 204, 276, 285, 301, 421, 447, 465]",1.811016,0.000706
serie_2,804,"[6, 32, 46, 156, 230, 263, 348, 452, 453]",1.675036,0.000679
serie_2,805,"[102, 148, 187, 195, 221, 249, 317, 477, 490]",1.866825,0.000665
serie_2,806,"[80, 136, 144, 184, 295, 392, 432, 445, 497]",1.683920,0.000682
serie_2,807,"[112, 298, 381, 396, 440, 478, 482, 497, 499]",1.897739,0.000678
serie_2,808,"[64, 65, 89, 255, 293, 347, 357, 374, 497]",1.942064,0.000670
serie_2,809,"[9, 47, 155, 270, 279, 312, 318, 412, 493]",1.792860,0.000685
serie_2,810,"[189, 195, 198, 217, 220, 340, 364, 381, 478]",2.254572,0.000682
serie_2,811,"[129, 133, 184, 189, 230, 262, 317, 374, 394]",1.763727,0.000674
serie_2,812,"[99, 207, 224, 246, 328, 329, 393, 450, 470]",1.644652,0.000667
serie_2,813,"[95, 185, 209, 278, 292, 304, 345, 415, 457]",1.562467,0.000683
serie_2,814,"[104, 141, 176, 182, 202, 339, 370, 448, 492]",1.803104,0.000679
serie_2,815,"[55, 105, 158, 177, 279, 304, 313, 416, 469]",1.757258,0.000659
serie_2,816,"[74, 181, 183, 196, 352, 371, 427, 435, 451]",1.931077,0.000686
serie_2,817,"[10, 171, 195, 198, 315, 332, 398, 431, 490]",1.983393,0.000675
serie_2,818,"[46, 102, 297, 321, 331, 376, 470, 477, 497]",1.887059,0.000663
serie_2,819,"[6, 41, 94, 171, 232, 250, 279, 286, 363]",1.860552,0.000685
serie_2,820,"[210, 217, 240, 368, 369, 392, 394, 401, 437]",2.056463,0.000685
serie_2,821,"[15, 195, 244, 250, 274, 280, 376, 437, 467]",1.972349,0.000665
serie_2,822,"[8, 44, 72, 107, 145, 176, 340, 380, 397]",1.762676,0.000725
serie_2,823,"[52, 91, 110, 114, 179, 199, 381, 403, 452]",1.833979,0.000703
serie_2,824,"[52, 73, 95, 113, 143, 182, 384, 420, 498]",1.885783,0.000668
serie_2,825,"[41, 77, 159, 188, 248, 323, 387, 421, 443]",1.437864,0.000685
serie_2,826,"[95, 140, 148, 174, 201, 227, 314, 364, 376]",1.862273,0.000677
serie_2,827,"[29, 65, 240, 243, 292, 349, 358, 435, 447]",1.692330,0.000674
serie_2,828,"[18, 243, 283, 292, 303, 368, 392, 484, 495]",2.110090,0.000663
serie_2,829,"[16, 20, 67, 117, 125, 142, 369, 477, 486]",2.105289,0.000669
serie_2,830,"[9, 193, 236, 238, 242, 252, 255, 278, 327]",2.128449,0.000674
serie_2,831,"[23, 73, 154, 340, 367, 380, 407, 416, 499]",1.766120,0.000660
serie_2,832,"[2, 187, 232, 285, 304, 313, 364, 465, 492]",1.938423,0.000672
serie_2,833,"[44, 84, 94, 139, 248, 270, 275, 360, 474]",1.879878,0.000662
serie_2,834,"[1, 82, 129, 152, 183, 278, 430, 462, 495]",1.993313,0.000663
serie_2,835,"[63, 179, 180, 225, 330, 353, 356, 423, 457]",1.861974,0.000671
serie_2,836,"[55, 56, 228, 251, 261, 267, 278, 420, 488]",2.021001,0.000674
serie_2,837,"[71, 72, 74, 119, 180, 183, 250, 265, 400]",1.895499,0.000662
serie_2,838,"[31, 43, 329, 331, 354, 401, 426, 477, 490]",1.940897,0.000674
serie_2,839,"[128, 132, 307, 366, 409, 411, 419, 476, 485]",1.990813,0.000668
serie_2,840,"[3, 24, 26, 154, 160, 164, 225, 237, 435]",2.194670,0.000663
serie_2,841,"[115, 146, 169, 186, 286, 364, 403, 437, 484]",1.802073,0.000669
serie_2,842,"[48, 78, 214, 269, 294, 400, 433, 448, 469]",1.602911,0.000671
serie_2,843,"[135, 158, 263, 284, 400, 453, 461, 483, 499]",2.087645,0.000660
serie_2,844,"[34, 85, 112, 133, 276, 335, 385, 482, 498]",1.829310,0.000670
serie_2,845,"[155, 203, 227, 333, 345, 381, 413, 432, 478]",1.970683,0.000678
serie_2,846,"[86, 146, 178, 214, 277, 300, 351, 444, 495]",1.432496,0.000661
serie_2,847,"[26, 69, 116, 164, 216, 245, 384, 392, 461]",1.791899,0.000668
serie_2,848,"[158, 176, 180, 241, 312, 325, 349, 455, 471]",1.990030,0.000671
serie_2,849,"[30, 42, 68, 101, 115, 182, 246, 449, 488]",1.819034,0.000662
serie_2,850,"[69, 117, 145, 197, 223, 348, 364, 454, 479]",1.740824,0.000668
serie_2,851,"[62, 83, 108, 187, 226, 232, 269, 308, 466]",1.716540,0.000671
serie_2,852,"[18, 127, 131, 153, 195, 276, 302, 398, 458]",1.817453,0.000658
serie_2,853,"[26, 89, 151, 155, 268, 271, 321, 460, 462]",1.906485,0.000676
serie_2,854,"[67, 120, 159, 205, 212, 222, 234, 239, 402]",1.882820,0.000670
serie_2,855,"[64, 78, 174, 313, 314, 378, 388, 393, 407]",1.901114,0.000683
serie_2,856,"[162, 219, 223, 296, 308, 318, 372, 440, 498]",1.821976,0.000654
serie_2,857,"[28, 166, 188, 197, 231, 399, 440, 470, 493]",2.028765,0.000679
serie_2,858,"[11, 56, 200, 247, 261, 296, 320, 350, 499]",1.933729,0.000672
serie_2,859,"[34, 41, 129, 132, 176, 235, 332, 440, 446]",1.916700,0.000659
serie_2,860,"[49, 60, 187, 247, 288, 312, 364, 402, 480]",1.648571,0.000667
serie_2,861,"[85, 100, 186, 214, 244, 298, 395, 448, 467]",1.509321,0.000662
serie_2,862,"[58, 90, 125, 138, 176, 205, 227, 484, 491]",2.028966,0.000680
serie_2,863,"[31, 97, 115, 118, 303, 309, 311, 387, 459]",1.846811,0.000684
serie_2,864,"[1, 65, 143, 164, 260, 293, 323, 362, 452]",1.552510,0.000687
serie_2,865,"[78, 153, 157, 223, 229, 244, 265, 386, 428]",1.880882,0.000661
serie_2,866,"[43, 72, 102, 198, 343, 385, 396, 431, 478]",1.652735,0.000673
serie_2,867,"[8, 76, 97, 184, 251, 273, 370, 442, 468]",1.703018,0.000667
serie_2,868,"[48, 84, 181, 283, 298, 334, 373, 379, 409]",1.719446,0.000661
serie_2,869,"[114, 167, 180, 185, 233, 234, 237, 364, 371]",2.094756,0.000670
serie_2,870,"[21, 61, 113, 173, 345, 351, 397, 419, 466]",1.688428,0.000684
serie_2,871,"[7, 74, 152, 183, 189, 279, 426, 492, 496]",1.922623,0.000650
serie_2,872,"[81, 138, 142, 223, 315, 411, 458, 468, 495]",1.811828,0.000685
serie_2,873,"[8, 69, 95, 105, 136, 183, 212, 251, 419]",1.787560,0.000676
serie_2,874,"[59, 84, 114, 121, 169, 196, 309, 343, 495]",1.883445,0.000669
serie_2,875,"[22, 97, 184, 225, 347, 403, 414, 439, 485]",1.703744,0.000669
serie_2,876,"[54, 198, 254, 300, 305, 361, 384, 441, 483]",1.656827,0.000667
serie_2,877,"[89, 95, 126, 144, 164, 180, 354, 388, 445]",1.839911,0.000665
serie_2,878,"[18, 90, 216, 252, 259, 360, 374, 409, 495]",1.646351,0.000667
serie_2,879,"[9, 83, 232, 303, 427, 468, 484, 488, 489]",1.990909,0.000673
serie_2,880,"[100, 170, 216, 236, 240, 259, 340, 453, 483]",1.651633,0.000654
serie_2,881,"[18, 75, 141, 299, 328, 361, 368, 404, 460]",1.631319,0.000667
serie_2,882,"[188, 196, 209, 270, 284, 315, 340, 376, 417]",1.779483,0.000667
serie_2,883,"[87, 105, 178, 224, 257, 294, 300, 363, 473]",1.669747,0.000656
serie_2,884,"[16, 52, 87, 93, 160, 173, 260, 422, 472]",1.925755,0.000670
serie_2,885,"[50, 69, 100, 174, 186, 232, 238, 326, 392]",1.676338,0.000685
serie_2,886,"[19, 59, 70, 121, 150, 244, 377, 436, 439]",1.749970,0.000659
serie_2,887,"[32, 75, 131, 162, 347, 393, 401, 444, 478]",1.689851,0.000670
serie_2,888,"[71, 144, 150, 273, 302, 364, 462, 471, 474]",1.868461,0.000682
serie_2,889,"[15, 98, 301, 318, 365, 385, 442, 462, 464]",1.718707,0.000672
serie_2,890,"[50, 99, 117, 216, 220, 230, 257, 259, 273]",2.031556,0.000649
serie_2,891,"[47, 84, 286, 320, 364, 376, 421, 434, 492]",1.681055,0.000698
serie_2,892,"[27, 73, 139, 157, 299, 315, 326, 406, 488]",1.696279,0.000675
serie_2,893,"[75, 79, 184, 253, 261, 284, 323, 397, 473]",1.737705,0.000659
serie_2,894,"[8, 147, 163, 173, 231, 337, 345, 392, 497]",2.098255,0.000683
serie_2,895,"[23, 33, 82, 133, 161, 359, 404, 459, 470]",1.741905,0.000674
serie_2,896,"[70, 177, 180, 193, 269, 395, 431, 456, 476]",2.004456,0.000660
serie_2,897,"[32, 63, 83, 332, 361, 418, 422, 434, 436]",1.879094,0.000669
serie_2,898,"[90, 108, 165, 271, 289, 330, 347, 357, 368]",1.967591,0.000682
serie_2,899,"[94, 101, 127, 138, 280, 322, 420, 463, 476]",1.922855,0.000643
serie_2,900,"[22, 115, 150, 173, 318, 385, 450, 463, 465]",1.940241,0.000658
serie_2,901,"[100, 150, 167, 252, 269, 274, 438, 459, 483]",1.920211,0.000650
serie_2,902,"[103, 108, 128, 216, 218, 261, 263, 354, 476]",1.939679,0.000637
serie_2,903,"[126, 153, 226, 294, 313, 342, 357, 401, 466]",1.792680,0.000648
serie_2,904,"[111, 151, 187, 246, 280, 321, 373, 375, 389]",1.708088,0.000647
serie_2,905,"[39, 102, 129, 130, 145, 168, 320, 421, 428]",2.027091,0.000639
serie_2,906,"[190, 196, 225, 251, 352, 360, 364, 385, 397]",1.923674,0.000694
serie_2,907,"[8, 19, 61, 71, 293, 336, 370, 373, 469]",2.032241,0.000695
serie_2,908,"[23, 78, 267, 327, 399, 401, 462, 483, 497]",1.764249,0.000668
serie_2,909,"[202, 216, 265, 297, 309, 311, 351, 429, 494]",1.822815,0.000669
serie_2,910,"[45, 72, 158, 298, 326, 333, 355, 445, 455]",1.719809,0.000673
serie_2,911,"[260, 291, 292, 383, 391, 392, 426, 479, 493]",2.040038,0.000657
serie_2,912,"[50, 77, 92, 126, 211, 213, 215, 225, 458]",1.977836,0.000670
serie_2,913,"[6, 144, 192, 264, 333, 344, 390, 434, 448]",1.830820,0.000671
serie_2,914,"[106, 197, 274, 279, 308, 332, 411, 461, 493]",1.547933,0.000657
serie_2,915,"[53, 122, 138, 199, 208, 253, 341, 430, 443]",1.626034,0.000667
serie_2,916,"[147, 151, 176, 241, 280, 282, 291, 362, 386]",2.022753,0.000663
serie_2,917,"[27, 96, 111, 121, 370, 377, 407, 456, 465]",1.935524,0.000666
serie_2,918,"[3, 81, 143, 145, 166, 178, 318, 432, 470]",2.030269,0.000672
serie_2,919,"[107, 127, 216, 253, 271, 334, 371, 444, 483]",1.579567,0.000664
serie_2,920,"[72, 74, 118, 193, 223, 337, 373, 448, 455]",1.710473,0.000665
serie_2,921,"[26, 77, 130, 199, 214, 265, 279, 312, 327]",1.667147,0.000667
serie_2,922,"[3, 14, 68, 121, 253, 289, 411, 463, 484]",1.640574,0.000670
serie_2,923,"[13, 64, 198, 201, 209, 223, 232, 290, 357]",1.992424,0.000692
serie_2,924,"[17, 101, 118, 181, 248, 285, 318, 400, 491]",1.476624,0.000670
serie_2,925,"[15, 25, 54, 60, 149, 150, 191, 319, 407]",1.770619,0.000671
serie_2,926,"[68, 76, 122, 217, 236, 249, 345, 388, 421]",1.623829,0.000654
serie_2,927,"[99, 135, 238, 260, 294, 400, 419, 427, 474]",1.622470,0.000657
serie_2,928,"[56, 59, 101, 229, 274, 277, 366, 476, 492]",2.063001,0.000652
serie_2,929,"[68, 99, 165, 198, 206, 265, 300, 340, 342]",1.783718,0.000643
serie_2,930,"[19, 137, 202, 225, 275, 308, 313, 408, 425]",1.852950,0.000666
serie_2,931,"[88, 137, 149, 158, 350, 386, 401, 405, 437]",1.801922,0.000655
serie_2,932,"[80, 123, 200, 205, 213, 235, 305, 358, 453]",1.616942,0.000645
serie_2,933,"[90, 140, 217, 287, 332, 339, 407, 459, 475]",1.561510,0.000650
serie_2,934,"[38, 103, 154, 171, 271, 307, 397, 413, 414]",1.667138,0.000654
serie_2,935,"[188, 191, 198, 239, 299, 324, 342, 369, 478]",2.101608,0.000641
serie_2,936,"[162, 190, 194, 281, 283, 305, 348, 437, 456]",1.922578,0.000657
serie_2,937,"[42, 71, 84, 233, 259, 333, 401, 421, 444]",1.598530,0.000663
serie_2,938,"[86, 124, 155, 274, 313, 369, 394, 418, 483]",1.598078,0.000649
serie_2,939,"[77, 205, 251, 304, 309, 320, 337, 451, 489]",1.852873,0.000694
serie_2,940,"[19, 76, 92, 100, 192, 281, 291, 409, 417]",1.615433,0.000692
serie_2,941,"[19, 39, 135, 160, 161, 183, 189, 403, 439]",2.028344,0.000673
serie_2,942,"[51, 84, 91, 119, 136, 228, 288, 294, 399]",1.654289,0.000675
serie_2,943,"[148, 181, 225, 302, 346, 386, 389, 419, 485]",1.825028,0.000685
serie_2,944,"[74, 159, 254, 268, 283, 296, 309, 382, 479]",1.775276,0.000672
serie_2,945,"[3, 19, 58, 105, 225, 349, 363, 418, 436]",1.813898,0.000663
serie_2,946,"[17, 69, 94, 109, 146, 171, 203, 238, 305]",1.819175,0.000674
serie_2,947,"[8, 132, 179, 189, 357, 361, 404, 450, 453]",2.063272,0.000672
serie_2,948,"[31, 75, 110, 167, 349, 363, 415, 427, 461]",1.636272,0.000663
serie_2,949,"[48, 125, 151, 175, 211, 255, 257, 353, 493]",1.825356,0.000676
serie_2,950,"[29, 64, 205, 274, 353, 374, 450, 471, 474]",1.722063,0.000675
serie_2,951,"[32, 63, 105, 137, 233, 259, 307, 393, 438]",1.438074,0.000660
serie_2,952,"[2, 89, 92, 174, 227, 285, 308, 391, 476]",1.638413,0.000678
serie_2,953,"[28, 94, 103, 121, 219, 224, 281, 376, 464]",1.908127,0.000668
serie_2,954,"[48, 92, 99, 143, 221, 250, 324, 327, 402]",1.611772,0.000661
serie_2,955,"[83, 263, 267, 322, 324, 362, 370, 429, 487]",1.688464,0.000676
serie_2,956,"[11, 122, 129, 169, 290, 354, 367, 451, 475]",1.990683,0.000670
serie_2,957,"[37, 94, 142, 168, 226, 319, 428, 442, 455]",1.862336,0.000665
serie_2,958,"[45, 53, 111, 187, 189, 255, 287, 328, 367]",1.742814,0.000676
serie_2,959,"[2, 43, 85, 233, 304, 330, 411, 441, 478]",1.746239,0.000688
serie_2,960,"[39, 56, 197, 214, 221, 332, 389, 429, 487]",1.882278,0.000654
serie_2,961,"[4, 15, 47, 101, 121, 174, 220, 394, 420]",1.821684,0.000657
serie_2,962,"[24, 27, 75, 148, 391, 399, 407, 465, 493]",1.949365,0.000654
serie_2,963,"[5, 256, 313, 346, 374, 402, 437, 451, 472]",1.926477,0.000641
serie_2,964,"[128, 153, 188, 248, 257, 457, 458, 461, 473]",2.176048,0.000655
serie_2,965,"[25, 107, 228, 252, 340, 372, 385, 441, 467]",1.661715,0.000648
serie_2,966,"[39, 153, 166, 167, 250, 325, 403, 424, 459]",1.660216,0.000642
serie_2,967,"[56, 113, 153, 190, 194, 202, 210, 385, 480]",2.040545,0.000657
serie_2,968,"[36, 110, 135, 138, 139, 151, 231, 374, 444]",1.921805,0.000650
serie_2,969,"[90, 116, 146, 189, 227, 260, 261, 374, 415]",1.727542,0.000643
serie_2,970,"[66, 147, 204, 317, 346, 413, 429, 445, 449]",1.732437,0.000647
serie_2,971,"[59, 86, 106, 152, 161, 211, 227, 281, 461]",1.767291,0.000652
serie_2,972,"[48, 57, 118, 200, 211, 305, 444, 464, 478]",1.881204,0.000648
serie_2,973,"[6, 206, 216, 248, 295, 310, 326, 392, 469]",1.945774,0.000707
serie_2,974,"[151, 167, 169, 236, 332, 346, 347, 438, 453]",2.015451,0.000696
serie_2,975,"[45, 149, 179, 255, 302, 349, 355, 375, 497]",1.852534,0.000660
serie_2,976,"[56, 62, 89, 105, 176, 223, 240, 269, 277]",1.878721,0.000675
serie_2,977,"[16, 36, 98, 202, 235, 252, 270, 287, 442]",1.820287,0.000679
serie_2,978,"[26, 78, 163, 200, 243, 283, 308, 356, 457]",1.471495,0.000662
serie_2,979,"[19, 38, 194, 199, 259, 267, 333, 435, 496]",1.917922,0.000674
serie_2,980,"[38, 67, 77, 119, 134, 138, 271, 313, 407]",1.703713,0.000674
serie_2,981,"[3, 26, 85, 208, 254, 319, 320, 335, 412]",1.591453,0.000660
serie_2,982,"[152, 158, 284, 293, 324, 344, 411, 445, 480]",2.032450,0.000683
serie_2,983,"[55, 66, 89, 104, 194, 218, 271, 376, 490]",1.904586,0.000678
serie_2,984,"[56, 66, 112, 130, 220, 325, 378, 413, 469]",1.772733,0.000682
serie_2,985,"[3, 8, 239, 243, 284, 296, 298, 448, 499]",2.295675,0.000646
serie_2,986,"[35, 55, 98, 147, 164, 187, 420, 445, 489]",1.901959,0.000668
serie_2,987,"[29, 95, 138, 377, 402, 433, 461, 469, 487]",1.917831,0.000648
serie_2,988,"[39, 83, 93, 156, 210, 247, 317, 336, 362]",1.768425,0.000648
serie_2,989,"[107, 187, 242, 260, 266, 287, 331, 380, 407]",1.478347,0.000646
serie_2,990,"[17, 150, 220, 260, 285, 287, 325, 352, 384]",1.992197,0.000651
serie_2,991,"[46, 69, 92, 134, 213, 242, 272, 306, 472]",1.783480,0.000648
serie_2,992,"[35, 72, 174, 211, 308, 309, 320, 430, 470]",1.929960,0.000649
serie_2,993,"[20, 25, 186, 294, 308, 344, 406, 425, 446]",1.963513,0.000644
serie_2,994,"[89, 122, 124, 155, 246, 325, 349, 384, 460]",1.668422,0.000650
serie_2,995,"[58, 62, 93, 103, 213, 315, 378, 415, 438]",1.675472,0.000650
serie_2,996,"[12, 70, 89, 109, 136, 188, 249, 289, 331]",1.719561,0.000649
serie_2,997,"[70, 72, 89, 136, 150, 156, 378, 387, 425]",1.986975,0.000654
serie_2,998,"[125, 241, 308, 332, 334, 355, 398, 410, 420]",1.971334,0.000683
serie_2,999,"[65, 121, 135, 210, 213, 281, 329, 358, 382]",1.652225,0.000691
serie_2,1000,"[74, 211, 340, 343, 380, 392, 415, 433, 464]",1.959633,0.000666
serie_3,1,"[196, 236, 258, 304, 398, 400, 420, 436, 506, 510, 517, 591, 670, 693, 847, 848, 902, 912, 974]",0.955268,0.001152
serie_3,2,"[48, 205, 225, 295, 303, 351, 371, 390, 418, 547, 660, 696, 707, 751, 858, 916, 929, 959, 986]",0.955226,0.001120
serie_3,3,"[4, 62, 84, 88, 129, 131, 246, 411, 428, 440, 572, 632, 641, 659, 727, 878, 879, 941, 991]",0.954123,0.001107
serie_3,4,"[47, 64, 166, 200, 303, 413, 491, 562, 596, 642, 738, 765, 803, 824, 859, 880, 956, 973, 991]",0.955662,0.001061
serie_3,5,"[13, 85, 140, 348, 392, 424, 434, 475, 508, 532, 540, 572, 625, 635, 701, 756, 879, 923, 980]",0.955834,0.001080
serie_3,6,"[17, 164, 274, 371, 395, 436, 528, 574, 584, 602, 612, 681, 702, 733, 756, 825, 833, 938, 977]",0.956910,0.001070
serie_3,7,"[200, 219, 261, 279, 285, 323, 352, 450, 523, 552, 553, 662, 702, 710, 737, 782, 823, 959, 967]",0.958638,0.001069
serie_3,8,"[92, 99, 131, 203, 209, 302, 377, 439, 473, 475, 539, 702, 767, 809, 891, 894, 908, 925, 974]",0.958392,0.001080
serie_3,9,"[17, 69, 264, 318, 329, 361, 412, 475, 539, 682, 718, 773, 820, 837, 839, 840, 857, 927, 982]",0.959360,0.001054
serie_3,10,"[1, 43, 88, 124, 156, 159, 211, 287, 311, 348, 401, 526, 530, 573, 692, 749, 753, 841, 997]",0.958288,0.001053
serie_3,11,"[4, 57, 108, 142, 170, 366, 367, 392, 397, 449, 618, 633, 800, 831, 844, 889, 909, 963, 972]",0.961504,0.001054
serie_3,12,"[32, 59, 127, 187, 189, 205, 227, 364, 450, 456, 531, 550, 660, 746, 763, 823, 947, 991, 992]",0.958685,0.001067
serie_3,13,"[60, 88, 90, 106, 175, 179, 190, 199, 226, 362, 380, 461, 498, 543, 666, 762, 849, 964, 990]",0.962267,0.001052
serie_3,14,"[30, 35, 43, 62, 105, 137, 140, 168, 174, 355, 373, 525, 602, 630, 679, 779, 795, 822, 968]",0.957683,0.001080
serie_3,15,"[139, 197, 213, 217, 338, 391, 449, 505, 582, 668, 687, 698, 813, 831, 842, 861, 890, 909, 920]",0.959345,0.001067
serie_3,16,"[74, 104, 132, 171, 178, 217, 229, 247, 415, 446, 497, 522, 626, 640, 686, 757, 762, 847, 891]",0.957011,0.001064
serie_3,17,"[161, 176, 211, 285, 378, 413, 464, 472, 559, 576, 618, 667, 708, 716, 749, 779, 831, 969, 993]",0.960295,0.001059
serie_3,18,"[7, 109, 176, 204, 284, 313, 398, 457, 459, 491, 625, 645, 741, 746, 755, 816, 850, 951, 984]",0.958423,0.001057
serie_3,19,"[1, 70, 83, 127, 140, 282, 319, 392, 404, 475, 667, 705, 732, 739, 744, 774, 808, 941, 958]",0.962956,0.001071
serie_3,20,"[24, 58, 85, 113, 150, 179, 210, 248, 440, 451, 512, 551, 630, 763, 775, 823, 881, 953, 977]",0.953572,0.001101
serie_3,21,"[133, 146, 202, 204, 238, 264, 275, 288, 289, 360, 436, 500, 580, 588, 636, 721, 756, 830, 923]",0.962846,0.001058
serie_3,22,"[34, 67, 185, 283, 361, 407, 457, 502, 524, 563, 591, 709, 733, 769, 803, 880, 906, 987, 992]",0.957066,0.001060
serie_3,23,"[27, 29, 78, 187, 302, 318, 336, 362, 396, 408, 445, 583, 586, 710, 747, 783, 922, 923, 966]",0.957908,0.001073
serie_3,24,"[18, 125, 165, 201, 222, 343, 451, 454, 482, 649, 700, 706, 727, 836, 856, 869, 919, 926, 987]",0.961552,0.001067
serie_3,25,"[111, 116, 136, 278, 315, 355, 447, 448, 493, 536, 729, 766, 867, 877, 887, 931, 934, 969, 993]",0.953937,0.001057
serie_3,26,"[143, 195, 272, 308, 418, 430, 534, 541, 558, 589, 612, 792, 809, 846, 873, 912, 918, 920, 957]",0.962818,0.001073
serie_3,27,"[183, 219, 254, 297, 349, 397, 403, 448, 533, 570, 602, 637, 665, 684, 722, 755, 802, 949, 987]",0.958173,0.001104
serie_3,28,"[35, 78, 109, 168, 254, 431, 506, 530, 627, 655, 667, 670, 708, 754, 761, 764, 775, 794, 836]",0.960463,0.001074
serie_3,29,"[110, 124, 182, 364, 394, 411, 432, 480, 518, 524, 571, 642, 661, 667, 780, 820, 823, 935, 947]",0.962476,0.001057
serie_3,30,"[7, 34, 37, 45, 72, 77, 140, 153, 187, 338, 359, 431, 496, 565, 588, 640, 801, 833, 936]",0.961582,0.001073
serie_3,31,"[131, 138, 147, 187, 235, 240, 276, 341, 417, 488, 498, 518, 546, 581, 864, 883, 951, 953, 958]",0.962311,0.001071
serie_3,32,"[16, 95, 176, 185, 266, 400, 472, 717, 736, 754, 764, 772, 786, 801, 808, 865, 895, 916, 982]",0.958962,0.001068
serie_3,33,"[4, 49, 128, 183, 213, 264, 278, 331, 389, 507, 517, 574, 681, 729, 843, 917, 961, 966, 993]",0.957066,0.001056
serie_3,34,"[61, 90, 101, 133, 143, 211, 313, 332, 447, 471, 493, 501, 504, 530, 627, 705, 774, 812, 861]",0.963081,0.001074
serie_3,35,"[45, 66, 109, 158, 163, 179, 270, 303, 408, 429, 466, 512, 525, 616, 624, 653, 664, 856, 869]",0.958020,0.001058
serie_3,36,"[34, 79, 149, 216, 234, 319, 337, 358, 471, 569, 699, 739, 748, 797, 804, 863, 900, 956, 992]",0.961003,0.001053
serie_3,37,"[96, 102, 103, 122, 233, 237, 301, 318, 331, 356, 369, 416, 421, 644, 789, 797, 840, 844, 888]",0.963933,0.001063
serie_3,38,"[11, 91, 145, 214, 252, 281, 283, 393, 430, 478, 562, 582, 608, 625, 690, 698, 700, 705, 946]",0.956503,0.001069
serie_3,39,"[4, 7, 126, 262, 324, 403, 465, 480, 512, 556, 557, 623, 680, 696, 716, 844, 870, 909, 976]",0.956650,0.001054
serie_3,40,"[15, 93, 153, 401, 413, 431, 444, 615, 621, 628, 689, 701, 721, 754, 758, 785, 823, 879, 977]",0.954563,0.001061
serie_3,41,"[38, 48, 82, 116, 130, 152, 240, 278, 287, 306, 348, 356, 442, 489, 685, 855, 886, 922, 964]",0.961592,0.001108
serie_3,42,"[64, 106, 222, 245, 246, 278, 294, 328, 330, 332, 370, 384, 425, 530, 544, 666, 669, 725, 820]",0.958587,0.001114
serie_3,43,"[62, 123, 196, 226, 266, 292, 343, 450, 456, 476, 547, 557, 569, 600, 683, 774, 790, 969, 978]",0.960604,0.001087
serie_3,44,"[30, 100, 142, 367, 401, 422, 443, 458, 466, 531, 624, 633, 706, 723, 745, 770, 918, 936, 960]",0.956324,0.001093
serie_3,45,"[9, 75, 79, 125, 177, 230, 326, 399, 501, 537, 566, 663, 696, 734, 745, 763, 765, 826, 983]",0.959865,0.001096
serie_3,46,"[72, 178, 268, 297, 386, 395, 397, 440, 462, 513, 525, 610, 655, 669, 864, 895, 945, 960, 975]",0.956361,0.001090
serie_3,47,"[4, 11, 136, 270, 287, 461, 487, 520, 564, 754, 789, 801, 868, 888, 906, 933, 956, 963, 980]",0.954648,0.001091
serie_3,48,"[81, 91, 128, 176, 240, 354, 475, 476, 480, 492, 553, 599, 605, 612, 704, 717, 773, 880, 944]",0.957578,0.001080
serie_3,49,"[14, 33, 36, 243, 260, 305, 319, 333, 447, 607, 656, 681, 753, 903, 938, 958, 967, 970, 991]",0.954116,0.001111
serie_3,50,"[102, 138, 178, 315, 317, 461, 480, 485, 510, 568, 671, 676, 693, 755, 793, 815, 853, 935, 989]",0.958600,0.001095
serie_3,51,"[10, 45, 51, 67, 192, 195, 276, 296, 325, 415, 467, 525, 538, 566, 711, 764, 779, 840, 884]",0.960112,0.001084
serie_3,52,"[38, 148, 213, 271, 344, 455, 464, 484, 515, 534, 558, 567, 569, 634, 646, 697, 768, 902, 945]",0.959644,0.001124
serie_3,53,"[88, 132, 198, 215, 267, 380, 402, 418, 423, 472, 543, 604, 682, 704, 879, 912, 952, 963, 979]",0.952158,0.001080
serie_3,54,"[9, 115, 204, 282, 311, 316, 336, 381, 453, 591, 641, 700, 730, 744, 760, 763, 839, 852, 943]",0.959764,0.001055
serie_3,55,"[16, 19, 54, 60, 76, 108, 205, 298, 339, 383, 480, 504, 508, 579, 795, 856, 885, 908, 989]",0.961345,0.001056
serie_3,56,"[29, 89, 231, 237, 352, 386, 405, 479, 582, 690, 712, 780, 868, 887, 891, 915, 932, 952, 972]",0.960771,0.001064
serie_3,57,"[17, 31, 50, 118, 138, 151, 156, 274, 276, 298, 309, 340, 403, 427, 483, 567, 824, 885, 999]",0.960520,0.001059
serie_3,58,"[108, 135, 143, 174, 262, 286, 295, 309, 315, 350, 398, 424, 534, 537, 579, 599, 759, 850, 978]",0.957889,0.001055
serie_3,59,"[25, 50, 74, 86, 96, 100, 103, 284, 304, 346, 440, 450, 496, 556, 775, 963, 992, 993, 997]",0.959486,0.001049
serie_3,60,"[26, 32, 78, 148, 171, 181, 376, 415, 443, 491, 542, 544, 607, 626, 668, 683, 693, 844, 893]",0.952865,0.001068
serie_3,61,"[209, 237, 297, 358, 374, 396, 398, 455, 495, 516, 656, 672, 716, 732, 765, 845, 851, 978, 992]",0.960092,0.001052
serie_3,62,"[15, 48, 49, 81, 94, 179, 327, 410, 479, 524, 534, 551, 636, 686, 742, 871, 934, 945, 958]",0.961551,0.001053
serie_3,63,"[144, 216, 226, 342, 365, 398, 442, 477, 716, 725, 751, 758, 765, 788, 791, 814, 851, 975, 987]",0.959201,0.001059
serie_3,64,"[42, 291, 308, 374, 409, 459, 496, 596, 611, 628, 639, 768, 769, 772, 827, 875, 908, 929, 970]",0.955024,0.001076
serie_3,65,"[28, 68, 76, 98, 146, 222, 251, 295, 331, 371, 382, 433, 489, 643, 705, 727, 739, 829, 838]",0.959342,0.001063
serie_3,66,"[33, 52, 66, 70, 75, 77, 181, 249, 274, 383, 421, 476, 512, 612, 773, 797, 841, 866, 872]",0.963955,0.001059
serie_3,67,"[27, 46, 226, 231, 245, 262, 274, 280, 299, 368, 443, 511, 686, 713, 731, 829, 856, 942, 956]",0.960735,0.001069
serie_3,68,"[107, 117, 174, 304, 306, 381, 417, 536, 563, 612, 630, 708, 719, 729, 780, 788, 881, 899, 920]",0.962141,0.001059
serie_3,69,"[19, 20, 33, 80, 102, 161, 234, 245, 251, 281, 295, 415, 624, 676, 688, 758, 769, 939, 994]",0.964153,0.001080
serie_3,70,"[49, 53, 108, 193, 204, 288, 405, 415, 424, 488, 491, 514, 610, 637, 868, 875, 942, 951, 970]",0.952019,0.001096
serie_3,71,"[72, 113, 144, 176, 296, 301, 320, 355, 592, 632, 677, 760, 781, 808, 813, 832, 934, 939, 957]",0.963683,0.001114
serie_3,72,"[118, 119, 120, 210, 239, 261, 313, 320, 350, 437, 461, 501, 584, 619, 693, 695, 730, 917, 963]",0.957809,0.001113
serie_3,73,"[15, 159, 213, 228, 325, 416, 437, 478, 484, 537, 582, 597, 647, 724, 845, 846, 864, 893, 914]",0.950254,0.001091
serie_3,74,"[71, 83, 334, 427, 442, 517, 518, 520, 596, 609, 618, 641, 679, 689, 691, 825, 841, 938, 965]",0.962034,0.001124
serie_3,75,"[132, 160, 171, 234, 301, 309, 412, 419, 423, 457, 495, 625, 638, 677, 716, 915, 949, 968, 993]",0.955635,0.001104
serie_3,76,"[54, 91, 156, 211, 279, 319, 480, 531, 588, 648, 692, 700, 702, 817, 837, 894, 921, 926, 927]",0.961040,0.001125
serie_3,77,"[32, 93, 137, 254, 303, 340, 384, 509, 543, 600, 631, 703, 734, 797, 833, 839, 900, 949, 961]",0.961182,0.001100
serie_3,78,"[152, 219, 257, 269, 427, 483, 522, 588, 611, 700, 703, 720, 721, 753, 892, 894, 906, 948, 951]",0.960619,0.001113
serie_3,79,"[6, 140, 295, 372, 411, 412, 470, 487, 541, 610, 614, 703, 727, 815, 819, 826, 852, 936, 955]",0.962027,0.001102
serie_3,80,"[30, 31, 62, 176, 210, 320, 331, 398, 432, 552, 605, 722, 743, 752, 896, 906, 946, 958, 980]",0.958533,0.001124
serie_3,81,"[38, 116, 215, 234, 257, 279, 307, 338, 463, 495, 511, 622, 644, 653, 662, 774, 915, 935, 980]",0.958437,0.001094
serie_3,82,"[9, 45, 115, 175, 177, 239, 443, 538, 558, 613, 671, 683, 799, 893, 929, 937, 940, 952, 985]",0.960457,0.001290
serie_3,83,"[25, 133, 171, 257, 357, 377, 379, 437, 514, 548, 596, 611, 669, 692, 811, 846, 881, 936, 991]",0.956138,0.001106
serie_3,84,"[37, 207, 226, 320, 383, 394, 461, 526, 612, 688, 723, 738, 818, 868, 908, 921, 946, 950, 966]",0.957302,0.001095
serie_3,85,"[22, 96, 162, 197, 268, 270, 325, 378, 550, 558, 572, 580, 696, 728, 803, 813, 840, 952, 990]",0.961299,0.001093
serie_3,86,"[56, 146, 171, 231, 326, 371, 486, 541, 556, 620, 645, 681, 683, 686, 802, 815, 858, 989, 995]",0.963522,0.001068
serie_3,87,"[46, 60, 133, 176, 280, 350, 383, 456, 489, 587, 624, 641, 655, 706, 709, 726, 755, 841, 980]",0.958385,0.001061
serie_3,88,"[33, 41, 100, 134, 187, 247, 278, 299, 379, 389, 521, 523, 566, 572, 688, 758, 801, 894, 978]",0.955189,0.001066
serie_3,89,"[8, 36, 51, 98, 159, 192, 194, 279, 348, 431, 444, 486, 493, 494, 629, 764, 870, 934, 980]",0.959619,0.001067
serie_3,90,"[62, 196, 309, 469, 545, 572, 580, 601, 665, 706, 735, 742, 760, 829, 905, 907, 921, 937, 984]",0.960246,0.001068
serie_3,91,"[81, 189, 215, 414, 438, 495, 501, 513, 563, 605, 617, 654, 660, 675, 676, 838, 859, 947, 983]",0.956115,0.001050
serie_3,92,"[21, 52, 75, 161, 203, 205, 243, 355, 412, 506, 542, 635, 706, 756, 764, 775, 839, 948, 981]",0.959387,0.001058
serie_3,93,"[33, 98, 153, 170, 197, 340, 354, 378, 391, 397, 411, 541, 556, 736, 751, 785, 884, 916, 998]",0.961001,0.001068
serie_3,94,"[77, 99, 175, 195, 358, 381, 449, 464, 496, 500, 527, 544, 620, 624, 809, 900, 951, 965, 989]",0.957403,0.001080
serie_3,95,"[34, 147, 217, 238, 271, 425, 435, 541, 583, 584, 606, 646, 667, 810, 831, 853, 914, 915, 965]",0.960487,0.001089
serie_3,96,"[206, 284, 288, 331, 333, 461, 569, 591, 620, 667, 678, 709, 718, 726, 818, 836, 885, 900, 911]",0.960961,0.001088
serie_3,97,"[99, 101, 132, 140, 193, 260, 396, 422, 455, 484, 495, 550, 681, 707, 754, 761, 816, 828, 875]",0.955574,0.001100
serie_3,98,"[17, 28, 54, 72, 89, 149, 170, 377, 411, 628, 673, 711, 740, 766, 774, 783, 800, 827, 877]",0.958042,0.001093
serie_3,99,"[93, 169, 203, 210, 359, 385, 388, 404, 467, 524, 603, 645, 736, 755, 800, 826, 860, 942, 982]",0.953630,0.001099
serie_3,100,"[167, 213, 237, 328, 470, 544, 618, 622, 628, 655, 698, 704, 716, 743, 750, 763, 847, 887, 996]",0.955433,0.001096
serie_3,101,"[159, 190, 201, 260, 272, 355, 395, 407, 459, 499, 526, 547, 566, 641, 726, 773, 892, 908, 931]",0.958576,0.001099
serie_3,102,"[7, 93, 147, 170, 171, 174, 206, 311, 350, 403, 437, 602, 685, 707, 814, 815, 823, 924, 955]",0.953643,0.001089
serie_3,103,"[115, 134, 147, 222, 326, 429, 480, 547, 548, 598, 658, 685, 743, 790, 864, 940, 968, 970, 981]",0.957866,0.001105
serie_3,104,"[47, 74, 116, 130, 144, 168, 299, 364, 412, 549, 595, 610, 631, 658, 690, 730, 747, 997, 999]",0.961956,0.001099
serie_3,105,"[14, 67, 76, 153, 218, 269, 340, 419, 428, 443, 471, 533, 534, 566, 613, 736, 782, 922, 945]",0.957416,0.001101
serie_3,106,"[101, 221, 324, 351, 357, 368, 394, 402, 446, 467, 522, 580, 591, 652, 739, 802, 841, 879, 988]",0.960143,0.001092
serie_3,107,"[18, 43, 49, 200, 240, 328, 375, 389, 466, 539, 580, 581, 651, 684, 698, 820, 828, 876, 987]",0.958606,0.001073
serie_3,108,"[257, 323, 330, 372, 389, 395, 574, 652, 655, 661, 664, 735, 773, 778, 825, 849, 869, 895, 943]",0.957336,0.001060
serie_3,109,"[146, 185, 205, 305, 310, 460, 478, 484, 549, 595, 617, 661, 694, 754, 763, 798, 871, 964, 990]",0.959708,0.001065
serie_3,110,"[20, 40, 45, 66, 91, 111, 146, 151, 226, 251, 347, 428, 485, 562, 603, 691, 855, 888, 961]",0.958924,0.001057
serie_3,111,"[25, 29, 91, 153, 182, 283, 427, 473, 526, 551, 556, 765, 821, 857, 872, 888, 912, 988, 992]",0.958806,0.001063
serie_3,112,"[15, 76, 85, 102, 153, 300, 307, 453, 564, 582, 599, 631, 663, 679, 780, 792, 848, 928, 958]",0.961568,0.001072
serie_3,113,"[53, 76, 172, 326, 383, 544, 587, 628, 645, 801, 827, 859, 877, 885, 888, 936, 960, 961, 967]",0.957114,0.001073
serie_3,114,"[36, 54, 172, 173, 199, 326, 330, 436, 470, 544, 611, 628, 643, 702, 797, 810, 835, 855, 993]",0.961537,0.001064
serie_3,115,"[33, 70, 136, 137, 197, 204, 206, 226, 434, 454, 492, 546, 707, 795, 949, 957, 958, 987, 997]",0.959775,0.001094
serie_3,116,"[21, 22, 24, 28, 175, 236, 309, 378, 414, 418, 494, 522, 533, 587, 661, 790, 834, 844, 914]",0.963851,0.001082
serie_3,117,"[23, 93, 99, 163, 299, 335, 397, 410, 423, 431, 454, 512, 521, 535, 545, 572, 613, 850, 995]",0.961556,0.001097
serie_3,118,"[58, 68, 73, 102, 186, 192, 200, 272, 305, 482, 505, 509, 524, 531, 572, 734, 835, 851, 997]",0.962814,0.001104
serie_3,119,"[84, 192, 201, 248, 272, 281, 439, 502, 597, 609, 628, 691, 712, 741, 900, 925, 947, 953, 985]",0.957290,0.001096
serie_3,120,"[21, 72, 107, 127, 136, 173, 264, 333, 356, 369, 394, 498, 554, 590, 651, 654, 743, 783, 977]",0.961769,0.001106
serie_3,121,"[25, 52, 134, 173, 186, 515, 614, 643, 675, 739, 744, 771, 790, 817, 843, 902, 934, 980, 990]",0.957059,0.001094
serie_3,122,"[25, 159, 165, 279, 288, 290, 321, 340, 348, 499, 602, 603, 711, 805, 822, 823, 828, 845, 947]",0.959613,0.001101
serie_3,123,"[15, 19, 29, 159, 175, 226, 267, 345, 362, 422, 423, 429, 468, 707, 824, 858, 909, 913, 976]",0.959996,0.001119
serie_3,124,"[2, 103, 179, 206, 285, 356, 509, 538, 552, 625, 680, 695, 698, 706, 782, 791, 793, 875, 970]",0.960638,0.001118
serie_3,125,"[92, 111, 133, 144, 156, 319, 415, 563, 578, 603, 664, 685, 694, 754, 792, 814, 855, 856, 983]",0.965095,0.001078
serie_3,126,"[47, 91, 206, 274, 285, 307, 338, 353, 408, 507, 541, 556, 614, 668, 754, 764, 779, 856, 989]",0.959403,0.001065
serie_3,127,"[96, 102, 272, 273, 305, 364, 434, 490, 611, 676, 713, 721, 727, 732, 738, 757, 842, 901, 996]",0.959819,0.001069
serie_3,128,"[4, 52, 57, 175, 204, 282, 290, 292, 303, 321, 347, 513, 581, 622, 750, 810, 867, 884, 961]",0.962499,0.001067
serie_3,129,"[38, 101, 120, 127, 163, 283, 347, 391, 522, 540, 580, 596, 616, 621, 727, 880, 886, 901, 931]",0.963207,0.001075
serie_3,130,"[63, 119, 165, 176, 290, 292, 327, 330, 338, 420, 447, 563, 613, 617, 741, 823, 863, 892, 993]",0.962928,0.001072
serie_3,131,"[117, 140, 231, 310, 373, 381, 391, 456, 522, 546, 599, 605, 611, 634, 689, 739, 903, 938, 986]",0.960971,0.001065
serie_3,132,"[9, 67, 70, 80, 142, 166, 250, 390, 422, 478, 533, 614, 616, 629, 630, 645, 669, 808, 864]",0.955717,0.001081
serie_3,133,"[3, 38, 64, 104, 147, 165, 176, 178, 206, 267, 303, 534, 546, 659, 689, 706, 808, 860, 905]",0.959804,0.001071
serie_3,134,"[13, 16, 63, 126, 455, 496, 593, 651, 678, 684, 729, 734, 880, 881, 903, 924, 929, 956, 967]",0.953851,0.001086
serie_3,135,"[61, 104, 149, 207, 234, 261, 382, 391, 441, 540, 632, 636, 711, 727, 770, 791, 813, 876, 919]",0.956907,0.001063
serie_3,136,"[10, 61, 68, 89, 136, 144, 191, 240, 257, 326, 344, 365, 423, 498, 605, 628, 713, 860, 974]",0.956797,0.001068
serie_3,137,"[100, 136, 143, 194, 196, 245, 290, 305, 358, 376, 439, 521, 637, 663, 739, 766, 770, 788, 869]",0.962131,0.001063
serie_3,138,"[151, 174, 198, 234, 284, 315, 337, 395, 444, 469, 518, 538, 554, 618, 703, 713, 736, 740, 918]",0.959533,0.001060
serie_3,139,"[2, 81, 130, 132, 172, 194, 203, 262, 341, 347, 379, 390, 709, 768, 859, 868, 872, 966, 998]",0.959973,0.001070
serie_3,140,"[53, 57, 70, 74, 81, 83, 214, 337, 356, 448, 501, 527, 560, 660, 745, 829, 890, 956, 972]",0.954413,0.001068
serie_3,141,"[18, 48, 186, 229, 316, 453, 489, 493, 494, 499, 540, 625, 679, 688, 705, 728, 859, 931, 974]",0.955958,0.001100
serie_3,142,"[32, 212, 250, 277, 286, 298, 324, 363, 474, 541, 556, 620, 626, 682, 790, 823, 912, 933, 939]",0.958641,0.001095
serie_3,143,"[31, 109, 152, 178, 208, 263, 432, 471, 472, 727, 757, 761, 769, 778, 868, 918, 919, 982, 991]",0.957755,0.001104
serie_3,144,"[24, 81, 82, 108, 406, 486, 490, 525, 549, 554, 646, 701, 798, 805, 883, 906, 915, 970, 979]",0.956562,0.001099
serie_3,145,"[91, 145, 225, 233, 329, 473, 484, 489, 587, 603, 644, 666, 722, 814, 896, 950, 967, 974, 976]",0.956995,0.001106
serie_3,146,"[10, 214, 338, 341, 394, 404, 440, 572, 615, 616, 702, 703, 724, 725, 738, 779, 815, 950, 967]",0.963135,0.001102
serie_3,147,"[70, 194, 368, 499, 544, 550, 614, 628, 655, 707, 726, 729, 786, 808, 863, 871, 888, 938, 996]",0.958589,0.001085
serie_3,148,"[27, 57, 76, 109, 177, 239, 285, 338, 454, 479, 517, 533, 613, 629, 638, 744, 813, 886, 948]",0.961218,0.001089
serie_3,149,"[46, 142, 178, 182, 220, 313, 321, 322, 428, 442, 475, 588, 620, 636, 701, 723, 847, 966, 968]",0.956870,0.001092
serie_3,150,"[12, 32, 145, 222, 370, 407, 454, 472, 584, 596, 611, 656, 675, 740, 783, 797, 923, 978, 982]",0.960122,0.001097
serie_3,151,"[9, 47, 65, 223, 250, 465, 484, 549, 560, 566, 595, 599, 623, 671, 674, 770, 825, 976, 977]",0.959457,0.001097
serie_3,152,"[42, 148, 208, 242, 402, 463, 473, 486, 561, 612, 632, 638, 687, 693, 694, 712, 785, 880, 925]",0.954059,0.001064
serie_3,153,"[10, 148, 171, 415, 454, 476, 519, 553, 610, 612, 623, 633, 672, 808, 810, 844, 870, 962, 976]",0.957560,0.001085
serie_3,154,"[25, 50, 203, 209, 222, 263, 304, 319, 381, 396, 436, 458, 576, 577, 765, 811, 898, 938, 957]",0.956625,0.001069
serie_3,155,"[240, 251, 290, 325, 333, 423, 447, 560, 576, 644, 695, 775, 797, 828, 834, 906, 949, 955, 970]",0.956886,0.001072
serie_3,156,"[67, 132, 208, 221, 254, 298, 299, 315, 356, 362, 430, 434, 451, 562, 802, 819, 896, 940, 982]",0.956395,0.001065
serie_3,157,"[192, 243, 254, 317, 333, 432, 471, 476, 617, 730, 744, 752, 759, 826, 850, 879, 888, 963, 985]",0.956907,0.001060
serie_3,158,"[85, 106, 166, 357, 370, 451, 590, 619, 644, 678, 693, 701, 721, 723, 770, 834, 906, 934, 997]",0.962150,0.001054
serie_3,159,"[73, 74, 131, 140, 160, 301, 388, 483, 555, 584, 591, 618, 642, 647, 797, 863, 883, 895, 982]",0.961706,0.001059
serie_3,160,"[6, 66, 138, 162, 256, 289, 308, 401, 426, 534, 556, 561, 626, 670, 715, 790, 893, 896, 961]",0.959392,0.001066
serie_3,161,"[18, 34, 156, 240, 305, 326, 384, 451, 507, 559, 604, 642, 714, 750, 766, 847, 921, 976, 992]",0.960110,0.001062
serie_3,162,"[30, 35, 46, 117, 128, 245, 347, 361, 380, 397, 441, 468, 482, 620, 630, 733, 785, 915, 952]",0.958034,0.001073
serie_3,163,"[13, 91, 268, 272, 319, 343, 386, 409, 460, 552, 587, 598, 634, 644, 731, 814, 824, 973, 981]",0.956789,0.001061
serie_3,164,"[5, 41, 151, 161, 213, 258, 294, 338, 400, 498, 599, 634, 661, 724, 749, 791, 868, 960, 985]",0.960243,0.001068
serie_3,165,"[42, 77, 209, 274, 316, 324, 344, 346, 355, 443, 535, 686, 692, 704, 812, 876, 879, 914, 982]",0.959929,0.001072
serie_3,166,"[64, 204, 245, 283, 291, 382, 431, 444, 460, 484, 597, 605, 634, 676, 782, 855, 872, 880, 907]",0.960363,0.001065
serie_3,167,"[83, 154, 212, 227, 277, 282, 365, 418, 422, 431, 451, 527, 615, 628, 635, 691, 721, 748, 807]",0.961160,0.001065
serie_3,168,"[22, 54, 177, 208, 227, 381, 420, 571, 713, 723, 728, 756, 825, 854, 857, 886, 907, 913, 967]",0.955500,0.001079
serie_3,169,"[2, 29, 75, 86, 154, 169, 203, 258, 317, 328, 371, 377, 474, 531, 607, 632, 641, 833, 977]",0.957485,0.001060
serie_3,170,"[50, 226, 237, 448, 568, 619, 622, 646, 662, 693, 699, 714, 716, 736, 861, 888, 904, 957, 987]",0.962128,0.001074
serie_3,171,"[37, 47, 139, 140, 153, 276, 318, 518, 577, 600, 639, 647, 772, 784, 823, 824, 915, 922, 925]",0.960383,0.001056
serie_3,172,"[31, 38, 56, 79, 126, 245, 256, 316, 387, 503, 577, 600, 630, 679, 773, 795, 875, 954, 987]",0.956019,0.001081
serie_3,173,"[51, 64, 81, 281, 329, 333, 385, 455, 460, 561, 583, 666, 672, 700, 827, 885, 927, 930, 985]",0.958332,0.001097
serie_3,174,"[15, 25, 39, 41, 170, 239, 246, 316, 365, 384, 394, 474, 555, 600, 714, 825, 832, 844, 872]",0.960061,0.001089
serie_3,175,"[30, 33, 272, 283, 289, 360, 382, 393, 415, 470, 507, 625, 629, 804, 852, 878, 916, 921, 955]",0.958016,0.001098
serie_3,176,"[13, 72, 208, 248, 259, 284, 343, 357, 396, 402, 542, 555, 625, 734, 744, 810, 834, 870, 976]",0.952005,0.001100
serie_3,177,"[84, 115, 152, 176, 184, 211, 286, 349, 362, 425, 440, 471, 525, 656, 682, 751, 803, 958, 987]",0.962330,0.001121
serie_3,178,"[191, 236, 256, 307, 319, 342, 352, 369, 412, 414, 495, 548, 630, 676, 717, 727, 810, 835, 893]",0.959563,0.001072
serie_3,179,"[6, 100, 118, 172, 218, 229, 245, 279, 367, 428, 448, 633, 640, 699, 816, 847, 893, 948, 971]",0.958578,0.001066
serie_3,180,"[9, 31, 123, 144, 157, 176, 354, 428, 437, 484, 706, 730, 740, 875, 900, 916, 931, 934, 979]",0.951324,0.001070
serie_3,181,"[5, 64, 78, 85, 159, 190, 206, 242, 315, 340, 491, 508, 528, 545, 593, 602, 677, 695, 728]",0.959158,0.001060
serie_3,182,"[21, 44, 73, 84, 108, 319, 360, 413, 545, 548, 643, 677, 706, 822, 875, 901, 905, 958, 998]",0.959164,0.001067
serie_3,183,"[41, 47, 87, 96, 130, 228, 266, 316, 329, 338, 475, 477, 519, 649, 725, 747, 776, 957, 970]",0.962028,0.001078
serie_3,184,"[17, 94, 130, 238, 245, 306, 333, 362, 391, 433, 440, 480, 553, 591, 676, 802, 812, 824, 928]",0.958071,0.001064
serie_3,185,"[88, 150, 158, 170, 260, 284, 366, 440, 461, 464, 472, 512, 547, 553, 561, 588, 594, 677, 773]",0.962523,0.001062
serie_3,186,"[9, 31, 49, 96, 226, 242, 255, 285, 408, 454, 469, 492, 541, 622, 667, 714, 939, 955, 971]",0.959451,0.001069
serie_3,187,"[5, 48, 155, 233, 265, 296, 347, 375, 504, 513, 568, 581, 653, 657, 667, 816, 839, 876, 906]",0.960172,0.001054
serie_3,188,"[28, 39, 91, 157, 175, 188, 225, 285, 321, 349, 466, 482, 492, 568, 640, 702, 809, 893, 998]",0.957619,0.001053
serie_3,189,"[46, 75, 172, 188, 290, 344, 398, 404, 454, 464, 475, 493, 503, 508, 594, 631, 685, 762, 767]",0.962089,0.001044
serie_3,190,"[2, 42, 70, 98, 202, 218, 268, 355, 363, 407, 413, 567, 689, 780, 858, 861, 867, 979, 988]",0.963441,0.001046
serie_3,191,"[15, 97, 132, 147, 281, 283, 337, 378, 445, 575, 667, 737, 814, 871, 876, 886, 887, 917, 927]",0.958367,0.001060
serie_3,192,"[86, 120, 146, 204, 209, 217, 255, 268, 269, 311, 571, 592, 622, 825, 862, 876, 877, 884, 951]",0.955867,0.001059
serie_3,193,"[29, 70, 100, 105, 108, 125, 285, 397, 400, 488, 526, 600, 630, 667, 673, 710, 812, 855, 943]",0.960941,0.001044
serie_3,194,"[13, 123, 173, 197, 288, 299, 558, 581, 612, 629, 670, 675, 677, 729, 774, 790, 894, 935, 969]",0.953528,0.001057
serie_3,195,"[91, 340, 362, 399, 459, 498, 598, 636, 661, 697, 746, 750, 757, 759, 820, 893, 916, 945, 987]",0.959988,0.001046
serie_3,196,"[83, 93, 118, 203, 311, 352, 526, 584, 643, 645, 664, 704, 748, 783, 863, 903, 909, 938, 967]",0.962140,0.001047
serie_3,197,"[23, 42, 81, 138, 182, 267, 368, 387, 454, 487, 647, 719, 743, 757, 795, 818, 841, 849, 854]",0.963525,0.001048
serie_3,198,"[13, 15, 201, 211, 255, 275, 286, 325, 394, 404, 559, 587, 670, 759, 853, 856, 863, 930, 959]",0.956961,0.001047
serie_3,199,"[57, 203, 380, 401, 484, 538, 569, 664, 682, 695, 706, 725, 779, 836, 842, 853, 869, 884, 966]",0.964339,0.001055
serie_3,200,"[41, 101, 112, 113, 123, 132, 142, 173, 294, 316, 335, 382, 575, 603, 702, 727, 796, 830, 941]",0.965511,0.001054
serie_3,201,"[99, 101, 120, 179, 224, 226, 323, 336, 373, 392, 400, 404, 463, 539, 656, 823, 826, 894, 932]",0.958570,0.001054
serie_3,202,"[107, 151, 257, 298, 325, 326, 373, 569, 603, 714, 715, 741, 813, 833, 886, 908, 943, 965, 997]",0.962015,0.001054
serie_3,203,"[20, 175, 188, 203, 296, 326, 378, 382, 388, 473, 529, 542, 668, 688, 831, 869, 874, 943, 980]",0.946452,0.001059
serie_3,204,"[25, 79, 139, 173, 217, 226, 289, 356, 357, 451, 514, 534, 543, 564, 580, 705, 875, 883, 922]",0.960099,0.001071
serie_3,205,"[83, 151, 195, 220, 240, 336, 359, 420, 462, 484, 500, 507, 515, 561, 730, 747, 841, 950, 967]",0.962576,0.001054
serie_3,206,"[7, 26, 76, 84, 189, 199, 254, 368, 373, 411, 469, 523, 593, 704, 764, 775, 791, 797, 861]",0.961452,0.001083
serie_3,207,"[135, 195, 202, 255, 277, 303, 481, 519, 579, 649, 707, 731, 770, 788, 833, 846, 910, 931, 991]",0.960993,0.001063
serie_3,208,"[61, 98, 104, 114, 225, 237, 283, 294, 341, 358, 428, 523, 623, 737, 776, 789, 839, 971, 979]",0.957684,0.001050
serie_3,209,"[23, 86, 142, 155, 160, 174, 279, 312, 404, 515, 520, 543, 596, 663, 731, 746, 784, 806, 860]",0.964316,0.001049
serie_3,210,"[13, 105, 247, 507, 585, 592, 595, 658, 750, 752, 767, 779, 805, 857, 905, 918, 931, 946, 968]",0.955338,0.001059
serie_3,211,"[18, 211, 218, 229, 308, 404, 529, 595, 678, 701, 780, 811, 859, 862, 867, 900, 914, 915, 952]",0.957778,0.001061
serie_3,212,"[1, 129, 335, 365, 389, 427, 428, 496, 505, 521, 608, 628, 648, 658, 679, 684, 719, 755, 901]",0.957047,0.001060
serie_3,213,"[16, 82, 94, 98, 110, 188, 193, 199, 267, 287, 346, 521, 555, 570, 617, 728, 850, 921, 927]",0.958292,0.001064
serie_3,214,"[38, 54, 114, 127, 340, 351, 383, 423, 499, 537, 562, 686, 690, 772, 785, 791, 834, 873, 874]",0.961908,0.001053
serie_3,215,"[103, 157, 225, 271, 472, 523, 554, 573, 596, 689, 740, 771, 810, 845, 847, 862, 911, 919, 982]",0.959952,0.001044
serie_3,216,"[93, 187, 242, 283, 300, 370, 379, 392, 439, 512, 668, 725, 773, 794, 863, 867, 943, 950, 958]",0.960538,0.001062
serie_3,217,"[25, 88, 239, 291, 330, 363, 364, 365, 441, 461, 490, 494, 542, 586, 705, 713, 777, 778, 902]",0.962953,0.001064
serie_3,218,"[43, 136, 161, 163, 295, 341, 343, 364, 416, 475, 546, 564, 624, 780, 808, 845, 911, 955, 975]",0.955459,0.001057
serie_3,219,"[33, 89, 110, 204, 211, 347, 364, 379, 388, 426, 598, 614, 717, 770, 790, 878, 893, 948, 975]",0.948592,0.001058
serie_3,220,"[58, 103, 107, 133, 315, 334, 344, 356, 381, 541, 547, 568, 646, 744, 782, 789, 805, 847, 895]",0.961636,0.001081
serie_3,221,"[46, 186, 209, 216, 228, 232, 283, 339, 505, 507, 529, 553, 669, 705, 739, 793, 839, 842, 887]",0.958589,0.001057
serie_3,222,"[195, 209, 375, 394, 412, 420, 493, 559, 563, 604, 660, 677, 853, 865, 903, 944, 950, 962, 969]",0.959729,0.001075
serie_3,223,"[38, 171, 198, 298, 305, 352, 400, 409, 410, 440, 495, 496, 539, 591, 613, 662, 782, 865, 942]",0.961408,0.001056
serie_3,224,"[35, 142, 178, 206, 265, 359, 365, 461, 471, 531, 540, 592, 619, 628, 766, 814, 848, 908, 931]",0.960895,0.001054
serie_3,225,"[31, 107, 126, 293, 433, 504, 561, 587, 591, 641, 660, 705, 742, 747, 770, 828, 861, 962, 964]",0.959760,0.001057
serie_3,226,"[4, 55, 134, 151, 226, 261, 265, 309, 390, 409, 442, 582, 604, 659, 691, 711, 830, 851, 862]",0.959732,0.001060
serie_3,227,"[36, 60, 106, 230, 263, 269, 282, 344, 359, 381, 393, 442, 451, 460, 476, 718, 795, 910, 971]",0.959772,0.001051
serie_3,228,"[54, 64, 77, 79, 85, 96, 104, 131, 241, 318, 397, 476, 494, 506, 566, 810, 892, 907, 965]",0.960588,0.001063
serie_3,229,"[180, 340, 384, 394, 426, 463, 550, 565, 615, 619, 730, 819, 877, 880, 881, 923, 943, 968, 999]",0.953930,0.001047
serie_3,230,"[35, 127, 151, 258, 330, 355, 485, 509, 511, 602, 630, 673, 714, 762, 763, 794, 868, 921, 938]",0.957118,0.001045
serie_3,231,"[57, 121, 160, 202, 232, 342, 386, 409, 443, 475, 503, 533, 536, 647, 687, 719, 761, 889, 956]",0.961460,0.001040
serie_3,232,"[87, 95, 182, 234, 361, 453, 481, 526, 544, 562, 573, 585, 613, 747, 798, 802, 860, 955, 986]",0.959501,0.001070
serie_3,233,"[30, 93, 152, 232, 287, 319, 343, 379, 414, 429, 438, 493, 599, 646, 723, 734, 779, 912, 963]",0.951910,0.001066
serie_3,234,"[13, 20, 52, 130, 283, 403, 442, 452, 503, 593, 602, 629, 634, 721, 758, 781, 812, 871, 882]",0.956434,0.001084
serie_3,235,"[41, 121, 163, 181, 233, 352, 436, 450, 524, 535, 635, 713, 723, 775, 786, 795, 827, 866, 928]",0.954565,0.001083
serie_3,236,"[55, 83, 139, 150, 239, 304, 352, 375, 380, 462, 485, 523, 642, 644, 685, 786, 794, 874, 967]",0.962571,0.001068
serie_3,237,"[73, 114, 116, 149, 183, 209, 268, 278, 390, 467, 476, 537, 566, 656, 677, 732, 760, 827, 956]",0.961599,0.001077
serie_3,238,"[59, 93, 133, 307, 359, 414, 452, 457, 459, 508, 518, 615, 693, 765, 799, 831, 857, 988, 996]",0.961976,0.001076
serie_3,239,"[9, 30, 77, 135, 172, 199, 203, 347, 348, 428, 442, 474, 481, 542, 677, 736, 782, 821, 901]",0.955761,0.001088
serie_3,240,"[37, 82, 153, 173, 283, 300, 302, 308, 322, 431, 635, 685, 696, 744, 757, 837, 867, 871, 950]",0.962384,0.001087
serie_3,241,"[38, 55, 87, 99, 125, 235, 245, 326, 336, 453, 602, 613, 642, 827, 845, 908, 924, 940, 991]",0.959703,0.001076
serie_3,242,"[36, 57, 123, 128, 348, 408, 477, 493, 503, 507, 576, 602, 648, 702, 831, 866, 888, 934, 989]",0.960371,0.001102
serie_3,243,"[154, 174, 195, 374, 447, 548, 587, 623, 627, 634, 647, 753, 871, 883, 936, 939, 952, 978, 994]",0.952568,0.001118
serie_3,244,"[17, 48, 162, 231, 268, 277, 390, 412, 422, 514, 544, 579, 674, 790, 793, 807, 882, 897, 915]",0.957931,0.001045
serie_3,245,"[22, 159, 162, 179, 224, 240, 247, 260, 269, 316, 324, 353, 394, 406, 584, 640, 661, 671, 980]",0.963933,0.001054
serie_3,246,"[66, 167, 253, 295, 301, 302, 304, 417, 438, 452, 485, 555, 558, 703, 752, 802, 817, 884, 984]",0.962023,0.001057
serie_3,247,"[15, 22, 265, 297, 321, 356, 379, 393, 417, 457, 477, 620, 651, 725, 847, 868, 882, 902, 952]",0.957486,0.001057
serie_3,248,"[25, 88, 92, 164, 195, 353, 364, 452, 491, 502, 520, 693, 719, 741, 792, 822, 825, 903, 951]",0.959312,0.001059
serie_3,249,"[29, 68, 94, 97, 161, 247, 268, 285, 299, 418, 506, 549, 601, 639, 827, 843, 918, 930, 968]",0.954084,0.001047
serie_3,250,"[117, 203, 205, 215, 267, 351, 361, 455, 478, 481, 554, 674, 684, 730, 751, 899, 918, 938, 939]",0.955428,0.001061
serie_3,251,"[16, 116, 186, 292, 368, 375, 393, 405, 422, 464, 492, 624, 650, 677, 724, 829, 903, 942, 990]",0.947198,0.001048
serie_3,252,"[107, 182, 191, 197, 223, 255, 300, 336, 351, 376, 497, 539, 576, 634, 729, 784, 796, 829, 852]",0.959124,0.001055
serie_3,253,"[61, 84, 139, 158, 290, 311, 320, 396, 473, 502, 587, 605, 665, 672, 677, 739, 862, 880, 951]",0.957514,0.001043
serie_3,254,"[41, 47, 50, 205, 382, 414, 422, 442, 463, 476, 572, 635, 661, 668, 671, 756, 865, 877, 939]",0.952546,0.001065
serie_3,255,"[22, 104, 107, 169, 289, 332, 513, 525, 533, 581, 607, 618, 694, 750, 805, 872, 873, 876, 949]",0.957374,0.001050
serie_3,256,"[1, 29, 168, 228, 251, 257, 366, 368, 407, 492, 749, 758, 764, 796, 810, 818, 839, 850, 891]",0.960591,0.001066
serie_3,257,"[50, 78, 88, 92, 131, 151, 261, 336, 403, 422, 500, 519, 566, 679, 714, 750, 755, 871, 980]",0.958408,0.001044
serie_3,258,"[3, 13, 22, 42, 124, 173, 233, 271, 302, 376, 472, 546, 588, 612, 721, 879, 927, 954, 997]",0.958188,0.001070
serie_3,259,"[46, 54, 77, 103, 125, 200, 220, 231, 306, 315, 355, 419, 466, 479, 522, 525, 657, 674, 966]",0.960188,0.001060
serie_3,260,"[57, 97, 156, 216, 339, 382, 401, 484, 490, 565, 626, 733, 815, 858, 868, 904, 958, 990, 995]",0.958378,0.001040
serie_3,261,"[8, 31, 79, 83, 154, 327, 340, 394, 452, 517, 539, 589, 608, 692, 787, 798, 830, 835, 838]",0.958121,0.001056
serie_3,262,"[100, 108, 115, 250, 268, 329, 373, 433, 451, 509, 579, 582, 595, 728, 751, 808, 825, 968, 973]",0.956877,0.001053
serie_3,263,"[39, 50, 97, 147, 210, 233, 249, 333, 352, 404, 476, 516, 552, 643, 648, 671, 771, 892, 967]",0.959390,0.001068
serie_3,264,"[141, 178, 488, 516, 546, 600, 628, 663, 724, 737, 740, 753, 831, 877, 893, 905, 955, 961, 997]",0.955008,0.001084
serie_3,265,"[8, 19, 87, 100, 197, 198, 231, 298, 362, 390, 441, 571, 579, 595, 678, 706, 737, 811, 842]",0.961280,0.001079
serie_3,266,"[27, 42, 70, 157, 212, 288, 310, 476, 495, 548, 567, 616, 646, 655, 662, 752, 786, 909, 933]",0.956828,0.001083
serie_3,267,"[56, 105, 141, 159, 204, 220, 277, 300, 384, 417, 449, 501, 588, 745, 758, 765, 779, 843, 915]",0.958986,0.001088
serie_3,268,"[93, 118, 136, 148, 179, 193, 209, 370, 395, 505, 579, 596, 650, 661, 732, 751, 782, 924, 990]",0.959270,0.001082
serie_3,269,"[131, 144, 240, 245, 360, 445, 447, 532, 534, 584, 603, 656, 800, 804, 805, 858, 896, 897, 986]",0.964537,0.001096
serie_3,270,"[200, 290, 323, 351, 412, 484, 545, 560, 579, 596, 653, 655, 693, 759, 780, 842, 903, 951, 953]",0.955380,0.001101
serie_3,271,"[60, 109, 116, 134, 272, 381, 399, 402, 423, 512, 540, 584, 696, 703, 786, 821, 872, 876, 908]",0.959616,0.001086
serie_3,272,"[47, 65, 133, 152, 163, 164, 188, 292, 321, 324, 354, 402, 416, 532, 574, 676, 768, 824, 927]",0.963887,0.001080
serie_3,273,"[68, 105, 144, 149, 231, 237, 331, 417, 479, 555, 613, 733, 740, 773, 784, 837, 875, 976, 979]",0.955145,0.001075
serie_3,274,"[62, 90, 135, 263, 303, 304, 357, 360, 369, 426, 484, 545, 549, 683, 702, 769, 895, 927, 931]",0.962647,0.001076
serie_3,275,"[138, 160, 252, 255, 287, 290, 373, 380, 391, 402, 414, 433, 541, 596, 652, 666, 733, 740, 966]",0.953841,0.001067
serie_3,276,"[37, 139, 147, 211, 233, 290, 418, 501, 503, 532, 539, 554, 602, 619, 625, 680, 823, 877, 931]",0.956782,0.001057
serie_3,277,"[66, 142, 180, 183, 240, 271, 294, 295, 432, 523, 546, 566, 582, 670, 710, 830, 842, 855, 937]",0.961017,0.001046
serie_3,278,"[13, 33, 37, 122, 133, 200, 204, 323, 406, 499, 506, 574, 680, 683, 697, 738, 743, 847, 900]",0.958639,0.001045
serie_3,279,"[77, 116, 140, 304, 328, 347, 373, 432, 436, 515, 543, 693, 765, 819, 909, 920, 940, 946, 973]",0.961689,0.001051
serie_3,280,"[108, 145, 178, 227, 244, 272, 330, 349, 545, 581, 588, 597, 672, 679, 698, 782, 870, 928, 981]",0.962281,0.001054
serie_3,281,"[5, 60, 98, 103, 166, 178, 259, 348, 424, 473, 475, 544, 562, 651, 779, 841, 875, 945, 958]",0.957739,0.001045
serie_3,282,"[7, 39, 122, 129, 149, 150, 197, 215, 297, 317, 392, 434, 444, 466, 570, 657, 882, 965, 990]",0.957819,0.001049
serie_3,283,"[175, 236, 304, 311, 341, 345, 396, 536, 552, 611, 694, 703, 784, 808, 834, 849, 921, 969, 980]",0.958607,0.001050
serie_3,284,"[27, 42, 119, 132, 151, 213, 283, 293, 373, 472, 513, 583, 717, 743, 803, 877, 888, 925, 959]",0.959888,0.001055
serie_3,285,"[33, 39, 61, 63, 86, 237, 273, 284, 324, 355, 398, 417, 420, 540, 577, 637, 858, 949, 968]",0.958485,0.001049
serie_3,286,"[38, 102, 130, 195, 252, 301, 344, 364, 472, 473, 579, 582, 704, 707, 769, 787, 803, 860, 956]",0.961900,0.001043
serie_3,287,"[99, 137, 151, 154, 239, 279, 364, 383, 391, 445, 536, 549, 630, 771, 805, 806, 848, 930, 946]",0.965526,0.001037
serie_3,288,"[30, 115, 118, 227, 254, 274, 392, 417, 464, 480, 500, 522, 681, 736, 803, 820, 852, 867, 893]",0.959051,0.001051
serie_3,289,"[33, 64, 144, 229, 301, 309, 310, 329, 331, 404, 457, 508, 511, 545, 627, 799, 840, 872, 971]",0.962958,0.001049
serie_3,290,"[80, 139, 192, 239, 245, 294, 354, 463, 557, 566, 600, 642, 643, 728, 775, 815, 824, 843, 890]",0.962344,0.001040
serie_3,291,"[31, 90, 144, 193, 235, 257, 410, 418, 434, 465, 534, 564, 601, 643, 670, 823, 889, 890, 966]",0.958327,0.001050
serie_3,292,"[102, 163, 200, 240, 242, 246, 265, 308, 332, 379, 423, 559, 575, 724, 752, 829, 865, 983, 996]",0.953301,0.001054
serie_3,293,"[50, 73, 148, 243, 307, 360, 515, 734, 748, 754, 755, 762, 796, 802, 837, 903, 910, 940, 950]",0.956448,0.001050
serie_3,294,"[2, 107, 115, 155, 226, 334, 381, 428, 468, 525, 670, 673, 702, 748, 783, 917, 938, 956, 965]",0.960288,0.001063
serie_3,295,"[15, 66, 138, 185, 213, 222, 237, 298, 308, 396, 545, 606, 631, 636, 844, 919, 934, 964, 965]",0.955846,0.001055
serie_3,296,"[40, 87, 166, 284, 296, 331, 352, 367, 482, 518, 527, 632, 660, 726, 764, 845, 876, 906, 951]",0.958163,0.001044
serie_3,297,"[93, 99, 131, 146, 388, 470, 510, 575, 650, 659, 681, 703, 801, 814, 936, 937, 952, 964, 998]",0.963721,0.001050
serie_3,298,"[34, 85, 206, 212, 213, 225, 270, 504, 586, 605, 632, 673, 675, 737, 833, 877, 886, 911, 959]",0.957102,0.001061
serie_3,299,"[96, 122, 166, 168, 183, 224, 231, 239, 342, 452, 479, 591, 684, 715, 722, 784, 860, 920, 934]",0.962090,0.001041
serie_3,300,"[107, 132, 167, 198, 213, 225, 236, 272, 309, 410, 475, 512, 614, 703, 825, 852, 930, 931, 967]",0.959137,0.001047
serie_3,301,"[35, 99, 161, 175, 250, 295, 381, 384, 458, 477, 524, 548, 552, 587, 589, 626, 746, 886, 910]",0.959656,0.001276
serie_3,302,"[49, 72, 123, 194, 211, 267, 383, 420, 426, 444, 457, 518, 612, 717, 732, 783, 808, 821, 937]",0.960177,0.001108
serie_3,303,"[6, 74, 113, 252, 328, 431, 463, 468, 489, 503, 556, 611, 663, 677, 713, 790, 861, 881, 979]",0.959219,0.001059
serie_3,304,"[37, 104, 136, 140, 143, 234, 348, 369, 391, 484, 523, 570, 599, 608, 638, 681, 813, 948, 992]",0.964082,0.001059
serie_3,305,"[25, 45, 68, 119, 160, 274, 326, 335, 380, 464, 514, 568, 655, 714, 748, 899, 924, 946, 949]",0.960644,0.001064
serie_3,306,"[219, 222, 342, 347, 393, 471, 474, 482, 492, 509, 640, 658, 734, 767, 832, 856, 857, 863, 987]",0.955152,0.001065
serie_3,307,"[3, 37, 132, 185, 320, 329, 350, 395, 478, 599, 620, 696, 784, 866, 882, 893, 912, 919, 950]",0.963842,0.001070
serie_3,308,"[45, 76, 157, 167, 249, 384, 391, 417, 430, 473, 577, 593, 649, 650, 666, 779, 803, 814, 957]",0.960226,0.001046
serie_3,309,"[3, 13, 64, 161, 181, 229, 245, 295, 304, 308, 344, 426, 504, 540, 552, 845, 848, 885, 906]",0.956865,0.001064
serie_3,310,"[95, 259, 287, 334, 362, 369, 378, 472, 528, 558, 586, 589, 614, 624, 675, 694, 756, 898, 973]",0.958415,0.001065
serie_3,311,"[49, 166, 199, 240, 413, 425, 426, 453, 478, 527, 544, 576, 616, 671, 716, 785, 856, 922, 934]",0.959009,0.001056
serie_3,312,"[62, 64, 170, 182, 323, 395, 457, 544, 690, 726, 732, 736, 739, 787, 827, 965, 972, 975, 996]",0.957970,0.001066
serie_3,313,"[27, 82, 93, 112, 145, 198, 226, 289, 375, 378, 481, 637, 641, 659, 678, 717, 783, 860, 909]",0.962209,0.001070
serie_3,314,"[2, 67, 113, 131, 196, 209, 214, 256, 360, 387, 445, 480, 517, 557, 766, 863, 897, 935, 943]",0.954259,0.001069
serie_3,315,"[80, 81, 150, 164, 291, 310, 311, 334, 347, 414, 510, 535, 588, 662, 677, 726, 798, 986, 998]",0.964041,0.001051
serie_3,316,"[1, 11, 12, 43, 101, 140, 152, 207, 271, 287, 419, 634, 784, 834, 843, 851, 869, 928, 942]",0.964351,0.001078
serie_3,317,"[144, 266, 330, 358, 404, 506, 512, 576, 672, 687, 718, 722, 741, 795, 824, 924, 938, 958, 984]",0.961610,0.001067
serie_3,318,"[60, 118, 181, 226, 236, 306, 327, 347, 502, 574, 670, 719, 723, 861, 869, 871, 880, 925, 953]",0.955311,0.001072
serie_3,319,"[22, 233, 308, 316, 331, 336, 362, 370, 390, 400, 410, 443, 530, 782, 835, 853, 880, 938, 944]",0.959564,0.001056
serie_3,320,"[57, 111, 189, 251, 264, 280, 310, 316, 375, 439, 475, 484, 515, 779, 816, 903, 950, 969, 996]",0.955583,0.001069
serie_3,321,"[49, 67, 132, 190, 317, 451, 472, 562, 588, 664, 697, 701, 718, 802, 850, 874, 896, 920, 947]",0.964688,0.001066
serie_3,322,"[4, 32, 62, 174, 285, 309, 311, 330, 475, 497, 547, 561, 590, 656, 665, 757, 847, 918, 960]",0.961696,0.001075
serie_3,323,"[38, 41, 62, 104, 206, 267, 308, 355, 424, 462, 494, 622, 649, 660, 673, 716, 822, 866, 898]",0.954758,0.001055
serie_3,324,"[38, 74, 83, 85, 160, 256, 263, 320, 436, 482, 638, 672, 673, 724, 746, 751, 828, 833, 952]",0.953505,0.001063
serie_3,325,"[60, 68, 72, 114, 139, 148, 204, 223, 262, 317, 342, 356, 453, 456, 517, 572, 747, 788, 950]",0.960498,0.001064
serie_3,326,"[92, 95, 117, 269, 296, 349, 433, 470, 501, 572, 616, 625, 666, 679, 753, 805, 879, 885, 935]",0.955407,0.001051
serie_3,327,"[12, 119, 134, 214, 226, 232, 342, 361, 368, 538, 546, 565, 593, 625, 658, 675, 703, 760, 948]",0.955547,0.001067
serie_3,328,"[46, 136, 233, 272, 317, 340, 361, 436, 450, 584, 585, 588, 660, 704, 768, 823, 860, 937, 989]",0.962703,0.001068
serie_3,329,"[48, 61, 64, 118, 151, 229, 278, 335, 402, 438, 499, 539, 596, 615, 641, 687, 715, 798, 981]",0.961577,0.001058
serie_3,330,"[89, 101, 115, 198, 236, 309, 322, 331, 408, 435, 446, 586, 713, 747, 815, 828, 858, 887, 916]",0.962176,0.001063
serie_3,331,"[11, 43, 66, 164, 169, 177, 281, 377, 542, 598, 604, 684, 786, 790, 791, 861, 940, 966, 968]",0.954477,0.001055
serie_3,332,"[30, 42, 43, 82, 115, 161, 170, 288, 299, 306, 459, 467, 539, 582, 633, 753, 766, 928, 979]",0.962442,0.001061
serie_3,333,"[58, 88, 116, 213, 290, 312, 338, 425, 444, 506, 552, 565, 604, 636, 838, 848, 878, 928, 951]",0.956847,0.001053
serie_3,334,"[25, 33, 58, 134, 236, 276, 366, 387, 409, 606, 647, 716, 731, 768, 815, 858, 943, 947, 966]",0.960149,0.001055
serie_3,335,"[50, 87, 119, 153, 290, 341, 382, 386, 421, 429, 469, 472, 478, 537, 555, 583, 837, 861, 962]",0.957120,0.001050
serie_3,336,"[83, 113, 120, 226, 227, 278, 549, 552, 553, 570, 653, 666, 761, 796, 846, 852, 872, 907, 925]",0.960553,0.001057
serie_3,337,"[80, 158, 193, 195, 281, 301, 310, 335, 429, 499, 553, 591, 609, 623, 645, 699, 711, 918, 927]",0.959332,0.001049
serie_3,338,"[12, 25, 132, 219, 275, 291, 327, 329, 335, 459, 479, 527, 653, 674, 749, 808, 829, 837, 847]",0.959972,0.001057
serie_3,339,"[4, 25, 213, 272, 285, 295, 396, 457, 538, 547, 667, 672, 683, 763, 839, 847, 862, 905, 951]",0.959219,0.001056
serie_3,340,"[8, 124, 150, 179, 208, 251, 296, 321, 415, 556, 685, 686, 691, 781, 829, 833, 840, 843, 972]",0.959879,0.001050
serie_3,341,"[44, 75, 112, 278, 381, 416, 480, 484, 493, 500, 551, 618, 636, 652, 657, 884, 923, 946, 960]",0.957468,0.001076
serie_3,342,"[82, 87, 97, 116, 131, 174, 198, 320, 422, 423, 435, 501, 594, 641, 754, 769, 873, 976, 996]",0.960600,0.001059
serie_3,343,"[4, 133, 186, 234, 279, 333, 386, 414, 433, 506, 535, 660, 734, 764, 767, 822, 897, 915, 930]",0.959637,0.001052
serie_3,344,"[20, 39, 189, 263, 272, 313, 315, 395, 482, 517, 586, 624, 632, 691, 720, 875, 908, 981, 985]",0.957732,0.001064
serie_3,345,"[63, 165, 203, 302, 332, 404, 448, 602, 629, 635, 646, 721, 758, 769, 819, 843, 913, 944, 953]",0.961004,0.001069
serie_3,346,"[6, 180, 201, 307, 313, 328, 331, 351, 477, 503, 551, 670, 734, 839, 893, 898, 900, 935, 976]",0.959090,0.001061
serie_3,347,"[33, 69, 78, 89, 110, 246, 252, 287, 429, 434, 566, 590, 599, 613, 693, 768, 850, 911, 952]",0.960345,0.001055
serie_3,348,"[11, 67, 224, 337, 400, 412, 439, 453, 610, 620, 643, 672, 681, 726, 793, 883, 939, 970, 987]",0.955092,0.001068
serie_3,349,"[41, 85, 183, 201, 206, 212, 245, 403, 407, 438, 461, 470, 473, 590, 624, 636, 816, 892, 923]",0.954661,0.001080
serie_3,350,"[107, 196, 284, 314, 319, 330, 381, 407, 463, 468, 471, 582, 600, 651, 747, 774, 781, 853, 864]",0.959701,0.001059
serie_3,351,"[45, 59, 137, 162, 213, 245, 248, 312, 323, 471, 553, 648, 717, 749, 766, 768, 884, 902, 948]",0.960069,0.001060
serie_3,352,"[8, 43, 108, 123, 169, 224, 259, 316, 349, 437, 518, 646, 702, 738, 770, 784, 821, 919, 993]",0.955981,0.001054
serie_3,353,"[106, 153, 209, 227, 246, 402, 412, 447, 454, 491, 499, 520, 537, 554, 576, 640, 667, 719, 945]",0.959526,0.001055
serie_3,354,"[44, 92, 106, 111, 144, 196, 222, 259, 335, 529, 549, 624, 699, 700, 791, 887, 906, 957, 978]",0.954593,0.001040
serie_3,355,"[41, 104, 138, 182, 213, 244, 336, 339, 415, 434, 516, 548, 576, 627, 698, 741, 876, 890, 998]",0.956665,0.001047
serie_3,356,"[64, 149, 174, 266, 319, 336, 342, 343, 353, 358, 390, 472, 597, 604, 634, 731, 845, 923, 942]",0.961165,0.001049
serie_3,357,"[237, 274, 277, 322, 333, 356, 383, 460, 499, 543, 595, 673, 713, 786, 889, 928, 935, 954, 991]",0.959856,0.001044
serie_3,358,"[57, 113, 150, 272, 324, 349, 354, 400, 469, 586, 607, 623, 632, 656, 662, 678, 711, 903, 938]",0.958838,0.001053
serie_3,359,"[24, 47, 74, 141, 243, 274, 281, 305, 316, 446, 513, 561, 573, 693, 694, 752, 812, 878, 946]",0.958841,0.001056
serie_3,360,"[11, 152, 240, 260, 384, 422, 431, 433, 513, 515, 578, 615, 658, 718, 821, 846, 889, 949, 951]",0.958528,0.001051
serie_3,361,"[49, 59, 67, 135, 139, 152, 196, 309, 396, 551, 605, 643, 652, 778, 844, 903, 906, 952, 981]",0.960201,0.001047
serie_3,362,"[14, 37, 273, 298, 301, 332, 343, 407, 521, 522, 559, 627, 667, 736, 753, 775, 830, 852, 854]",0.954805,0.001049
serie_3,363,"[17, 32, 199, 213, 225, 248, 335, 363, 414, 417, 479, 539, 556, 575, 654, 698, 731, 769, 962]",0.959575,0.001050
serie_3,364,"[51, 63, 108, 119, 125, 190, 210, 215, 228, 319, 326, 349, 380, 428, 646, 650, 876, 946, 991]",0.951639,0.001050
serie_3,365,"[11, 108, 152, 155, 289, 304, 315, 340, 423, 454, 513, 520, 596, 684, 771, 776, 822, 844, 955]",0.961383,0.001055
serie_3,366,"[19, 33, 91, 93, 164, 292, 354, 508, 558, 652, 670, 777, 781, 815, 831, 839, 849, 877, 912]",0.960338,0.001052
serie_3,367,"[13, 42, 116, 253, 270, 298, 404, 447, 591, 640, 703, 766, 767, 833, 890, 893, 912, 916, 929]",0.962556,0.001051
serie_3,368,"[73, 141, 203, 213, 222, 299, 318, 335, 387, 468, 598, 701, 755, 756, 825, 833, 836, 845, 930]",0.955662,0.001046
serie_3,369,"[46, 70, 76, 103, 128, 243, 244, 428, 448, 477, 533, 580, 584, 725, 757, 853, 857, 892, 985]",0.957854,0.001047
serie_3,370,"[64, 153, 178, 376, 591, 677, 686, 740, 784, 795, 827, 847, 852, 855, 913, 957, 972, 977, 988]",0.951028,0.001051
serie_3,371,"[50, 52, 69, 174, 409, 413, 463, 494, 552, 553, 571, 591, 615, 721, 843, 861, 885, 966, 985]",0.960306,0.001041
serie_3,372,"[93, 113, 139, 215, 348, 350, 419, 472, 479, 509, 520, 546, 582, 683, 727, 736, 771, 916, 917]",0.956787,0.001051
serie_3,373,"[25, 86, 174, 191, 220, 236, 311, 347, 368, 433, 535, 548, 588, 630, 666, 679, 683, 856, 909]",0.958025,0.001050
serie_3,374,"[25, 85, 142, 149, 154, 206, 314, 361, 384, 562, 564, 598, 623, 719, 733, 752, 845, 866, 975]",0.958606,0.001053
serie_3,375,"[11, 15, 56, 77, 150, 323, 331, 344, 390, 429, 494, 515, 641, 656, 676, 736, 858, 865, 935]",0.956638,0.001050
serie_3,376,"[67, 144, 149, 235, 251, 338, 366, 402, 437, 450, 492, 504, 552, 577, 635, 650, 873, 908, 984]",0.960411,0.001052
serie_3,377,"[8, 190, 217, 221, 223, 273, 314, 323, 454, 467, 476, 580, 686, 703, 801, 809, 826, 922, 996]",0.954600,0.001050
serie_3,378,"[2, 57, 82, 175, 177, 360, 448, 517, 583, 595, 607, 655, 744, 801, 831, 833, 911, 923, 965]",0.962427,0.001046
serie_3,379,"[86, 157, 162, 183, 199, 238, 394, 477, 553, 667, 690, 707, 737, 764, 766, 787, 879, 935, 966]",0.959773,0.001051
serie_3,380,"[48, 77, 88, 122, 141, 256, 265, 451, 452, 467, 722, 790, 834, 863, 868, 871, 892, 894, 902]",0.961118,0.001050
serie_3,381,"[114, 305, 336, 337, 355, 358, 382, 450, 536, 558, 616, 619, 632, 659, 726, 740, 771, 873, 941]",0.955308,0.001045
serie_3,382,"[42, 133, 232, 316, 326, 355, 467, 483, 499, 532, 574, 635, 754, 792, 841, 843, 844, 898, 924]",0.962234,0.001050
serie_3,383,"[88, 131, 149, 162, 413, 558, 567, 580, 589, 649, 767, 770, 826, 835, 847, 953, 980, 983, 988]",0.957371,0.001053
serie_3,384,"[2, 71, 122, 138, 151, 205, 254, 383, 389, 403, 477, 549, 589, 596, 835, 869, 916, 942, 971]",0.963049,0.001053
serie_3,385,"[8, 21, 224, 270, 287, 333, 378, 442, 446, 517, 528, 586, 606, 609, 610, 757, 836, 906, 996]",0.951371,0.001045
serie_3,386,"[33, 36, 194, 220, 244, 466, 541, 612, 647, 662, 707, 716, 759, 803, 816, 848, 904, 925, 980]",0.960047,0.001058
serie_3,387,"[86, 87, 132, 343, 351, 418, 534, 569, 659, 692, 695, 738, 786, 816, 823, 857, 907, 936, 965]",0.959102,0.001048
serie_3,388,"[9, 20, 139, 194, 205, 219, 298, 311, 409, 480, 679, 681, 749, 809, 835, 854, 887, 892, 965]",0.961811,0.001052
serie_3,389,"[68, 98, 163, 256, 263, 303, 450, 472, 603, 693, 818, 832, 846, 875, 898, 913, 960, 965, 998]",0.959855,0.001056
serie_3,390,"[44, 56, 81, 132, 134, 165, 249, 308, 324, 344, 377, 379, 409, 696, 843, 857, 897, 938, 991]",0.958519,0.001055
serie_3,391,"[84, 162, 299, 323, 388, 498, 499, 535, 601, 677, 799, 813, 844, 852, 857, 868, 884, 914, 979]",0.963354,0.001067
serie_3,392,"[11, 12, 79, 84, 151, 168, 211, 250, 290, 361, 618, 642, 714, 720, 761, 828, 873, 920, 994]",0.960420,0.001064
serie_3,393,"[51, 119, 196, 558, 598, 611, 630, 631, 643, 662, 678, 679, 767, 819, 821, 823, 831, 919, 927]",0.959017,0.001053
serie_3,394,"[6, 27, 134, 297, 309, 311, 425, 430, 480, 494, 528, 541, 692, 707, 740, 751, 894, 917, 924]",0.958030,0.001060
serie_3,395,"[54, 63, 82, 107, 140, 141, 148, 313, 333, 336, 362, 477, 478, 523, 660, 756, 780, 842, 852]",0.963289,0.001076
serie_3,396,"[96, 270, 323, 328, 396, 455, 510, 571, 576, 677, 696, 700, 749, 791, 883, 918, 940, 941, 957]",0.959808,0.001052
serie_3,397,"[1, 15, 67, 108, 157, 212, 363, 425, 478, 584, 611, 617, 675, 688, 694, 728, 945, 969, 984]",0.959373,0.001060
serie_3,398,"[25, 111, 144, 170, 219, 227, 255, 285, 298, 326, 423, 424, 494, 583, 709, 803, 811, 848, 895]",0.958714,0.001050
serie_3,399,"[11, 54, 141, 142, 187, 257, 259, 274, 327, 358, 416, 427, 501, 547, 594, 638, 655, 795, 797]",0.953458,0.001050
serie_3,400,"[133, 143, 221, 248, 283, 457, 485, 543, 551, 602, 607, 611, 729, 761, 780, 814, 827, 872, 977]",0.957505,0.001055
serie_3,401,"[8, 25, 179, 261, 320, 409, 512, 599, 646, 681, 709, 756, 769, 777, 843, 850, 901, 910, 919]",0.956953,0.001042
serie_3,402,"[186, 306, 376, 448, 466, 482, 485, 578, 620, 626, 667, 692, 700, 778, 834, 889, 918, 967, 987]",0.961710,0.001066
serie_3,403,"[72, 96, 126, 171, 202, 209, 239, 272, 294, 336, 342, 434, 556, 564, 591, 647, 790, 957, 981]",0.959015,0.001059
serie_3,404,"[40, 89, 131, 135, 215, 265, 293, 298, 327, 388, 440, 539, 552, 600, 618, 655, 660, 702, 943]",0.964872,0.001063
serie_3,405,"[125, 131, 310, 436, 495, 501, 537, 556, 557, 561, 574, 605, 654, 700, 734, 772, 847, 901, 996]",0.960086,0.001045
serie_3,406,"[14, 61, 103, 197, 241, 421, 446, 543, 633, 708, 736, 744, 805, 870, 890, 910, 915, 917, 942]",0.957428,0.001073
serie_3,407,"[49, 150, 243, 269, 287, 303, 329, 364, 411, 461, 496, 547, 575, 686, 725, 726, 810, 917, 987]",0.962426,0.001042
serie_3,408,"[90, 120, 231, 295, 313, 339, 353, 475, 477, 514, 655, 755, 803, 898, 913, 922, 928, 979, 986]",0.960722,0.001063
serie_3,409,"[66, 69, 118, 135, 198, 210, 262, 448, 478, 572, 645, 663, 737, 764, 791, 820, 876, 960, 994]",0.961774,0.001048
serie_3,410,"[72, 77, 78, 108, 150, 158, 199, 242, 330, 531, 540, 634, 648, 655, 668, 788, 855, 978, 992]",0.960805,0.001072
serie_3,411,"[5, 16, 72, 131, 137, 218, 462, 491, 514, 545, 625, 649, 679, 708, 725, 818, 970, 998, 999]",0.957955,0.001058
serie_3,412,"[37, 58, 59, 131, 188, 229, 266, 327, 390, 507, 600, 697, 720, 737, 827, 856, 874, 898, 918]",0.960448,0.001046
serie_3,413,"[16, 87, 95, 175, 195, 197, 209, 267, 276, 534, 582, 609, 617, 773, 804, 819, 831, 884, 903]",0.957822,0.001064
serie_3,414,"[107, 253, 259, 296, 341, 439, 489, 558, 602, 637, 658, 676, 718, 755, 789, 857, 873, 903, 958]",0.958294,0.001053
serie_3,415,"[127, 142, 192, 268, 295, 320, 329, 402, 417, 429, 449, 532, 534, 666, 877, 890, 925, 932, 967]",0.954357,0.001064
serie_3,416,"[82, 157, 228, 266, 297, 352, 361, 409, 440, 570, 708, 738, 747, 779, 821, 833, 875, 901, 972]",0.957019,0.001049
serie_3,417,"[206, 253, 280, 331, 393, 430, 541, 547, 580, 602, 618, 629, 635, 707, 718, 766, 782, 818, 865]",0.959970,0.001060
serie_3,418,"[17, 56, 81, 159, 165, 254, 328, 380, 553, 608, 668, 711, 716, 799, 896, 909, 916, 920, 961]",0.959356,0.001047
serie_3,419,"[23, 75, 92, 112, 134, 195, 301, 394, 399, 405, 444, 458, 602, 613, 616, 716, 787, 883, 891]",0.961955,0.001059
serie_3,420,"[7, 37, 79, 105, 119, 146, 225, 321, 445, 454, 455, 475, 526, 580, 666, 867, 875, 973, 978]",0.957417,0.001052
serie_3,421,"[37, 153, 170, 245, 279, 314, 329, 360, 375, 499, 504, 520, 603, 668, 757, 802, 841, 913, 951]",0.960778,0.001056
serie_3,422,"[8, 16, 21, 26, 203, 223, 238, 254, 314, 360, 383, 441, 501, 694, 725, 860, 872, 879, 912]",0.955205,0.001061
serie_3,423,"[126, 129, 289, 332, 363, 376, 398, 438, 440, 465, 533, 559, 660, 762, 913, 941, 954, 966, 998]",0.958965,0.001070
serie_3,424,"[36, 111, 225, 287, 316, 336, 364, 378, 420, 449, 509, 646, 659, 767, 789, 841, 855, 917, 928]",0.960154,0.001071
serie_3,425,"[7, 49, 145, 182, 205, 236, 240, 295, 342, 406, 493, 525, 673, 686, 725, 778, 820, 906, 956]",0.961976,0.001063
serie_3,426,"[86, 153, 161, 202, 254, 316, 359, 439, 472, 539, 573, 685, 744, 750, 754, 774, 801, 873, 981]",0.956338,0.001065
serie_3,427,"[11, 148, 162, 240, 310, 362, 418, 480, 628, 750, 788, 803, 809, 842, 865, 885, 904, 921, 999]",0.960784,0.001055
serie_3,428,"[121, 283, 341, 342, 345, 351, 424, 430, 506, 601, 616, 635, 687, 714, 781, 788, 810, 856, 976]",0.961537,0.001062
serie_3,429,"[68, 89, 130, 306, 307, 344, 448, 472, 477, 508, 629, 730, 750, 767, 802, 872, 952, 955, 967]",0.959987,0.001056
serie_3,430,"[22, 31, 36, 41, 90, 270, 408, 429, 514, 562, 565, 588, 664, 695, 706, 789, 800, 851, 938]",0.957892,0.001075
serie_3,431,"[42, 65, 184, 206, 350, 357, 374, 416, 459, 596, 599, 624, 663, 792, 798, 806, 960, 974, 990]",0.956731,0.001061
serie_3,432,"[84, 125, 143, 192, 203, 284, 286, 457, 467, 531, 663, 666, 749, 751, 800, 905, 913, 918, 961]",0.959569,0.001074
serie_3,433,"[45, 65, 100, 102, 209, 265, 296, 321, 365, 544, 561, 598, 699, 707, 768, 776, 839, 931, 939]",0.962270,0.001052
serie_3,434,"[152, 339, 349, 379, 408, 435, 473, 528, 618, 636, 646, 653, 702, 799, 890, 958, 962, 985, 994]",0.951558,0.001060
serie_3,435,"[48, 55, 58, 85, 86, 97, 130, 260, 330, 332, 337, 435, 439, 620, 692, 822, 882, 883, 991]",0.958850,0.001050
serie_3,436,"[40, 87, 114, 124, 173, 241, 342, 427, 449, 455, 465, 615, 619, 658, 676, 725, 728, 860, 978]",0.964576,0.001073
serie_3,437,"[75, 92, 100, 111, 313, 390, 405, 531, 568, 625, 692, 719, 739, 773, 854, 881, 899, 926, 991]",0.958153,0.001066
serie_3,438,"[36, 53, 100, 149, 158, 221, 241, 411, 468, 496, 615, 622, 667, 688, 750, 794, 818, 860, 923]",0.961748,0.001051
serie_3,439,"[7, 23, 51, 60, 91, 113, 185, 227, 241, 279, 325, 507, 658, 661, 841, 858, 935, 952, 961]",0.963846,0.001060
serie_3,440,"[47, 150, 183, 207, 274, 362, 384, 394, 397, 406, 407, 570, 748, 804, 844, 874, 978, 985, 988]",0.958587,0.001071
serie_3,441,"[25, 33, 36, 52, 63, 91, 200, 223, 230, 280, 330, 823, 829, 838, 853, 855, 874, 899, 957]",0.965316,0.001093
serie_3,442,"[10, 121, 155, 165, 177, 200, 203, 221, 224, 380, 433, 478, 519, 727, 759, 829, 845, 867, 976]",0.957174,0.001086
serie_3,443,"[9, 39, 65, 80, 211, 222, 297, 331, 461, 497, 753, 774, 906, 946, 954, 957, 965, 984, 995]",0.954115,0.001060
serie_3,444,"[42, 53, 70, 302, 317, 403, 424, 493, 624, 634, 657, 660, 721, 764, 789, 805, 909, 927, 945]",0.957338,0.001063
serie_3,445,"[36, 47, 122, 246, 299, 309, 333, 387, 394, 397, 472, 530, 619, 682, 712, 724, 838, 896, 936]",0.959691,0.001063
serie_3,446,"[87, 181, 207, 261, 359, 412, 570, 659, 705, 714, 732, 759, 762, 815, 828, 897, 944, 957, 989]",0.959472,0.001059
serie_3,447,"[2, 79, 94, 187, 201, 273, 291, 390, 499, 522, 532, 545, 576, 590, 643, 660, 678, 784, 883]",0.962874,0.001049
serie_3,448,"[29, 56, 84, 107, 110, 217, 261, 334, 363, 405, 432, 496, 500, 515, 586, 609, 877, 914, 942]",0.961074,0.001068
serie_3,449,"[250, 321, 353, 449, 488, 504, 547, 563, 640, 696, 731, 752, 754, 809, 832, 833, 900, 957, 960]",0.959267,0.001100
serie_3,450,"[7, 35, 53, 103, 233, 358, 379, 432, 483, 600, 657, 706, 734, 774, 792, 838, 878, 938, 964]",0.956218,0.001077
serie_3,451,"[100, 112, 164, 170, 202, 286, 333, 342, 352, 383, 438, 447, 467, 541, 549, 704, 721, 811, 964]",0.962931,0.001085
serie_3,452,"[91, 177, 187, 284, 286, 377, 494, 526, 531, 597, 624, 700, 709, 742, 811, 862, 924, 929, 953]",0.956387,0.001077
serie_3,453,"[33, 91, 122, 192, 257, 307, 545, 551, 592, 627, 637, 664, 728, 731, 736, 812, 813, 840, 920]",0.961815,0.001084
serie_3,454,"[16, 21, 63, 186, 188, 194, 216, 546, 558, 604, 653, 692, 694, 711, 739, 899, 908, 944, 995]",0.957932,0.001101
serie_3,455,"[2, 181, 186, 202, 249, 300, 382, 445, 449, 468, 506, 536, 591, 594, 645, 723, 818, 967, 987]",0.963916,0.001081
serie_3,456,"[81, 129, 157, 177, 215, 264, 291, 327, 343, 368, 439, 442, 550, 559, 585, 598, 625, 778, 950]",0.962444,0.001100
serie_3,457,"[2, 71, 97, 104, 158, 233, 244, 263, 294, 318, 353, 357, 516, 538, 693, 771, 776, 781, 875]",0.963403,0.001057
serie_3,458,"[30, 46, 76, 129, 136, 230, 267, 380, 393, 421, 537, 579, 615, 625, 644, 661, 690, 758, 861]",0.956647,0.001086
serie_3,459,"[110, 116, 126, 153, 154, 242, 293, 330, 331, 335, 433, 621, 688, 710, 797, 800, 925, 961, 963]",0.961884,0.001051
serie_3,460,"[80, 178, 270, 354, 370, 437, 450, 475, 481, 516, 525, 699, 766, 849, 863, 872, 873, 920, 978]",0.960826,0.001164
serie_3,461,"[6, 23, 228, 294, 297, 306, 332, 436, 508, 535, 549, 555, 622, 745, 850, 867, 878, 884, 945]",0.962178,0.001090
serie_3,462,"[246, 334, 365, 504, 511, 526, 541, 548, 551, 559, 574, 587, 593, 681, 688, 693, 697, 884, 899]",0.963617,0.001091
serie_3,463,"[35, 79, 81, 116, 182, 187, 247, 249, 351, 368, 703, 731, 738, 747, 766, 800, 863, 918, 955]",0.961009,0.001094
serie_3,464,"[15, 141, 155, 208, 259, 335, 415, 429, 497, 519, 525, 558, 559, 597, 636, 642, 797, 836, 998]",0.957438,0.001100
serie_3,465,"[209, 222, 232, 265, 315, 346, 374, 391, 412, 578, 614, 729, 747, 790, 884, 954, 974, 996, 999]",0.954250,0.001100
serie_3,466,"[12, 47, 72, 107, 152, 230, 231, 268, 269, 335, 337, 455, 485, 668, 771, 841, 844, 909, 913]",0.962736,0.001086
serie_3,467,"[21, 109, 168, 185, 189, 247, 267, 365, 422, 466, 609, 610, 641, 660, 715, 843, 850, 886, 933]",0.959682,0.001098
serie_3,468,"[73, 76, 81, 99, 156, 163, 322, 340, 450, 499, 517, 559, 562, 611, 654, 666, 706, 787, 797]",0.963660,0.001123
serie_3,469,"[30, 145, 155, 157, 227, 328, 358, 422, 553, 587, 620, 627, 703, 760, 905, 933, 955, 981, 982]",0.957446,0.001023
serie_3,470,"[118, 124, 195, 227, 447, 452, 470, 489, 494, 558, 674, 686, 726, 766, 769, 847, 938, 954, 999]",0.964739,0.001045
serie_3,471,"[10, 61, 70, 144, 203, 216, 225, 263, 498, 548, 563, 566, 584, 611, 665, 705, 845, 894, 923]",0.956226,0.001061
serie_3,472,"[19, 62, 83, 111, 170, 197, 467, 473, 488, 492, 561, 645, 752, 777, 839, 893, 904, 909, 948]",0.950321,0.001055
serie_3,473,"[32, 34, 63, 80, 134, 274, 298, 312, 410, 468, 497, 503, 577, 721, 745, 757, 781, 806, 910]",0.962356,0.001050
serie_3,474,"[42, 138, 148, 185, 189, 214, 252, 279, 310, 328, 379, 546, 562, 596, 619, 866, 903, 915, 968]",0.954603,0.001058
serie_3,475,"[51, 145, 161, 213, 246, 315, 329, 376, 389, 476, 497, 629, 650, 754, 807, 848, 874, 897, 919]",0.957292,0.001064
serie_3,476,"[46, 83, 137, 162, 189, 208, 267, 318, 392, 589, 591, 628, 637, 701, 704, 721, 793, 802, 858]",0.961298,0.001055
serie_3,477,"[47, 84, 128, 185, 231, 232, 233, 255, 342, 389, 396, 467, 581, 719, 784, 823, 843, 875, 902]",0.963137,0.001051
serie_3,478,"[66, 257, 276, 278, 302, 315, 370, 472, 512, 530, 542, 573, 636, 674, 779, 846, 850, 914, 915]",0.961757,0.001062
serie_3,479,"[49, 146, 221, 228, 290, 454, 532, 539, 561, 623, 694, 702, 762, 825, 971, 979, 989, 990, 998]",0.957974,0.001061
serie_3,480,"[26, 66, 211, 418, 454, 509, 531, 555, 666, 750, 774, 804, 832, 892, 896, 941, 945, 977, 993]",0.957065,0.001067
serie_3,481,"[46, 48, 61, 67, 118, 179, 194, 208, 300, 393, 399, 404, 427, 443, 453, 560, 569, 705, 900]",0.956255,0.001058
serie_3,482,"[52, 89, 143, 181, 213, 218, 409, 447, 527, 539, 596, 636, 675, 710, 740, 836, 867, 959, 999]",0.960312,0.001057
serie_3,483,"[41, 69, 115, 227, 253, 323, 325, 350, 391, 527, 700, 729, 751, 817, 830, 843, 893, 915, 936]",0.955519,0.001065
serie_3,484,"[71, 123, 177, 215, 284, 310, 367, 416, 418, 429, 498, 539, 558, 617, 718, 871, 880, 977, 988]",0.954298,0.001060
serie_3,485,"[25, 27, 45, 215, 271, 283, 311, 410, 430, 526, 529, 605, 615, 636, 646, 720, 739, 782, 996]",0.957255,0.001065
serie_3,486,"[29, 32, 41, 95, 143, 315, 317, 362, 390, 422, 535, 548, 616, 653, 664, 753, 883, 917, 922]",0.959200,0.001060
serie_3,487,"[45, 200, 231, 271, 292, 301, 309, 335, 403, 428, 528, 640, 655, 710, 777, 827, 869, 922, 923]",0.958443,0.001060
serie_3,488,"[26, 49, 68, 172, 178, 208, 322, 329, 380, 434, 477, 511, 554, 573, 698, 731, 808, 841, 892]",0.962277,0.001055
serie_3,489,"[48, 86, 90, 120, 168, 195, 264, 283, 376, 390, 424, 453, 487, 571, 654, 664, 753, 810, 928]",0.958913,0.001061
serie_3,490,"[132, 237, 373, 515, 582, 608, 617, 674, 701, 721, 776, 821, 839, 863, 883, 920, 931, 939, 976]",0.963574,0.001070
serie_3,491,"[15, 118, 176, 293, 327, 378, 429, 466, 603, 606, 674, 737, 756, 842, 850, 940, 944, 947, 964]",0.953543,0.001053
serie_3,492,"[27, 45, 48, 72, 76, 87, 122, 206, 212, 298, 331, 489, 502, 575, 749, 842, 884, 944, 969]",0.952799,0.001057
serie_3,493,"[4, 71, 98, 122, 139, 146, 257, 261, 303, 345, 479, 557, 563, 580, 658, 684, 834, 874, 974]",0.958499,0.001070
serie_3,494,"[104, 200, 239, 299, 315, 339, 357, 364, 426, 430, 437, 456, 535, 562, 566, 651, 741, 875, 963]",0.955745,0.001058
serie_3,495,"[70, 107, 117, 153, 238, 296, 327, 383, 491, 515, 519, 608, 686, 747, 815, 832, 943, 958, 997]",0.965670,0.001052
serie_3,496,"[122, 138, 167, 179, 337, 400, 491, 521, 524, 633, 665, 672, 678, 693, 724, 800, 884, 911, 927]",0.962267,0.001068
serie_3,497,"[12, 115, 157, 170, 184, 222, 375, 464, 497, 518, 528, 656, 665, 678, 759, 780, 927, 958, 980]",0.958329,0.001064
serie_3,498,"[210, 218, 289, 342, 343, 358, 364, 389, 472, 528, 532, 649, 675, 683, 745, 750, 786, 932, 953]",0.957474,0.001062
serie_3,499,"[71, 118, 158, 172, 304, 478, 492, 526, 658, 670, 676, 743, 768, 808, 852, 855, 887, 940, 968]",0.957448,0.001056
serie_3,500,"[38, 186, 213, 303, 336, 405, 441, 480, 513, 529, 554, 642, 654, 700, 731, 776, 837, 859, 920]",0.956554,0.001055
serie_3,501,"[8, 9, 79, 100, 248, 268, 290, 445, 462, 468, 527, 570, 600, 626, 631, 683, 704, 770, 998]",0.959984,0.001068
serie_3,502,"[1, 5, 6, 9, 121, 224, 261, 306, 335, 401, 404, 411, 439, 451, 563, 665, 881, 936, 983]",0.961202,0.001073
serie_3,503,"[63, 109, 129, 155, 182, 229, 382, 510, 519, 661, 685, 706, 780, 783, 827, 859, 869, 890, 981]",0.963979,0.001067
serie_3,504,"[8, 103, 133, 157, 163, 210, 315, 524, 551, 602, 659, 727, 734, 768, 807, 891, 932, 942, 989]",0.958337,0.001067
serie_3,505,"[67, 123, 242, 288, 305, 353, 355, 435, 466, 564, 566, 581, 680, 713, 803, 828, 857, 976, 991]",0.959558,0.001059
serie_3,506,"[35, 94, 112, 119, 207, 234, 259, 405, 458, 471, 517, 527, 568, 732, 741, 754, 793, 890, 960]",0.958005,0.001062
serie_3,507,"[120, 138, 166, 168, 176, 191, 202, 425, 444, 466, 517, 542, 585, 611, 791, 834, 836, 905, 906]",0.962924,0.001130
serie_3,508,"[24, 90, 201, 265, 323, 324, 340, 439, 473, 566, 573, 591, 660, 759, 864, 887, 893, 930, 975]",0.952253,0.001081
serie_3,509,"[10, 57, 141, 241, 355, 361, 407, 545, 575, 594, 627, 658, 678, 686, 782, 899, 902, 913, 975]",0.958801,0.001091
serie_3,510,"[10, 16, 131, 214, 228, 324, 349, 369, 373, 495, 500, 564, 687, 787, 809, 835, 909, 970, 973]",0.956880,0.001087
serie_3,511,"[71, 121, 287, 298, 319, 384, 414, 513, 514, 597, 623, 634, 691, 749, 794, 908, 922, 946, 954]",0.963005,0.001090
serie_3,512,"[98, 107, 306, 364, 450, 456, 493, 502, 561, 569, 582, 588, 676, 707, 734, 825, 864, 986, 988]",0.952183,0.001094
serie_3,513,"[65, 72, 262, 271, 282, 284, 341, 350, 351, 382, 387, 415, 556, 611, 695, 706, 873, 898, 914]",0.953347,0.001089
serie_3,514,"[133, 137, 178, 205, 362, 411, 459, 483, 508, 542, 599, 608, 705, 707, 714, 798, 874, 892, 901]",0.962497,0.001094
serie_3,515,"[85, 114, 125, 127, 224, 245, 323, 423, 560, 591, 603, 642, 737, 745, 783, 817, 932, 971, 980]",0.958353,0.001149
serie_3,516,"[6, 48, 56, 132, 161, 168, 290, 315, 356, 397, 410, 602, 643, 775, 786, 826, 886, 934, 973]",0.955295,0.001123
serie_3,517,"[33, 101, 184, 286, 363, 373, 417, 424, 432, 441, 504, 556, 684, 702, 787, 820, 866, 880, 970]",0.957080,0.001087
serie_3,518,"[20, 176, 208, 226, 341, 398, 400, 458, 487, 517, 526, 549, 553, 625, 690, 713, 817, 897, 931]",0.955445,0.001091
serie_3,519,"[30, 212, 281, 301, 334, 346, 365, 375, 426, 470, 506, 513, 534, 672, 700, 824, 838, 843, 937]",0.956813,0.001096
serie_3,520,"[90, 160, 190, 272, 294, 376, 389, 413, 416, 442, 721, 733, 781, 880, 889, 911, 940, 989, 990]",0.959871,0.001067
serie_3,521,"[80, 134, 255, 404, 417, 448, 449, 477, 536, 623, 632, 717, 733, 771, 775, 869, 912, 970, 987]",0.959100,0.001055
serie_3,522,"[119, 124, 137, 202, 205, 277, 327, 468, 527, 538, 623, 649, 735, 788, 841, 842, 877, 950, 952]",0.957920,0.001065
serie_3,523,"[26, 92, 159, 229, 303, 322, 336, 394, 399, 457, 625, 730, 761, 792, 802, 828, 900, 927, 975]",0.957657,0.001060
serie_3,524,"[162, 170, 183, 288, 290, 327, 400, 446, 462, 473, 477, 506, 545, 596, 808, 934, 964, 976, 988]",0.958553,0.001069
serie_3,525,"[51, 90, 114, 132, 285, 299, 346, 359, 405, 424, 430, 446, 473, 487, 614, 852, 892, 923, 936]",0.955128,0.001049
serie_3,526,"[9, 92, 162, 262, 276, 353, 483, 504, 518, 552, 606, 642, 661, 663, 702, 713, 744, 796, 959]",0.959996,0.001066
serie_3,527,"[22, 65, 67, 201, 229, 238, 282, 462, 591, 659, 714, 750, 791, 834, 835, 844, 863, 922, 965]",0.961729,0.001062
serie_3,528,"[35, 73, 155, 156, 239, 285, 286, 536, 583, 655, 706, 708, 747, 757, 867, 890, 914, 948, 979]",0.953224,0.001056
serie_3,529,"[30, 135, 151, 153, 210, 212, 257, 434, 445, 465, 563, 566, 675, 766, 785, 882, 896, 948, 987]",0.961477,0.001162
serie_3,530,"[89, 198, 306, 394, 417, 426, 444, 483, 485, 568, 794, 880, 916, 921, 930, 943, 960, 980, 997]",0.958363,0.001077
serie_3,531,"[203, 235, 274, 275, 371, 387, 398, 413, 433, 543, 576, 583, 704, 708, 791, 846, 967, 979, 980]",0.953091,0.001064
serie_3,532,"[66, 95, 189, 254, 344, 359, 423, 451, 457, 547, 557, 569, 597, 629, 721, 819, 821, 951, 990]",0.960423,0.001058
serie_3,533,"[22, 82, 95, 198, 205, 245, 367, 370, 403, 405, 428, 551, 612, 688, 692, 746, 782, 906, 994]",0.960770,0.001058
serie_3,534,"[132, 136, 167, 265, 421, 506, 514, 517, 525, 563, 568, 610, 660, 676, 677, 694, 749, 862, 867]",0.958023,0.001105
serie_3,535,"[10, 96, 120, 186, 208, 266, 267, 355, 381, 386, 408, 410, 472, 608, 646, 810, 812, 885, 995]",0.955013,0.001097
serie_3,536,"[24, 82, 110, 112, 154, 172, 183, 324, 337, 360, 433, 452, 533, 588, 600, 621, 644, 720, 739]",0.959797,0.001088
serie_3,537,"[30, 76, 88, 131, 147, 164, 183, 209, 317, 350, 401, 431, 522, 578, 586, 819, 843, 909, 929]",0.962024,0.001097
serie_3,538,"[10, 95, 99, 123, 168, 183, 303, 504, 561, 650, 708, 726, 744, 759, 869, 874, 931, 960, 976]",0.952537,0.001099
serie_3,539,"[3, 24, 34, 50, 240, 255, 393, 427, 436, 439, 487, 583, 606, 707, 794, 810, 856, 985, 995]",0.959932,0.001102
serie_3,540,"[37, 139, 181, 298, 326, 366, 410, 474, 658, 684, 759, 784, 808, 826, 866, 879, 925, 932, 957]",0.956509,0.001090
serie_3,541,"[43, 125, 170, 183, 215, 222, 250, 310, 353, 371, 377, 500, 516, 519, 628, 650, 747, 879, 956]",0.957806,0.001091
serie_3,542,"[61, 146, 181, 215, 224, 260, 301, 303, 398, 446, 489, 549, 585, 601, 638, 665, 687, 773, 934]",0.961207,0.001082
serie_3,543,"[28, 34, 101, 128, 130, 131, 196, 279, 317, 430, 470, 550, 565, 623, 707, 782, 957, 984, 998]",0.958771,0.001091
serie_3,544,"[102, 125, 227, 264, 275, 331, 342, 464, 571, 578, 701, 733, 854, 912, 926, 945, 946, 957, 967]",0.961426,0.001095
serie_3,545,"[22, 162, 170, 188, 345, 432, 437, 443, 483, 489, 560, 586, 593, 658, 751, 819, 845, 848, 893]",0.956402,0.001072
serie_3,546,"[159, 271, 293, 311, 313, 415, 416, 460, 596, 677, 753, 792, 873, 912, 924, 973, 983, 996, 998]",0.951362,0.001093
serie_3,547,"[5, 155, 163, 338, 378, 440, 504, 544, 589, 607, 629, 645, 669, 740, 811, 824, 862, 983, 993]",0.959485,0.001059
serie_3,548,"[99, 100, 144, 181, 260, 323, 344, 368, 369, 529, 566, 731, 732, 799, 825, 836, 854, 884, 897]",0.959822,0.001070
serie_3,549,"[52, 131, 147, 188, 391, 398, 459, 498, 534, 537, 553, 588, 624, 631, 685, 896, 968, 982, 995]",0.961301,0.001073
serie_3,550,"[4, 22, 202, 303, 329, 342, 358, 368, 531, 546, 552, 622, 650, 673, 677, 700, 782, 864, 916]",0.957010,0.001067
serie_3,551,"[13, 39, 71, 171, 232, 234, 267, 356, 403, 414, 422, 493, 590, 728, 751, 764, 834, 933, 972]",0.956344,0.001079
serie_3,552,"[12, 26, 85, 123, 174, 226, 239, 329, 336, 405, 475, 613, 830, 835, 862, 873, 939, 967, 990]",0.957682,0.001074
serie_3,553,"[23, 104, 257, 332, 344, 353, 365, 404, 409, 417, 446, 481, 496, 674, 694, 822, 840, 902, 932]",0.954720,0.001062
serie_3,554,"[91, 139, 226, 261, 269, 343, 380, 394, 457, 458, 524, 572, 653, 736, 738, 825, 832, 964, 982]",0.956032,0.001049
serie_3,555,"[26, 107, 114, 121, 152, 238, 330, 336, 452, 492, 538, 542, 577, 596, 650, 667, 684, 816, 898]",0.959467,0.001060
serie_3,556,"[33, 104, 117, 124, 216, 277, 429, 432, 436, 441, 789, 856, 898, 939, 952, 970, 976, 985, 988]",0.955075,0.001065
serie_3,557,"[148, 236, 245, 320, 346, 357, 379, 417, 422, 437, 484, 498, 515, 650, 662, 682, 717, 788, 888]",0.953666,0.001055
serie_3,558,"[62, 111, 175, 186, 245, 330, 427, 441, 517, 604, 606, 681, 744, 745, 774, 788, 817, 822, 878]",0.957063,0.001055
serie_3,559,"[20, 26, 36, 89, 171, 313, 349, 408, 410, 601, 635, 637, 688, 765, 834, 896, 926, 936, 981]",0.959615,0.001066
serie_3,560,"[93, 203, 264, 290, 365, 415, 425, 491, 659, 677, 712, 751, 769, 831, 897, 900, 914, 956, 963]",0.956996,0.001075
serie_3,561,"[110, 204, 235, 269, 394, 462, 472, 527, 665, 671, 677, 697, 715, 779, 841, 875, 941, 971, 977]",0.955633,0.001057
serie_3,562,"[68, 70, 117, 120, 199, 205, 224, 241, 331, 418, 545, 568, 621, 698, 781, 825, 855, 880, 936]",0.961983,0.001066
serie_3,563,"[26, 36, 67, 85, 92, 105, 178, 278, 397, 415, 475, 628, 675, 717, 725, 859, 927, 945, 966]",0.959567,0.001095
serie_3,564,"[11, 42, 55, 69, 89, 182, 218, 255, 297, 596, 624, 658, 753, 795, 801, 860, 874, 914, 961]",0.956464,0.001085
serie_3,565,"[66, 151, 192, 234, 256, 283, 387, 396, 461, 486, 565, 587, 680, 714, 850, 866, 940, 986, 991]",0.962085,0.001087
serie_3,566,"[29, 42, 59, 81, 170, 182, 186, 237, 260, 337, 586, 598, 627, 635, 649, 662, 901, 948, 983]",0.958627,0.001086
serie_3,567,"[61, 68, 101, 137, 248, 312, 323, 386, 410, 437, 458, 519, 616, 629, 648, 755, 816, 865, 916]",0.955394,0.001085
serie_3,568,"[26, 93, 132, 147, 243, 253, 306, 453, 533, 610, 706, 718, 720, 755, 765, 823, 885, 951, 954]",0.958108,0.001081
serie_3,569,"[7, 69, 124, 168, 357, 362, 442, 465, 521, 544, 579, 611, 624, 723, 733, 737, 793, 932, 937]",0.956259,0.001089
serie_3,570,"[26, 28, 126, 150, 180, 244, 277, 329, 382, 397, 416, 426, 435, 440, 567, 630, 649, 670, 918]",0.951364,0.001050
serie_3,571,"[124, 142, 154, 201, 265, 356, 409, 480, 481, 485, 515, 582, 595, 725, 803, 859, 957, 977, 998]",0.961047,0.001059
serie_3,572,"[9, 129, 285, 307, 347, 358, 389, 419, 500, 582, 585, 607, 645, 695, 710, 817, 886, 905, 998]",0.961081,0.001054
serie_3,573,"[173, 268, 274, 278, 317, 345, 419, 463, 543, 586, 598, 599, 624, 670, 774, 786, 856, 912, 976]",0.960886,0.001053
serie_3,574,"[15, 211, 217, 243, 261, 268, 324, 409, 479, 549, 585, 594, 621, 768, 773, 832, 848, 887, 945]",0.957494,0.001050
serie_3,575,"[27, 46, 62, 113, 209, 259, 278, 376, 447, 463, 504, 567, 576, 582, 745, 808, 859, 926, 986]",0.961516,0.001050
serie_3,576,"[290, 298, 373, 374, 393, 403, 600, 623, 639, 642, 643, 656, 787, 794, 815, 851, 866, 936, 979]",0.959838,0.001064
serie_3,577,"[2, 27, 79, 117, 123, 150, 167, 180, 211, 287, 301, 317, 364, 374, 436, 469, 608, 762, 771]",0.958730,0.001052
serie_3,578,"[21, 27, 124, 129, 267, 284, 285, 398, 514, 559, 668, 694, 707, 780, 866, 891, 897, 969, 975]",0.958265,0.001054
serie_3,579,"[67, 100, 168, 257, 289, 314, 371, 565, 588, 638, 643, 668, 730, 795, 802, 876, 901, 904, 921]",0.961580,0.001081
serie_3,580,"[60, 152, 201, 300, 307, 336, 346, 425, 493, 494, 516, 550, 552, 609, 632, 664, 717, 863, 877]",0.960352,0.001056
serie_3,581,"[22, 116, 142, 162, 219, 287, 315, 344, 373, 470, 543, 573, 703, 776, 915, 933, 958, 959, 986]",0.959252,0.001057
serie_3,582,"[29, 200, 235, 238, 373, 383, 424, 474, 506, 535, 569, 634, 715, 777, 861, 905, 910, 944, 989]",0.952543,0.001067
serie_3,583,"[60, 97, 202, 213, 228, 237, 411, 422, 469, 548, 560, 653, 708, 715, 719, 724, 776, 836, 905]",0.958750,0.001067
serie_3,584,"[6, 45, 52, 177, 234, 237, 245, 270, 339, 398, 700, 723, 813, 816, 819, 903, 955, 956, 995]",0.959321,0.001056
serie_3,585,"[108, 118, 175, 326, 328, 442, 508, 532, 579, 634, 725, 733, 797, 805, 816, 826, 911, 914, 950]",0.961685,0.001053
serie_3,586,"[41, 52, 102, 120, 184, 233, 266, 277, 362, 378, 448, 492, 576, 664, 672, 882, 908, 959, 975]",0.959594,0.001050
serie_3,587,"[53, 92, 94, 356, 369, 422, 451, 513, 524, 557, 563, 686, 702, 798, 801, 852, 860, 867, 879]",0.961807,0.001084
serie_3,588,"[150, 189, 221, 222, 248, 265, 300, 383, 490, 553, 642, 721, 755, 789, 854, 868, 897, 921, 947]",0.955050,0.001071
serie_3,589,"[283, 334, 344, 441, 444, 481, 490, 525, 546, 586, 617, 650, 687, 770, 826, 857, 916, 923, 936]",0.957817,0.001075
serie_3,590,"[89, 207, 217, 220, 265, 305, 308, 315, 322, 391, 394, 700, 721, 787, 789, 817, 822, 867, 894]",0.961497,0.001091
serie_3,591,"[6, 50, 75, 107, 157, 159, 206, 239, 243, 320, 594, 677, 692, 693, 727, 788, 790, 881, 975]",0.957800,0.001081
serie_3,592,"[206, 236, 346, 368, 435, 461, 466, 500, 632, 648, 686, 693, 695, 752, 809, 833, 926, 932, 982]",0.958205,0.001090
serie_3,593,"[15, 59, 99, 148, 158, 200, 268, 358, 372, 461, 544, 558, 728, 779, 787, 815, 873, 937, 979]",0.957803,0.001080
serie_3,594,"[89, 123, 124, 155, 163, 217, 324, 333, 454, 505, 532, 563, 571, 728, 732, 777, 790, 873, 946]",0.961102,0.001097
serie_3,595,"[15, 44, 46, 172, 199, 250, 397, 420, 426, 442, 447, 609, 614, 691, 837, 923, 935, 957, 986]",0.952707,0.001100
serie_3,596,"[42, 63, 155, 182, 268, 286, 333, 335, 407, 449, 521, 535, 544, 583, 596, 709, 937, 944, 977]",0.962967,0.001079
serie_3,597,"[40, 79, 163, 202, 248, 354, 357, 358, 424, 437, 465, 495, 505, 590, 607, 638, 668, 672, 754]",0.959412,0.001096
serie_3,598,"[77, 82, 96, 115, 133, 156, 203, 227, 249, 379, 579, 590, 593, 722, 726, 743, 759, 826, 994]",0.963756,0.001101
serie_3,599,"[110, 153, 160, 200, 212, 254, 313, 342, 399, 441, 525, 527, 603, 654, 724, 748, 802, 948, 967]",0.957962,0.001050
serie_3,600,"[47, 200, 303, 339, 341, 359, 431, 482, 579, 716, 724, 740, 796, 853, 888, 905, 911, 912, 973]",0.957330,0.001059
serie_3,601,"[8, 118, 167, 189, 259, 282, 345, 388, 394, 408, 488, 563, 572, 577, 598, 661, 847, 913, 989]",0.961612,0.001067
serie_3,602,"[48, 118, 237, 262, 270, 295, 304, 317, 354, 383, 404, 416, 431, 494, 650, 683, 707, 741, 844]",0.958028,0.001058
serie_3,603,"[43, 142, 188, 261, 317, 360, 423, 446, 449, 482, 483, 534, 551, 621, 655, 719, 947, 955, 968]",0.956350,0.001050
serie_3,604,"[54, 78, 98, 150, 213, 245, 394, 428, 429, 483, 498, 527, 612, 620, 652, 824, 844, 925, 949]",0.959325,0.001049
serie_3,605,"[48, 147, 184, 313, 334, 374, 380, 382, 397, 456, 491, 513, 550, 642, 700, 815, 852, 868, 953]",0.960684,0.001070
serie_3,606,"[66, 157, 164, 218, 231, 234, 270, 395, 412, 446, 557, 574, 619, 687, 761, 833, 842, 876, 926]",0.962375,0.001047
serie_3,607,"[2, 20, 130, 242, 458, 468, 500, 524, 549, 559, 596, 695, 718, 722, 760, 912, 916, 950, 975]",0.959863,0.001055
serie_3,608,"[13, 15, 46, 194, 199, 200, 284, 395, 427, 432, 521, 763, 788, 845, 851, 918, 922, 945, 973]",0.951278,0.001091
serie_3,609,"[5, 60, 126, 183, 238, 263, 298, 317, 410, 411, 440, 445, 468, 485, 629, 686, 710, 763, 960]",0.963017,0.001105
serie_3,610,"[1, 78, 89, 117, 121, 154, 177, 217, 302, 364, 401, 465, 541, 551, 565, 716, 843, 854, 860]",0.964083,0.001095
serie_3,611,"[34, 59, 75, 195, 285, 286, 287, 338, 430, 489, 609, 654, 661, 705, 795, 820, 841, 918, 953]",0.957818,0.001075
serie_3,612,"[39, 127, 173, 186, 473, 683, 690, 705, 722, 791, 797, 813, 861, 884, 924, 925, 940, 945, 951]",0.959585,0.001109
serie_3,613,"[11, 88, 134, 179, 205, 269, 421, 428, 493, 510, 585, 618, 664, 680, 801, 817, 874, 906, 977]",0.956565,0.001077
serie_3,614,"[16, 18, 24, 65, 87, 158, 176, 297, 306, 310, 380, 501, 559, 668, 692, 698, 708, 768, 961]",0.964131,0.001062
serie_3,615,"[7, 116, 117, 218, 282, 315, 376, 460, 469, 497, 507, 555, 593, 727, 768, 782, 872, 926, 993]",0.961283,0.001049
serie_3,616,"[10, 79, 86, 106, 113, 194, 205, 282, 305, 366, 390, 412, 416, 440, 722, 843, 862, 908, 931]",0.957059,0.001079
serie_3,617,"[69, 96, 205, 212, 354, 366, 386, 390, 466, 552, 592, 618, 664, 722, 843, 851, 867, 963, 990]",0.960499,0.001050
serie_3,618,"[105, 220, 298, 360, 373, 458, 502, 618, 621, 665, 738, 751, 767, 793, 831, 855, 879, 893, 979]",0.958043,0.001050
serie_3,619,"[10, 93, 98, 210, 345, 350, 455, 457, 547, 564, 658, 755, 803, 810, 817, 846, 859, 864, 936]",0.958316,0.001061
serie_3,620,"[74, 144, 166, 191, 225, 515, 582, 670, 707, 710, 795, 829, 873, 875, 910, 925, 938, 943, 959]",0.962776,0.001069
serie_3,621,"[42, 55, 121, 165, 200, 271, 497, 508, 537, 564, 659, 661, 677, 695, 739, 746, 847, 873, 919]",0.959439,0.001071
serie_3,622,"[104, 234, 242, 279, 308, 331, 337, 479, 599, 645, 656, 793, 808, 820, 823, 873, 952, 958, 998]",0.957585,0.001054
serie_3,623,"[69, 143, 168, 171, 317, 422, 438, 507, 560, 604, 606, 617, 634, 688, 718, 803, 839, 852, 879]",0.960034,0.001049
serie_3,624,"[14, 80, 95, 126, 134, 396, 495, 505, 618, 630, 669, 762, 802, 828, 832, 838, 847, 927, 992]",0.956620,0.001055
serie_3,625,"[56, 176, 208, 242, 271, 334, 435, 454, 461, 465, 490, 690, 760, 766, 802, 857, 862, 917, 964]",0.960907,0.001050
serie_3,626,"[63, 64, 93, 113, 225, 259, 267, 290, 313, 378, 506, 680, 734, 828, 832, 855, 870, 909, 981]",0.961758,0.001045
serie_3,627,"[3, 21, 41, 62, 119, 126, 154, 206, 243, 335, 439, 443, 576, 631, 638, 749, 782, 807, 882]",0.958617,0.001050
serie_3,628,"[1, 49, 92, 192, 312, 315, 476, 525, 537, 583, 625, 666, 693, 721, 881, 898, 942, 944, 974]",0.958750,0.001054
serie_3,629,"[41, 62, 134, 191, 203, 240, 247, 335, 341, 365, 400, 627, 749, 838, 935, 955, 969, 980, 985]",0.962085,0.001050
serie_3,630,"[75, 244, 270, 310, 360, 411, 483, 543, 581, 625, 626, 632, 720, 746, 867, 885, 895, 956, 963]",0.959717,0.001051
serie_3,631,"[26, 106, 128, 149, 154, 191, 206, 241, 294, 430, 632, 635, 723, 753, 793, 867, 886, 893, 906]",0.956217,0.001050
serie_3,632,"[2, 5, 19, 111, 185, 238, 262, 266, 399, 574, 592, 695, 748, 818, 842, 858, 882, 887, 998]",0.959680,0.001055
serie_3,633,"[50, 63, 146, 175, 189, 253, 300, 352, 395, 479, 587, 619, 661, 681, 717, 861, 871, 963, 975]",0.961184,0.001050
serie_3,634,"[191, 198, 212, 224, 235, 294, 383, 403, 470, 594, 633, 680, 696, 744, 858, 916, 931, 968, 976]",0.957647,0.001051
serie_3,635,"[49, 70, 215, 220, 257, 264, 280, 283, 426, 459, 506, 624, 704, 826, 838, 846, 919, 954, 980]",0.953094,0.001066
serie_3,636,"[42, 91, 126, 182, 272, 279, 506, 529, 568, 671, 687, 707, 785, 823, 828, 830, 864, 871, 925]",0.959678,0.001059
serie_3,637,"[11, 13, 20, 45, 72, 83, 137, 230, 420, 466, 485, 577, 683, 731, 770, 816, 827, 844, 851]",0.957251,0.001059
serie_3,638,"[14, 60, 72, 88, 137, 176, 262, 278, 347, 472, 557, 676, 739, 757, 826, 831, 845, 862, 967]",0.954893,0.001049
serie_3,639,"[46, 48, 64, 71, 76, 95, 274, 296, 332, 379, 412, 420, 465, 551, 564, 788, 862, 872, 985]",0.958456,0.001057
serie_3,640,"[37, 46, 158, 172, 201, 262, 350, 458, 470, 498, 500, 516, 566, 619, 632, 655, 909, 924, 951]",0.957606,0.001058
serie_3,641,"[45, 59, 61, 63, 165, 345, 567, 576, 678, 680, 752, 769, 809, 810, 854, 881, 882, 941, 986]",0.959340,0.001052
serie_3,642,"[51, 79, 89, 193, 196, 248, 328, 373, 375, 444, 539, 592, 637, 641, 838, 841, 907, 937, 945]",0.959123,0.001050
serie_3,643,"[10, 66, 80, 143, 207, 208, 233, 248, 308, 399, 403, 411, 447, 652, 666, 726, 837, 883, 947]",0.958115,0.001055
serie_3,644,"[30, 117, 119, 167, 176, 330, 372, 471, 494, 531, 561, 623, 694, 725, 810, 814, 908, 914, 973]",0.959941,0.001053
serie_3,645,"[105, 111, 150, 222, 254, 268, 292, 337, 377, 406, 414, 479, 595, 624, 631, 818, 931, 957, 986]",0.955437,0.001062
serie_3,646,"[153, 160, 317, 485, 488, 491, 503, 530, 577, 652, 666, 702, 705, 716, 889, 893, 914, 940, 953]",0.959106,0.001062
serie_3,647,"[78, 98, 160, 179, 220, 234, 316, 401, 430, 607, 740, 748, 753, 807, 916, 927, 962, 971, 999]",0.957127,0.001054
serie_3,648,"[2, 37, 50, 297, 308, 323, 404, 406, 424, 455, 600, 646, 719, 745, 858, 913, 919, 925, 961]",0.960595,0.001060
serie_3,649,"[1, 271, 413, 417, 456, 475, 496, 579, 667, 841, 863, 864, 905, 922, 928, 936, 944, 979, 997]",0.959677,0.001063
serie_3,650,"[101, 127, 203, 293, 295, 376, 430, 492, 535, 547, 574, 583, 677, 693, 758, 782, 806, 866, 874]",0.957595,0.001055
serie_3,651,"[14, 45, 51, 58, 174, 189, 389, 469, 490, 513, 590, 631, 713, 741, 810, 936, 939, 951, 983]",0.962578,0.001051
serie_3,652,"[64, 172, 197, 238, 286, 289, 304, 316, 367, 427, 496, 707, 738, 741, 795, 842, 847, 872, 972]",0.959244,0.001052
serie_3,653,"[5, 29, 30, 89, 175, 212, 234, 418, 671, 724, 731, 787, 805, 887, 893, 927, 941, 986, 998]",0.964286,0.001055
serie_3,654,"[204, 235, 373, 405, 414, 430, 491, 568, 614, 624, 672, 698, 714, 753, 804, 812, 849, 870, 956]",0.958096,0.001053
serie_3,655,"[165, 200, 232, 246, 323, 346, 505, 541, 568, 589, 592, 601, 625, 648, 720, 735, 752, 867, 917]",0.954598,0.001052
serie_3,656,"[18, 30, 192, 283, 389, 398, 465, 495, 663, 712, 787, 798, 807, 850, 867, 909, 927, 976, 983]",0.961957,0.001064
serie_3,657,"[96, 143, 167, 236, 343, 374, 458, 471, 488, 539, 613, 676, 712, 739, 766, 821, 891, 922, 974]",0.957645,0.001043
serie_3,658,"[274, 359, 422, 492, 541, 570, 577, 608, 669, 674, 675, 706, 762, 793, 800, 819, 877, 904, 934]",0.959992,0.001059
serie_3,659,"[86, 98, 120, 127, 241, 244, 247, 345, 356, 376, 377, 433, 574, 614, 709, 717, 813, 870, 981]",0.965028,0.001051
serie_3,660,"[13, 23, 68, 88, 143, 259, 357, 381, 525, 671, 699, 745, 766, 769, 814, 820, 895, 984, 991]",0.957311,0.001070
serie_3,661,"[48, 58, 132, 135, 231, 276, 281, 320, 345, 363, 485, 598, 658, 784, 797, 879, 881, 888, 952]",0.960368,0.001054
serie_3,662,"[18, 73, 79, 103, 121, 165, 250, 284, 404, 462, 624, 644, 657, 672, 677, 699, 838, 886, 941]",0.957384,0.001053
serie_3,663,"[25, 67, 107, 129, 138, 146, 158, 165, 215, 240, 259, 284, 291, 440, 456, 547, 552, 676, 820]",0.961472,0.001058
serie_3,664,"[116, 163, 214, 234, 317, 398, 464, 531, 593, 612, 668, 672, 685, 694, 715, 860, 906, 922, 971]",0.962614,0.001063
serie_3,665,"[172, 217, 433, 557, 594, 617, 669, 700, 721, 725, 726, 768, 775, 784, 827, 873, 968, 971, 977]",0.958826,0.001068
serie_3,666,"[21, 50, 55, 96, 114, 238, 444, 462, 465, 495, 496, 594, 615, 669, 693, 748, 760, 961, 972]",0.959912,0.001045
serie_3,667,"[94, 211, 250, 274, 329, 344, 409, 433, 493, 588, 712, 790, 808, 841, 853, 879, 899, 981, 989]",0.961812,0.001075
serie_3,668,"[50, 109, 115, 119, 137, 213, 233, 404, 408, 421, 460, 481, 489, 498, 568, 678, 840, 920, 924]",0.955963,0.001090
serie_3,669,"[26, 109, 111, 278, 354, 357, 359, 387, 461, 533, 562, 623, 654, 683, 831, 833, 865, 883, 908]",0.958793,0.001075
serie_3,670,"[164, 166, 190, 217, 274, 301, 450, 475, 526, 546, 666, 675, 694, 720, 722, 799, 829, 860, 927]",0.960819,0.001060
serie_3,671,"[198, 240, 262, 276, 339, 511, 539, 627, 658, 698, 723, 797, 825, 831, 841, 846, 876, 887, 944]",0.957151,0.001065
serie_3,672,"[62, 237, 271, 318, 354, 412, 505, 554, 598, 619, 622, 625, 697, 722, 727, 776, 868, 873, 929]",0.957910,0.001060
serie_3,673,"[2, 88, 91, 124, 141, 230, 266, 365, 475, 512, 559, 603, 692, 744, 826, 860, 869, 888, 964]",0.964940,0.001042
serie_3,674,"[101, 132, 195, 205, 310, 322, 375, 511, 581, 623, 629, 653, 770, 785, 823, 833, 858, 972, 973]",0.961268,0.001062
serie_3,675,"[73, 126, 186, 337, 358, 380, 437, 452, 474, 489, 529, 642, 703, 758, 784, 785, 806, 859, 865]",0.957003,0.001058
serie_3,676,"[60, 112, 128, 133, 187, 220, 221, 235, 236, 362, 393, 413, 483, 560, 684, 687, 908, 914, 942]",0.958410,0.001057
serie_3,677,"[15, 35, 62, 205, 223, 239, 301, 338, 414, 453, 474, 529, 536, 561, 599, 610, 738, 771, 948]",0.956482,0.001061
serie_3,678,"[51, 69, 217, 302, 327, 368, 386, 510, 548, 588, 589, 625, 661, 672, 673, 794, 869, 950, 975]",0.957504,0.001063
serie_3,679,"[182, 229, 233, 267, 311, 356, 360, 373, 415, 445, 520, 757, 790, 828, 895, 916, 931, 937, 995]",0.956491,0.001068
serie_3,680,"[22, 47, 72, 215, 301, 315, 344, 375, 404, 422, 489, 593, 635, 659, 675, 777, 782, 785, 838]",0.956441,0.001057
serie_3,681,"[76, 84, 160, 175, 177, 359, 413, 443, 475, 539, 541, 591, 620, 686, 701, 847, 853, 922, 998]",0.959564,0.001052
serie_3,682,"[57, 61, 82, 176, 188, 190, 194, 301, 369, 423, 446, 453, 466, 499, 500, 536, 655, 682, 835]",0.963276,0.001065
serie_3,683,"[24, 88, 90, 118, 284, 301, 318, 414, 452, 536, 598, 615, 631, 698, 739, 751, 799, 920, 945]",0.959410,0.001053
serie_3,684,"[6, 72, 79, 176, 323, 346, 395, 419, 433, 474, 511, 557, 646, 662, 776, 812, 839, 903, 940]",0.957707,0.001050
serie_3,685,"[36, 64, 139, 142, 204, 241, 254, 267, 277, 332, 471, 491, 566, 567, 662, 685, 846, 893, 896]",0.959670,0.001051
serie_3,686,"[10, 74, 95, 153, 169, 194, 289, 314, 343, 454, 474, 565, 602, 638, 785, 798, 802, 804, 881]",0.960745,0.001064
serie_3,687,"[26, 60, 65, 126, 165, 174, 330, 340, 447, 457, 611, 672, 703, 714, 745, 774, 906, 917, 924]",0.960315,0.001063
serie_3,688,"[4, 6, 17, 30, 34, 195, 232, 300, 350, 427, 428, 450, 639, 665, 697, 719, 823, 858, 915]",0.958544,0.001059
serie_3,689,"[15, 105, 163, 172, 204, 291, 367, 429, 451, 486, 494, 509, 650, 806, 846, 894, 923, 944, 998]",0.960362,0.001064
serie_3,690,"[82, 123, 132, 141, 151, 206, 268, 284, 382, 423, 441, 456, 577, 632, 706, 736, 790, 885, 958]",0.960904,0.001055
serie_3,691,"[113, 118, 147, 150, 273, 343, 358, 447, 449, 484, 536, 625, 697, 708, 711, 763, 793, 862, 924]",0.956588,0.001058
serie_3,692,"[43, 59, 82, 122, 263, 281, 392, 432, 542, 644, 662, 762, 786, 818, 895, 898, 921, 924, 953]",0.962553,0.001065
serie_3,693,"[5, 46, 56, 68, 160, 183, 280, 294, 328, 336, 394, 467, 517, 560, 564, 655, 680, 734, 977]",0.961923,0.001066
serie_3,694,"[102, 297, 302, 339, 432, 446, 456, 463, 530, 561, 578, 648, 667, 672, 837, 855, 875, 954, 996]",0.956713,0.001061
serie_3,695,"[42, 122, 126, 174, 194, 280, 315, 338, 360, 363, 377, 392, 479, 548, 584, 683, 714, 857, 908]",0.960411,0.001050
serie_3,696,"[2, 39, 56, 78, 239, 268, 335, 378, 523, 531, 548, 565, 591, 744, 856, 953, 959, 979, 983]",0.953164,0.001080
serie_3,697,"[19, 119, 210, 260, 263, 320, 377, 461, 472, 586, 596, 622, 646, 664, 665, 781, 795, 823, 927]",0.957334,0.001129
serie_3,698,"[3, 27, 30, 204, 336, 380, 465, 474, 708, 716, 723, 767, 833, 846, 866, 873, 939, 975, 980]",0.957307,0.001161
serie_3,699,"[29, 46, 47, 71, 94, 103, 185, 227, 241, 295, 383, 461, 658, 801, 817, 857, 877, 950, 959]",0.962569,0.001101
serie_3,700,"[8, 12, 69, 120, 149, 253, 383, 390, 393, 415, 461, 503, 519, 530, 532, 674, 682, 832, 966]",0.958995,0.001261
serie_3,701,"[45, 50, 97, 114, 120, 121, 215, 356, 443, 485, 563, 611, 697, 717, 735, 765, 834, 966, 968]",0.960791,0.001310
serie_3,702,"[62, 159, 168, 323, 396, 420, 439, 486, 529, 537, 654, 777, 856, 873, 888, 900, 904, 919, 937]",0.959741,0.001189
serie_3,703,"[119, 141, 192, 261, 275, 277, 347, 360, 393, 496, 584, 604, 680, 719, 722, 776, 929, 941, 990]",0.960547,0.001227
serie_3,704,"[3, 47, 59, 113, 191, 381, 489, 532, 551, 574, 688, 702, 753, 771, 794, 851, 943, 947, 952]",0.961151,0.001176
serie_3,705,"[10, 85, 125, 199, 301, 385, 445, 467, 549, 592, 643, 645, 686, 688, 698, 703, 815, 938, 975]",0.961498,0.001180
serie_3,706,"[1, 38, 51, 90, 245, 310, 338, 441, 475, 486, 491, 523, 594, 708, 751, 767, 774, 799, 849]",0.959904,0.001184
serie_3,707,"[21, 153, 226, 503, 539, 558, 564, 573, 574, 575, 603, 629, 674, 692, 791, 856, 893, 918, 943]",0.961205,0.001280
serie_3,708,"[9, 122, 176, 204, 216, 250, 345, 389, 478, 490, 583, 673, 730, 768, 786, 868, 965, 967, 999]",0.960744,0.001195
serie_3,709,"[14, 18, 68, 101, 149, 170, 210, 241, 258, 276, 416, 458, 466, 529, 666, 688, 723, 936, 972]",0.957558,0.001317
serie_3,710,"[26, 43, 128, 223, 226, 257, 283, 418, 444, 522, 574, 680, 753, 806, 826, 857, 956, 965, 987]",0.952523,0.001333
serie_3,711,"[61, 154, 172, 203, 208, 242, 312, 360, 424, 510, 526, 589, 598, 600, 604, 692, 794, 873, 920]",0.961099,0.001227
serie_3,712,"[22, 101, 130, 253, 297, 324, 354, 390, 415, 554, 569, 602, 650, 681, 714, 752, 826, 859, 881]",0.958858,0.001304
serie_3,713,"[35, 47, 103, 115, 140, 305, 357, 360, 421, 520, 610, 658, 670, 793, 800, 905, 907, 923, 981]",0.960779,0.001235
serie_3,714,"[88, 122, 142, 206, 267, 442, 504, 544, 553, 575, 639, 711, 755, 798, 804, 829, 843, 855, 974]",0.956533,0.001166
serie_3,715,"[73, 91, 161, 240, 328, 465, 506, 568, 576, 590, 597, 635, 712, 860, 870, 874, 905, 912, 927]",0.961185,0.001149
serie_3,716,"[49, 85, 136, 145, 157, 241, 263, 275, 286, 343, 390, 430, 655, 657, 666, 698, 897, 976, 983]",0.964130,0.001191
serie_3,717,"[33, 77, 95, 231, 242, 298, 313, 420, 431, 479, 490, 492, 520, 538, 542, 634, 744, 964, 976]",0.954945,0.001218
serie_3,718,"[4, 64, 77, 85, 130, 199, 209, 227, 239, 338, 449, 451, 470, 476, 608, 638, 657, 998, 999]",0.958921,0.001115
serie_3,719,"[20, 123, 180, 253, 337, 358, 379, 380, 507, 518, 561, 569, 676, 712, 714, 760, 803, 823, 884]",0.948644,0.001093
serie_3,720,"[82, 112, 300, 331, 402, 448, 507, 614, 642, 651, 675, 692, 700, 784, 864, 874, 884, 927, 977]",0.957777,0.001094
serie_3,721,"[11, 46, 71, 116, 128, 159, 167, 196, 221, 225, 338, 502, 653, 682, 699, 806, 886, 926, 929]",0.959376,0.001255
serie_3,722,"[74, 76, 179, 220, 313, 348, 358, 370, 432, 513, 569, 660, 741, 743, 780, 816, 919, 936, 972]",0.957211,0.001334
serie_3,723,"[159, 176, 186, 243, 256, 289, 323, 393, 400, 402, 438, 456, 528, 529, 620, 803, 811, 957, 966]",0.961599,0.001116
serie_3,724,"[17, 97, 101, 124, 134, 151, 168, 245, 273, 330, 381, 476, 543, 586, 688, 710, 739, 745, 965]",0.958868,0.001228
serie_3,725,"[17, 200, 253, 348, 369, 410, 419, 436, 462, 477, 651, 689, 773, 826, 862, 886, 932, 961, 969]",0.954585,0.001099
serie_3,726,"[67, 123, 163, 175, 198, 222, 333, 398, 458, 472, 503, 520, 742, 746, 771, 801, 806, 827, 857]",0.958177,0.001096
serie_3,727,"[38, 42, 52, 84, 159, 181, 192, 207, 248, 358, 414, 426, 522, 610, 620, 703, 768, 851, 962]",0.956716,0.001090
serie_3,728,"[73, 147, 152, 201, 259, 390, 591, 601, 622, 627, 649, 679, 736, 810, 829, 899, 929, 941, 992]",0.956149,0.001208
serie_3,729,"[93, 146, 161, 222, 289, 296, 366, 405, 500, 516, 566, 607, 633, 713, 723, 773, 817, 894, 898]",0.960777,0.001101
serie_3,730,"[99, 297, 388, 391, 456, 519, 521, 572, 602, 697, 756, 762, 763, 791, 802, 872, 925, 954, 988]",0.959684,0.001094
serie_3,731,"[44, 191, 192, 232, 247, 283, 295, 307, 358, 411, 432, 469, 548, 630, 638, 714, 800, 846, 949]",0.963988,0.001214
serie_3,732,"[14, 22, 74, 92, 103, 159, 160, 192, 202, 246, 306, 403, 507, 578, 617, 655, 817, 854, 872]",0.959297,0.001110
serie_3,733,"[50, 98, 113, 122, 145, 251, 255, 610, 648, 660, 689, 697, 725, 851, 868, 871, 941, 974, 982]",0.956620,0.001092
serie_3,734,"[163, 204, 260, 264, 289, 317, 385, 387, 399, 470, 509, 543, 629, 774, 840, 906, 911, 970, 983]",0.959068,0.001090
serie_3,735,"[78, 225, 348, 368, 370, 427, 442, 466, 509, 591, 608, 742, 816, 820, 836, 873, 879, 957, 985]",0.960829,0.001091
serie_3,736,"[176, 266, 341, 382, 422, 477, 498, 544, 585, 613, 711, 727, 750, 777, 815, 859, 897, 923, 989]",0.961224,0.001084
serie_3,737,"[26, 32, 35, 113, 159, 195, 214, 287, 298, 371, 395, 427, 519, 527, 549, 747, 795, 796, 863]",0.955476,0.001083
serie_3,738,"[75, 91, 116, 136, 217, 298, 327, 329, 372, 496, 549, 551, 569, 783, 803, 811, 863, 887, 904]",0.963696,0.001080
serie_3,739,"[139, 167, 195, 196, 233, 250, 301, 350, 365, 393, 465, 469, 500, 521, 535, 643, 679, 951, 987]",0.963829,0.001101
serie_3,740,"[6, 29, 50, 80, 125, 177, 216, 255, 336, 351, 540, 616, 717, 742, 750, 765, 825, 894, 953]",0.955624,0.001072
serie_3,741,"[54, 134, 141, 153, 200, 400, 411, 435, 448, 534, 549, 570, 691, 753, 765, 789, 933, 944, 959]",0.958845,0.001058
serie_3,742,"[69, 98, 200, 203, 289, 315, 400, 410, 433, 531, 599, 610, 752, 759, 776, 845, 906, 923, 943]",0.961422,0.001050
serie_3,743,"[15, 54, 76, 162, 181, 211, 455, 487, 597, 621, 634, 679, 742, 746, 767, 827, 876, 946, 988]",0.955716,0.001056
serie_3,744,"[91, 112, 120, 179, 342, 370, 440, 457, 565, 566, 582, 651, 653, 749, 849, 878, 940, 942, 970]",0.959230,0.001045
serie_3,745,"[32, 36, 151, 192, 202, 209, 248, 359, 371, 375, 477, 507, 531, 572, 587, 665, 730, 797, 942]",0.962451,0.001055
serie_3,746,"[70, 125, 192, 205, 277, 416, 611, 616, 687, 700, 717, 742, 751, 816, 889, 930, 936, 947, 953]",0.963904,0.001054
serie_3,747,"[42, 47, 101, 168, 238, 275, 352, 396, 607, 636, 670, 733, 790, 800, 810, 871, 912, 971, 980]",0.964968,0.001060
serie_3,748,"[181, 196, 223, 231, 267, 344, 442, 443, 619, 632, 667, 679, 686, 699, 768, 902, 967, 995, 999]",0.961566,0.001079
serie_3,749,"[39, 119, 161, 223, 452, 453, 575, 652, 691, 696, 738, 814, 844, 874, 909, 935, 962, 987, 997]",0.962211,0.001117
serie_3,750,"[196, 218, 240, 251, 317, 327, 357, 414, 490, 592, 603, 624, 651, 654, 714, 795, 843, 942, 971]",0.962133,0.001074
serie_3,751,"[3, 79, 91, 201, 215, 352, 354, 405, 413, 417, 426, 448, 480, 512, 665, 775, 857, 974, 977]",0.956587,0.001097
serie_3,752,"[9, 46, 124, 140, 244, 445, 487, 521, 529, 606, 638, 714, 724, 730, 797, 803, 851, 882, 908]",0.962527,0.001063
serie_3,753,"[84, 95, 118, 214, 307, 452, 470, 497, 541, 585, 642, 688, 713, 766, 800, 823, 911, 912, 947]",0.963208,0.001053
serie_3,754,"[13, 56, 67, 77, 98, 101, 192, 231, 286, 314, 472, 484, 501, 533, 548, 629, 646, 709, 982]",0.960550,0.001064
serie_3,755,"[71, 161, 167, 208, 252, 253, 270, 395, 503, 513, 568, 585, 595, 709, 760, 786, 856, 890, 982]",0.959616,0.001050
serie_3,756,"[10, 43, 44, 45, 73, 114, 139, 211, 246, 281, 322, 428, 533, 614, 728, 795, 886, 898, 989]",0.959893,0.001047
serie_3,757,"[21, 66, 167, 169, 213, 232, 233, 324, 334, 463, 574, 585, 726, 743, 760, 856, 889, 906, 927]",0.959761,0.001057
serie_3,758,"[114, 123, 217, 231, 256, 300, 335, 486, 544, 578, 581, 647, 655, 741, 747, 801, 883, 927, 960]",0.959966,0.001047
serie_3,759,"[25, 55, 77, 129, 211, 348, 375, 456, 457, 458, 501, 583, 639, 736, 770, 822, 875, 895, 979]",0.959687,0.001133
serie_3,760,"[112, 184, 262, 278, 383, 416, 523, 528, 552, 630, 638, 687, 770, 844, 911, 935, 950, 964, 994]",0.959353,0.001103
serie_3,761,"[24, 53, 71, 91, 157, 183, 193, 228, 311, 378, 379, 381, 444, 514, 644, 762, 898, 946, 977]",0.962644,0.001138
serie_3,762,"[41, 76, 89, 95, 147, 203, 249, 278, 400, 481, 559, 629, 635, 659, 699, 754, 855, 880, 996]",0.958050,0.001154
serie_3,763,"[68, 99, 150, 297, 300, 312, 350, 361, 418, 452, 471, 486, 717, 719, 820, 822, 863, 962, 970]",0.960455,0.001260
serie_3,764,"[31, 50, 88, 135, 149, 160, 193, 318, 378, 391, 421, 478, 561, 629, 828, 875, 904, 933, 940]",0.960667,0.001129
serie_3,765,"[15, 96, 105, 170, 182, 259, 276, 295, 470, 503, 581, 589, 657, 670, 697, 706, 760, 783, 794]",0.959616,0.001094
serie_3,766,"[29, 80, 139, 147, 192, 207, 246, 328, 344, 399, 519, 568, 570, 711, 732, 820, 842, 893, 927]",0.960156,0.001094
serie_3,767,"[105, 189, 233, 250, 262, 387, 558, 593, 615, 618, 735, 822, 848, 858, 867, 895, 932, 934, 994]",0.961625,0.001072
serie_3,768,"[27, 28, 91, 173, 351, 372, 417, 447, 466, 506, 564, 600, 623, 705, 762, 789, 810, 819, 823]",0.958419,0.001080
serie_3,769,"[98, 307, 323, 502, 507, 522, 541, 545, 575, 602, 630, 682, 710, 767, 777, 830, 904, 921, 936]",0.960973,0.001082
serie_3,770,"[50, 72, 183, 310, 326, 402, 414, 471, 503, 522, 526, 543, 545, 574, 575, 792, 850, 856, 932]",0.959577,0.001090
serie_3,771,"[16, 31, 286, 329, 351, 363, 382, 572, 613, 695, 706, 725, 754, 784, 856, 863, 961, 971, 998]",0.958424,0.001082
serie_3,772,"[5, 137, 192, 204, 210, 240, 300, 383, 399, 510, 523, 632, 645, 666, 667, 770, 797, 835, 984]",0.957866,0.001085
serie_3,773,"[64, 99, 111, 124, 174, 189, 225, 285, 448, 458, 514, 562, 661, 685, 740, 754, 779, 834, 837]",0.960880,0.001149
serie_3,774,"[36, 48, 61, 92, 261, 510, 565, 637, 645, 725, 753, 789, 801, 857, 878, 900, 914, 928, 944]",0.959429,0.001091
serie_3,775,"[5, 53, 95, 162, 209, 220, 266, 293, 437, 446, 511, 547, 627, 644, 693, 703, 830, 963, 990]",0.954421,0.001083
serie_3,776,"[1, 13, 153, 175, 183, 187, 227, 289, 484, 626, 627, 643, 680, 701, 792, 866, 872, 963, 966]",0.961775,0.001115
serie_3,777,"[101, 184, 373, 403, 477, 496, 529, 547, 577, 608, 647, 684, 785, 787, 829, 865, 913, 957, 977]",0.957986,0.001064
serie_3,778,"[165, 197, 237, 397, 404, 434, 584, 594, 638, 659, 707, 721, 749, 753, 759, 765, 788, 837, 999]",0.960391,0.001515
serie_3,779,"[27, 32, 47, 56, 82, 113, 160, 344, 390, 398, 456, 461, 520, 543, 615, 674, 782, 893, 926]",0.962065,0.002410
serie_3,780,"[71, 96, 181, 183, 210, 261, 298, 311, 324, 364, 369, 387, 477, 625, 669, 802, 889, 967, 994]",0.960291,0.002108
serie_3,781,"[16, 42, 119, 125, 139, 179, 281, 372, 424, 521, 551, 618, 710, 735, 747, 803, 813, 820, 901]",0.961435,0.002575
serie_3,782,"[84, 107, 140, 184, 238, 325, 330, 374, 392, 480, 499, 500, 560, 589, 634, 641, 642, 695, 988]",0.961624,0.002125
serie_3,783,"[11, 48, 105, 137, 248, 323, 348, 440, 482, 532, 604, 726, 772, 782, 796, 885, 905, 958, 986]",0.954949,0.002110
serie_3,784,"[3, 38, 76, 226, 238, 308, 382, 410, 496, 596, 598, 618, 675, 734, 757, 882, 957, 964, 980]",0.959049,0.001020
serie_3,785,"[85, 182, 184, 261, 288, 328, 387, 438, 507, 508, 546, 580, 599, 664, 750, 768, 788, 969, 984]",0.957898,0.001028
serie_3,786,"[163, 214, 298, 299, 352, 385, 404, 441, 473, 580, 583, 601, 633, 682, 797, 799, 812, 871, 922]",0.962403,0.001015
serie_3,787,"[59, 165, 182, 272, 281, 286, 332, 411, 416, 439, 557, 561, 650, 658, 672, 897, 934, 961, 969]",0.956166,0.001044
serie_3,788,"[67, 77, 102, 118, 130, 148, 228, 249, 295, 334, 379, 428, 562, 694, 700, 739, 906, 924, 936]",0.959162,0.001055
serie_3,789,"[56, 93, 154, 203, 386, 398, 457, 479, 516, 595, 621, 623, 735, 775, 816, 847, 970, 978, 989]",0.957835,0.001051
serie_3,790,"[30, 97, 198, 210, 234, 407, 473, 512, 531, 556, 628, 692, 703, 737, 791, 826, 944, 978, 992]",0.957115,0.001057
serie_3,791,"[59, 79, 124, 136, 177, 280, 375, 382, 388, 425, 531, 554, 586, 718, 753, 797, 950, 969, 982]",0.954226,0.001044
serie_3,792,"[12, 49, 52, 67, 113, 133, 136, 166, 255, 260, 297, 321, 352, 522, 605, 670, 843, 920, 993]",0.956630,0.001051
serie_3,793,"[32, 48, 99, 113, 135, 255, 279, 299, 388, 405, 422, 424, 523, 603, 702, 724, 752, 864, 904]",0.958258,0.001053
serie_3,794,"[53, 85, 99, 107, 136, 154, 172, 173, 406, 429, 542, 545, 570, 613, 784, 801, 849, 902, 993]",0.958125,0.001046
serie_3,795,"[37, 66, 137, 253, 254, 269, 511, 561, 593, 676, 743, 751, 763, 781, 872, 884, 964, 979, 989]",0.953496,0.001117
serie_3,796,"[7, 67, 114, 416, 417, 522, 529, 530, 561, 589, 616, 645, 691, 729, 752, 756, 763, 868, 997]",0.957785,0.001101
serie_3,797,"[199, 202, 312, 386, 492, 499, 514, 582, 588, 598, 683, 769, 798, 818, 864, 886, 890, 898, 955]",0.962925,0.001105
serie_3,798,"[50, 130, 176, 214, 255, 319, 335, 483, 489, 521, 527, 573, 731, 773, 906, 919, 932, 947, 973]",0.954926,0.001062
serie_3,799,"[9, 29, 90, 95, 247, 257, 318, 348, 420, 436, 487, 542, 578, 671, 677, 800, 845, 879, 881]",0.952471,0.001062
serie_3,800,"[31, 152, 294, 331, 404, 407, 429, 553, 628, 686, 690, 691, 696, 732, 754, 784, 832, 873, 968]",0.955401,0.001051
serie_3,801,"[30, 89, 134, 141, 171, 200, 244, 341, 484, 588, 631, 753, 760, 775, 831, 924, 942, 966, 996]",0.956788,0.001074
serie_3,802,"[19, 25, 85, 109, 126, 205, 217, 250, 331, 355, 361, 397, 471, 563, 647, 718, 747, 799, 850]",0.961486,0.001090
serie_3,803,"[62, 75, 95, 138, 283, 318, 319, 350, 373, 379, 407, 413, 626, 635, 648, 671, 742, 876, 969]",0.959858,0.001087
serie_3,804,"[123, 165, 170, 222, 296, 433, 465, 466, 493, 510, 535, 588, 731, 862, 875, 928, 948, 976, 995]",0.958222,0.001103
serie_3,805,"[102, 140, 173, 223, 224, 289, 313, 322, 344, 352, 368, 384, 407, 455, 474, 627, 669, 810, 842]",0.962505,0.001102
serie_3,806,"[25, 49, 111, 132, 173, 242, 354, 421, 562, 586, 591, 597, 676, 816, 849, 896, 917, 921, 941]",0.960299,0.001088
serie_3,807,"[197, 228, 246, 248, 260, 272, 284, 326, 330, 458, 486, 518, 586, 636, 710, 744, 864, 865, 986]",0.961496,0.001105
serie_3,808,"[83, 124, 152, 172, 239, 300, 332, 344, 349, 362, 421, 485, 531, 596, 600, 672, 909, 928, 989]",0.963583,0.001076
serie_3,809,"[6, 13, 75, 100, 211, 244, 380, 457, 462, 482, 557, 577, 579, 652, 679, 722, 900, 912, 930]",0.959590,0.001090
serie_3,810,"[80, 172, 259, 324, 357, 370, 381, 460, 492, 536, 572, 573, 652, 655, 683, 722, 760, 791, 898]",0.959189,0.001085
serie_3,811,"[41, 139, 213, 264, 305, 307, 320, 378, 457, 470, 532, 550, 566, 623, 675, 681, 829, 844, 970]",0.957194,0.001080
serie_3,812,"[81, 88, 113, 320, 345, 353, 453, 565, 586, 605, 638, 687, 745, 804, 823, 862, 872, 905, 909]",0.959902,0.001085
serie_3,813,"[65, 90, 133, 155, 208, 269, 341, 420, 518, 648, 674, 709, 766, 776, 793, 923, 966, 983, 997]",0.960647,0.001079
serie_3,814,"[72, 129, 136, 179, 254, 386, 419, 466, 556, 665, 680, 758, 777, 823, 824, 835, 861, 895, 936]",0.960824,0.001095
serie_3,815,"[4, 12, 22, 57, 63, 149, 193, 196, 223, 291, 460, 565, 616, 686, 724, 786, 888, 889, 965]",0.961579,0.001088
serie_3,816,"[42, 129, 198, 320, 346, 417, 458, 610, 707, 715, 759, 767, 805, 853, 936, 938, 939, 943, 974]",0.961079,0.001089
serie_3,817,"[111, 136, 184, 297, 371, 420, 502, 518, 528, 576, 618, 666, 727, 746, 803, 820, 858, 915, 931]",0.964014,0.001089
serie_3,818,"[18, 55, 117, 168, 180, 252, 268, 456, 458, 473, 609, 626, 718, 792, 795, 839, 914, 946, 950]",0.951762,0.001090
serie_3,819,"[52, 72, 125, 280, 291, 350, 351, 354, 409, 592, 622, 625, 649, 670, 682, 723, 799, 836, 946]",0.958080,0.001089
serie_3,820,"[59, 117, 193, 210, 252, 310, 336, 397, 480, 497, 502, 551, 640, 727, 729, 740, 756, 800, 994]",0.955175,0.001081
serie_3,821,"[40, 260, 283, 343, 384, 394, 408, 415, 484, 517, 585, 587, 641, 645, 732, 772, 867, 879, 885]",0.959943,0.001079
serie_3,822,"[12, 98, 116, 156, 178, 258, 261, 453, 491, 546, 555, 664, 722, 735, 746, 756, 783, 908, 934]",0.959452,0.001083
serie_3,823,"[115, 152, 269, 286, 340, 371, 400, 457, 525, 584, 588, 611, 696, 763, 839, 898, 913, 953, 994]",0.960796,0.001082
serie_3,824,"[118, 204, 267, 290, 484, 524, 610, 623, 670, 671, 721, 752, 767, 809, 825, 853, 890, 912, 921]",0.961212,0.001076
serie_3,825,"[22, 189, 317, 497, 528, 567, 574, 592, 601, 630, 665, 674, 760, 771, 878, 880, 908, 917, 961]",0.957866,0.001077
serie_3,826,"[34, 79, 112, 231, 249, 268, 409, 412, 415, 464, 492, 571, 655, 661, 678, 711, 767, 840, 886]",0.960723,0.001080
serie_3,827,"[7, 70, 140, 314, 437, 477, 508, 511, 608, 641, 679, 682, 703, 707, 765, 864, 931, 947, 956]",0.957882,0.001076
serie_3,828,"[10, 11, 12, 175, 186, 220, 239, 275, 305, 377, 531, 556, 626, 679, 717, 769, 892, 912, 947]",0.960139,0.001112
serie_3,829,"[4, 10, 82, 103, 115, 129, 194, 269, 296, 413, 477, 529, 667, 682, 732, 759, 764, 852, 973]",0.958133,0.001045
serie_3,830,"[38, 136, 184, 199, 323, 334, 447, 543, 588, 621, 664, 683, 742, 814, 818, 879, 888, 948, 977]",0.961983,0.001045
serie_3,831,"[170, 207, 250, 273, 298, 305, 382, 481, 557, 584, 604, 665, 701, 702, 707, 784, 804, 851, 895]",0.962781,0.001053
serie_3,832,"[14, 117, 149, 197, 199, 287, 303, 338, 366, 399, 411, 616, 652, 719, 753, 776, 796, 818, 959]",0.962888,0.001059
serie_3,833,"[26, 31, 57, 118, 160, 189, 209, 331, 357, 375, 472, 482, 489, 734, 789, 911, 912, 948, 961]",0.958738,0.001049
serie_3,834,"[32, 136, 163, 166, 225, 246, 281, 282, 333, 396, 397, 553, 572, 603, 605, 729, 777, 851, 983]",0.964320,0.001059
serie_3,835,"[69, 131, 202, 350, 366, 395, 478, 528, 532, 543, 547, 668, 709, 778, 837, 868, 908, 926, 974]",0.963342,0.001053
serie_3,836,"[63, 137, 139, 163, 224, 249, 257, 314, 417, 452, 492, 576, 679, 747, 767, 782, 862, 950, 987]",0.956724,0.001052
serie_3,837,"[49, 77, 150, 243, 260, 269, 286, 326, 436, 445, 499, 550, 578, 643, 772, 822, 893, 939, 998]",0.959645,0.001052
serie_3,838,"[2, 145, 171, 214, 289, 339, 370, 375, 400, 439, 466, 577, 605, 743, 790, 797, 867, 869, 939]",0.962021,0.001059
serie_3,839,"[47, 73, 99, 190, 201, 281, 296, 314, 328, 445, 475, 493, 514, 666, 681, 860, 869, 905, 991]",0.961519,0.001060
serie_3,840,"[46, 234, 238, 240, 249, 276, 280, 337, 340, 360, 436, 475, 557, 750, 782, 814, 867, 918, 971]",0.958268,0.001055
serie_3,841,"[48, 55, 89, 92, 109, 162, 177, 237, 253, 347, 391, 397, 429, 663, 756, 905, 933, 945, 954]",0.956858,0.001054
serie_3,842,"[16, 38, 85, 131, 266, 278, 398, 422, 519, 529, 573, 586, 727, 733, 743, 770, 858, 985, 988]",0.957744,0.001073
serie_3,843,"[130, 213, 257, 332, 391, 417, 484, 493, 496, 535, 539, 695, 726, 773, 847, 897, 914, 948, 976]",0.957116,0.001058
serie_3,844,"[97, 108, 138, 166, 169, 263, 346, 399, 421, 478, 534, 559, 567, 813, 818, 826, 899, 923, 925]",0.960553,0.001048
serie_3,845,"[87, 101, 118, 156, 181, 402, 444, 501, 562, 633, 690, 724, 755, 821, 873, 882, 922, 929, 993]",0.958827,0.001050
serie_3,846,"[55, 111, 199, 233, 336, 368, 465, 486, 542, 562, 647, 683, 705, 721, 782, 812, 843, 844, 925]",0.961051,0.001050
serie_3,847,"[60, 109, 138, 241, 302, 363, 475, 518, 528, 600, 614, 640, 749, 751, 762, 875, 961, 977, 982]",0.952737,0.001056
serie_3,848,"[3, 33, 55, 112, 141, 166, 206, 234, 391, 444, 484, 492, 596, 668, 669, 757, 826, 836, 924]",0.954014,0.001050
serie_3,849,"[18, 65, 113, 227, 374, 392, 402, 420, 472, 522, 572, 666, 829, 831, 854, 867, 889, 890, 921]",0.958587,0.001062
serie_3,850,"[56, 137, 293, 310, 329, 342, 344, 419, 437, 580, 641, 657, 679, 739, 746, 755, 817, 953, 983]",0.957588,0.001061
serie_3,851,"[58, 76, 117, 239, 253, 260, 301, 371, 424, 461, 552, 558, 569, 690, 691, 789, 868, 911, 992]",0.958558,0.001057
serie_3,852,"[24, 78, 151, 160, 273, 313, 341, 425, 473, 580, 619, 685, 690, 711, 766, 890, 925, 935, 986]",0.961060,0.001055
serie_3,853,"[7, 238, 242, 307, 366, 430, 461, 648, 673, 678, 682, 706, 756, 870, 895, 929, 971, 976, 995]",0.954444,0.001065
serie_3,854,"[25, 77, 173, 191, 223, 351, 452, 508, 519, 539, 556, 677, 713, 785, 792, 793, 884, 954, 992]",0.958026,0.001062
serie_3,855,"[14, 95, 104, 196, 227, 313, 427, 429, 436, 555, 571, 589, 591, 622, 776, 790, 901, 922, 966]",0.955480,0.001052
serie_3,856,"[24, 63, 65, 119, 181, 232, 272, 322, 333, 412, 458, 488, 549, 564, 569, 574, 892, 913, 995]",0.959422,0.001259
serie_3,857,"[75, 102, 130, 168, 215, 286, 334, 341, 365, 544, 576, 617, 654, 694, 696, 728, 759, 822, 921]",0.961153,0.001065
serie_3,858,"[25, 248, 251, 258, 364, 399, 603, 623, 664, 698, 770, 790, 815, 817, 835, 838, 841, 920, 949]",0.957639,0.001065
serie_3,859,"[74, 127, 131, 144, 179, 364, 370, 418, 426, 513, 689, 695, 730, 735, 743, 797, 926, 971, 992]",0.958505,0.001057
serie_3,860,"[4, 54, 66, 82, 130, 163, 219, 335, 363, 384, 427, 524, 567, 781, 818, 834, 909, 913, 996]",0.955222,0.001116
serie_3,861,"[2, 29, 104, 146, 224, 241, 250, 378, 379, 449, 457, 528, 636, 755, 790, 874, 901, 930, 969]",0.954795,0.001102
serie_3,862,"[45, 138, 167, 217, 313, 337, 391, 400, 528, 535, 564, 572, 665, 766, 808, 869, 898, 916, 987]",0.961276,0.001086
serie_3,863,"[67, 71, 254, 275, 307, 367, 396, 413, 457, 487, 538, 551, 576, 581, 786, 787, 797, 849, 871]",0.961615,0.001089
serie_3,864,"[44, 125, 216, 250, 316, 332, 396, 463, 494, 567, 591, 598, 608, 682, 717, 720, 731, 747, 960]",0.965591,0.001118
serie_3,865,"[112, 383, 400, 450, 479, 489, 539, 590, 594, 616, 636, 729, 735, 763, 770, 776, 798, 884, 962]",0.963010,0.001085
serie_3,866,"[58, 76, 92, 160, 162, 197, 333, 336, 384, 483, 504, 530, 543, 568, 733, 828, 829, 838, 921]",0.961931,0.001085
serie_3,867,"[28, 37, 62, 76, 187, 194, 218, 322, 333, 353, 383, 454, 482, 483, 535, 656, 697, 764, 807]",0.959523,0.001089
serie_3,868,"[175, 219, 235, 249, 316, 320, 368, 411, 444, 466, 516, 560, 591, 692, 807, 809, 939, 955, 982]",0.963281,0.001054
serie_3,869,"[6, 213, 228, 313, 344, 436, 474, 556, 602, 633, 744, 745, 793, 843, 846, 856, 886, 909, 959]",0.961285,0.001055
serie_3,870,"[67, 120, 158, 181, 198, 265, 305, 383, 388, 436, 513, 620, 730, 766, 768, 791, 889, 914, 923]",0.959583,0.001050
serie_3,871,"[37, 43, 56, 93, 112, 137, 178, 229, 261, 344, 387, 495, 579, 590, 666, 673, 719, 856, 986]",0.962098,0.001062
serie_3,872,"[63, 77, 185, 326, 414, 441, 498, 539, 557, 655, 737, 763, 780, 784, 802, 842, 864, 931, 955]",0.962646,0.001053
serie_3,873,"[3, 60, 137, 138, 218, 271, 304, 416, 471, 478, 588, 653, 739, 787, 817, 831, 892, 905, 906]",0.960569,0.001049
serie_3,874,"[12, 36, 74, 107, 124, 240, 348, 500, 615, 680, 708, 745, 757, 811, 861, 879, 942, 947, 993]",0.955654,0.001054
serie_3,875,"[31, 100, 173, 196, 199, 261, 369, 595, 649, 684, 689, 713, 763, 782, 832, 856, 882, 884, 958]",0.963834,0.001050
serie_3,876,"[1, 9, 18, 95, 296, 344, 381, 451, 512, 581, 601, 611, 617, 735, 876, 881, 895, 910, 925]",0.958103,0.001053
serie_3,877,"[132, 164, 223, 302, 357, 389, 399, 442, 630, 647, 680, 710, 737, 849, 883, 886, 898, 909, 964]",0.960719,0.001048
serie_3,878,"[143, 177, 193, 296, 311, 342, 371, 399, 428, 507, 524, 541, 568, 615, 684, 749, 825, 931, 968]",0.954966,0.001059
serie_3,879,"[116, 119, 233, 315, 428, 480, 494, 645, 653, 667, 709, 757, 794, 831, 841, 848, 920, 937, 949]",0.956521,0.001051
serie_3,880,"[6, 12, 20, 67, 95, 101, 103, 164, 276, 330, 331, 366, 556, 558, 709, 750, 826, 919, 976]",0.958179,0.001061
serie_3,881,"[43, 150, 157, 253, 373, 424, 507, 543, 581, 596, 605, 614, 627, 659, 745, 835, 879, 946, 968]",0.955387,0.001046
serie_3,882,"[28, 88, 92, 152, 270, 283, 377, 426, 465, 490, 492, 524, 576, 643, 678, 779, 814, 855, 869]",0.960017,0.001048
serie_3,883,"[32, 75, 161, 167, 236, 239, 243, 307, 311, 376, 496, 508, 686, 834, 860, 883, 907, 926, 967]",0.961093,0.001045
serie_3,884,"[119, 155, 159, 219, 247, 446, 473, 478, 621, 622, 623, 681, 711, 729, 737, 777, 836, 860, 952]",0.963331,0.001052
serie_3,885,"[90, 158, 240, 301, 372, 404, 409, 424, 613, 615, 656, 734, 766, 783, 791, 838, 840, 924, 930]",0.959717,0.001049
serie_3,886,"[37, 69, 250, 299, 313, 339, 374, 415, 563, 634, 665, 822, 852, 858, 870, 950, 964, 966, 980]",0.958491,0.001055
serie_3,887,"[62, 227, 289, 313, 330, 333, 397, 475, 667, 682, 747, 766, 772, 786, 814, 841, 931, 946, 987]",0.964619,0.001058
serie_3,888,"[6, 80, 94, 115, 180, 186, 189, 243, 325, 333, 406, 418, 586, 707, 840, 877, 889, 949, 972]",0.962269,0.001053
serie_3,889,"[16, 138, 160, 161, 181, 229, 297, 301, 317, 480, 570, 757, 762, 783, 789, 848, 954, 980, 985]",0.956348,0.001057
serie_3,890,"[9, 22, 32, 148, 167, 216, 265, 276, 349, 376, 508, 559, 570, 703, 714, 808, 845, 859, 924]",0.958184,0.001062
serie_3,891,"[77, 81, 96, 100, 145, 163, 172, 261, 269, 284, 306, 443, 459, 607, 622, 855, 881, 924, 959]",0.963028,0.001061
serie_3,892,"[113, 163, 221, 238, 334, 347, 436, 540, 591, 631, 667, 693, 750, 781, 783, 812, 844, 879, 995]",0.958846,0.001058
serie_3,893,"[69, 136, 178, 261, 342, 375, 383, 520, 522, 622, 656, 658, 683, 763, 826, 860, 931, 960, 975]",0.957301,0.001070
serie_3,894,"[25, 31, 39, 85, 106, 234, 275, 323, 464, 469, 475, 489, 656, 807, 808, 818, 850, 895, 959]",0.958323,0.001053
serie_3,895,"[16, 50, 291, 334, 398, 404, 421, 430, 445, 465, 467, 476, 506, 541, 669, 708, 800, 883, 986]",0.957888,0.001054
serie_3,896,"[92, 111, 121, 140, 193, 263, 316, 428, 440, 452, 470, 589, 595, 680, 717, 769, 893, 965, 972]",0.961690,0.001046
serie_3,897,"[80, 81, 322, 397, 464, 525, 563, 576, 581, 600, 612, 633, 724, 838, 886, 888, 927, 933, 936]",0.960012,0.001053
serie_3,898,"[48, 60, 62, 90, 93, 312, 453, 490, 611, 629, 688, 695, 699, 758, 832, 847, 857, 923, 928]",0.965254,0.001047
serie_3,899,"[35, 108, 201, 275, 287, 307, 309, 439, 471, 475, 516, 633, 683, 767, 768, 773, 882, 907, 952]",0.954068,0.001054
serie_3,900,"[31, 185, 222, 227, 233, 243, 273, 332, 528, 644, 687, 699, 766, 829, 863, 929, 944, 951, 979]",0.959702,0.001059
serie_3,901,"[73, 90, 104, 112, 127, 160, 219, 251, 318, 511, 584, 590, 598, 644, 657, 882, 906, 972, 981]",0.959730,0.001053
serie_3,902,"[7, 119, 157, 160, 333, 359, 371, 428, 434, 439, 456, 489, 490, 526, 535, 708, 712, 733, 894]",0.959357,0.001067
serie_3,903,"[16, 87, 149, 226, 271, 273, 274, 305, 308, 314, 592, 601, 653, 674, 677, 681, 684, 894, 918]",0.957811,0.001074
serie_3,904,"[87, 95, 156, 208, 245, 284, 345, 363, 389, 426, 463, 526, 565, 600, 736, 756, 807, 914, 946]",0.956811,0.001049
serie_3,905,"[30, 49, 61, 180, 224, 240, 321, 365, 369, 377, 417, 420, 436, 492, 539, 649, 679, 726, 842]",0.960328,0.001054
serie_3,906,"[180, 203, 211, 227, 254, 314, 324, 332, 463, 535, 565, 653, 657, 727, 808, 849, 851, 950, 988]",0.958443,0.001048
serie_3,907,"[13, 65, 212, 278, 281, 335, 355, 376, 438, 555, 585, 600, 715, 751, 760, 779, 923, 950, 986]",0.956716,0.001058
serie_3,908,"[56, 166, 196, 210, 231, 263, 335, 466, 486, 505, 577, 585, 686, 718, 802, 901, 902, 927, 940]",0.960269,0.001058
serie_3,909,"[2, 13, 73, 74, 160, 166, 213, 290, 304, 349, 471, 504, 521, 525, 563, 734, 743, 773, 864]",0.952428,0.001042
serie_3,910,"[6, 80, 166, 185, 256, 346, 403, 495, 503, 516, 567, 596, 597, 633, 641, 841, 861, 875, 902]",0.963587,0.001051
serie_3,911,"[20, 52, 86, 381, 408, 431, 549, 555, 559, 564, 645, 654, 727, 740, 777, 811, 887, 898, 975]",0.955941,0.001045
serie_3,912,"[80, 108, 257, 277, 362, 387, 486, 548, 552, 594, 654, 703, 728, 769, 782, 801, 804, 827, 893]",0.960038,0.001044
serie_3,913,"[70, 157, 166, 247, 252, 346, 379, 432, 475, 476, 478, 600, 708, 720, 755, 774, 868, 931, 955]",0.960056,0.001052
serie_3,914,"[49, 51, 85, 108, 317, 318, 499, 503, 541, 575, 580, 660, 663, 669, 727, 802, 923, 962, 976]",0.961006,0.001057
serie_3,915,"[136, 154, 341, 455, 476, 479, 481, 541, 647, 671, 713, 725, 853, 856, 861, 864, 893, 903, 920]",0.955869,0.001055
serie_3,916,"[8, 13, 24, 73, 79, 174, 205, 256, 264, 291, 482, 581, 629, 658, 691, 750, 851, 887, 977]",0.955096,0.001046
serie_3,917,"[99, 162, 258, 269, 274, 328, 365, 422, 482, 512, 544, 564, 594, 647, 697, 800, 822, 844, 975]",0.959780,0.001059
serie_3,918,"[12, 66, 90, 117, 163, 226, 299, 316, 322, 500, 573, 668, 737, 741, 768, 828, 831, 876, 960]",0.957045,0.001047
serie_3,919,"[41, 49, 124, 140, 183, 226, 248, 250, 255, 345, 360, 533, 567, 607, 800, 850, 881, 926, 986]",0.963143,0.001052
serie_3,920,"[57, 197, 243, 251, 363, 391, 412, 458, 508, 553, 566, 589, 674, 757, 844, 853, 868, 925, 933]",0.960698,0.001055
serie_3,921,"[7, 8, 13, 61, 94, 139, 173, 197, 335, 399, 459, 487, 501, 571, 643, 750, 797, 888, 958]",0.960315,0.001054
serie_3,922,"[12, 46, 102, 182, 198, 307, 383, 487, 562, 691, 735, 817, 831, 842, 854, 870, 915, 957, 980]",0.958345,0.001058
serie_3,923,"[102, 116, 193, 208, 214, 419, 454, 520, 533, 627, 635, 651, 673, 675, 805, 837, 938, 947, 979]",0.956013,0.001066
serie_3,924,"[31, 68, 106, 182, 194, 330, 336, 341, 446, 509, 517, 561, 590, 622, 637, 652, 691, 786, 931]",0.961264,0.001058
serie_3,925,"[60, 199, 357, 429, 436, 437, 467, 479, 498, 522, 532, 674, 699, 745, 768, 825, 892, 938, 990]",0.950939,0.001053
serie_3,926,"[101, 138, 173, 228, 291, 327, 415, 433, 450, 503, 528, 667, 687, 728, 758, 804, 833, 865, 947]",0.962087,0.001049
serie_3,927,"[9, 57, 123, 147, 214, 436, 506, 616, 650, 656, 686, 706, 747, 757, 833, 867, 900, 928, 989]",0.953341,0.001050
serie_3,928,"[145, 155, 249, 334, 386, 414, 506, 544, 547, 553, 585, 601, 659, 672, 675, 684, 721, 936, 956]",0.962704,0.001050
serie_3,929,"[15, 43, 59, 201, 208, 331, 348, 411, 617, 635, 664, 713, 782, 815, 821, 847, 875, 943, 982]",0.961076,0.001051
serie_3,930,"[111, 142, 191, 214, 232, 320, 362, 376, 396, 424, 446, 453, 493, 498, 558, 637, 781, 789, 911]",0.958921,0.001045
serie_3,931,"[56, 59, 106, 119, 188, 194, 231, 310, 318, 404, 463, 511, 569, 578, 708, 773, 793, 868, 925]",0.963109,0.001050
serie_3,932,"[125, 194, 202, 281, 301, 399, 439, 440, 481, 611, 657, 703, 715, 722, 726, 728, 898, 903, 912]",0.963122,0.001065
serie_3,933,"[10, 39, 159, 162, 195, 205, 247, 281, 363, 407, 491, 498, 508, 517, 537, 628, 641, 666, 893]",0.958658,0.001063
serie_3,934,"[59, 99, 107, 122, 211, 216, 218, 233, 347, 424, 450, 535, 554, 716, 721, 732, 746, 805, 834]",0.962587,0.001047
serie_3,935,"[62, 115, 193, 210, 230, 279, 292, 331, 348, 370, 716, 772, 786, 810, 820, 870, 897, 918, 935]",0.962342,0.001065
serie_3,936,"[26, 118, 153, 161, 165, 166, 209, 243, 381, 437, 443, 547, 565, 572, 761, 780, 842, 894, 971]",0.952352,0.001059
serie_3,937,"[16, 66, 104, 119, 162, 248, 276, 305, 435, 465, 497, 556, 560, 669, 725, 742, 812, 827, 898]",0.957585,0.001055
serie_3,938,"[194, 223, 230, 235, 241, 243, 354, 411, 452, 508, 548, 594, 620, 627, 694, 768, 772, 929, 980]",0.963489,0.001056
serie_3,939,"[54, 141, 151, 198, 255, 288, 295, 326, 453, 536, 567, 582, 638, 679, 859, 862, 884, 888, 979]",0.961519,0.001048
serie_3,940,"[52, 74, 109, 115, 133, 159, 163, 198, 408, 481, 484, 521, 568, 686, 725, 820, 866, 873, 874]",0.960545,0.001051
serie_3,941,"[2, 20, 72, 87, 97, 105, 186, 268, 361, 464, 540, 657, 689, 765, 864, 869, 922, 926, 935]",0.959925,0.001045
serie_3,942,"[11, 26, 93, 108, 228, 326, 332, 360, 390, 400, 460, 586, 596, 752, 802, 902, 917, 937, 953]",0.956711,0.001049
serie_3,943,"[20, 45, 88, 155, 173, 175, 204, 232, 245, 385, 513, 514, 542, 769, 819, 898, 926, 948, 984]",0.962015,0.001059
serie_3,944,"[95, 122, 126, 166, 204, 263, 322, 325, 326, 418, 457, 567, 674, 705, 785, 833, 883, 945, 960]",0.958572,0.001048
serie_3,945,"[27, 122, 197, 208, 343, 389, 436, 444, 553, 563, 577, 581, 618, 629, 642, 726, 753, 834, 930]",0.959310,0.001053
serie_3,946,"[42, 47, 81, 225, 316, 382, 462, 467, 470, 502, 529, 578, 602, 807, 948, 956, 960, 975, 994]",0.963600,0.001056
serie_3,947,"[53, 70, 208, 261, 287, 379, 396, 411, 443, 735, 742, 796, 817, 823, 851, 858, 927, 967, 983]",0.956182,0.001057
serie_3,948,"[152, 160, 193, 216, 314, 585, 621, 649, 659, 733, 771, 846, 892, 898, 901, 904, 923, 970, 987]",0.955435,0.001058
serie_3,949,"[29, 64, 84, 108, 146, 157, 449, 506, 588, 600, 613, 623, 656, 791, 817, 905, 945, 967, 974]",0.958926,0.001057
serie_3,950,"[41, 54, 69, 98, 224, 255, 282, 303, 348, 363, 375, 385, 454, 601, 602, 664, 725, 727, 817]",0.960946,0.001052
serie_3,951,"[7, 85, 159, 215, 261, 290, 345, 350, 388, 398, 516, 526, 557, 585, 588, 740, 750, 762, 840]",0.958536,0.001057
serie_3,952,"[42, 71, 150, 195, 211, 260, 295, 308, 318, 360, 416, 545, 565, 606, 635, 761, 812, 885, 944]",0.953901,0.001046
serie_3,953,"[4, 9, 62, 71, 100, 106, 355, 394, 399, 450, 520, 544, 706, 749, 750, 845, 848, 972, 992]",0.958682,0.001057
serie_3,954,"[47, 78, 302, 354, 376, 382, 414, 530, 552, 562, 693, 738, 753, 795, 823, 846, 907, 943, 985]",0.955730,0.001055
serie_3,955,"[2, 57, 134, 139, 160, 170, 207, 237, 432, 438, 445, 451, 504, 507, 645, 669, 731, 883, 958]",0.961636,0.001061
serie_3,956,"[16, 86, 155, 157, 260, 275, 291, 303, 341, 404, 463, 537, 726, 756, 758, 765, 780, 939, 942]",0.956505,0.001053
serie_3,957,"[82, 87, 119, 123, 181, 197, 258, 275, 367, 452, 512, 513, 518, 533, 608, 612, 794, 803, 872]",0.965096,0.001047
serie_3,958,"[47, 99, 205, 232, 306, 314, 406, 413, 459, 488, 490, 622, 653, 666, 694, 714, 799, 907, 991]",0.956737,0.001047
serie_3,959,"[29, 147, 167, 170, 282, 377, 382, 433, 475, 490, 495, 695, 707, 825, 839, 868, 873, 897, 938]",0.957613,0.001046
serie_3,960,"[68, 112, 135, 156, 198, 261, 267, 281, 327, 350, 364, 422, 555, 556, 749, 755, 897, 921, 963]",0.955396,0.001061
serie_3,961,"[17, 114, 148, 165, 176, 275, 376, 415, 506, 598, 634, 658, 701, 716, 809, 828, 903, 951, 984]",0.955157,0.001041
serie_3,962,"[2, 58, 109, 115, 142, 229, 231, 240, 293, 434, 468, 529, 613, 630, 701, 773, 825, 947, 964]",0.962754,0.001053
serie_3,963,"[36, 118, 208, 262, 285, 318, 371, 407, 507, 521, 595, 762, 784, 836, 840, 937, 942, 943, 955]",0.959313,0.001052
serie_3,964,"[34, 61, 114, 182, 240, 245, 292, 378, 388, 469, 549, 578, 590, 724, 765, 802, 875, 956, 994]",0.962778,0.001048
serie_3,965,"[60, 76, 80, 118, 121, 182, 400, 424, 544, 612, 681, 696, 750, 759, 802, 839, 879, 965, 992]",0.957852,0.001050
serie_3,966,"[10, 32, 73, 169, 236, 268, 389, 473, 481, 501, 511, 679, 749, 772, 832, 845, 943, 978, 984]",0.956052,0.001049
serie_3,967,"[13, 15, 20, 30, 107, 161, 213, 303, 323, 330, 511, 570, 587, 691, 804, 864, 885, 926, 994]",0.958870,0.001059
serie_3,968,"[81, 294, 322, 338, 435, 449, 470, 503, 632, 657, 694, 714, 813, 822, 860, 866, 924, 955, 956]",0.961320,0.001047
serie_3,969,"[8, 52, 122, 172, 178, 187, 289, 428, 583, 613, 681, 695, 819, 858, 876, 880, 923, 938, 944]",0.960060,0.001050
serie_3,970,"[4, 97, 150, 198, 222, 395, 414, 450, 498, 645, 671, 690, 728, 773, 775, 792, 857, 947, 996]",0.956796,0.001060
serie_3,971,"[259, 281, 341, 442, 596, 618, 707, 725, 740, 742, 747, 756, 772, 854, 861, 916, 931, 963, 989]",0.954790,0.001041
serie_3,972,"[29, 89, 111, 213, 263, 266, 332, 339, 345, 360, 542, 557, 575, 706, 775, 845, 918, 986, 997]",0.961682,0.001046
serie_3,973,"[34, 48, 52, 75, 86, 136, 202, 278, 337, 360, 452, 474, 531, 577, 732, 771, 773, 780, 886]",0.961874,0.001053
serie_3,974,"[2, 99, 105, 112, 114, 236, 296, 422, 424, 452, 549, 555, 584, 719, 762, 801, 846, 952, 977]",0.957955,0.001042
serie_3,975,"[56, 143, 158, 168, 235, 303, 337, 454, 502, 530, 586, 647, 649, 683, 692, 794, 815, 820, 911]",0.960833,0.001044
serie_3,976,"[168, 175, 197, 226, 237, 315, 341, 439, 481, 569, 576, 657, 671, 726, 822, 866, 931, 945, 956]",0.957905,0.001040
serie_3,977,"[1, 36, 65, 76, 93, 121, 189, 276, 396, 426, 525, 581, 682, 725, 811, 874, 912, 920, 977]",0.957139,0.001051
serie_3,978,"[4, 86, 114, 284, 331, 357, 379, 387, 437, 547, 632, 640, 664, 690, 705, 801, 817, 909, 919]",0.954396,0.001052
serie_3,979,"[3, 194, 226, 230, 379, 428, 471, 476, 584, 588, 648, 673, 760, 780, 786, 805, 871, 958, 982]",0.955552,0.001049
serie_3,980,"[123, 124, 202, 222, 225, 254, 299, 355, 369, 403, 434, 437, 482, 549, 727, 756, 842, 858, 920]",0.956551,0.001043
serie_3,981,"[32, 162, 193, 197, 412, 441, 483, 502, 569, 638, 651, 692, 714, 745, 755, 760, 799, 880, 962]",0.956460,0.001042
serie_3,982,"[18, 106, 140, 162, 221, 258, 306, 315, 345, 411, 472, 710, 773, 783, 801, 902, 936, 971, 996]",0.956245,0.001055
serie_3,983,"[65, 165, 166, 182, 193, 222, 236, 350, 505, 547, 560, 598, 656, 692, 716, 778, 793, 859, 903]",0.964725,0.001068
serie_3,984,"[178, 253, 290, 341, 371, 399, 402, 403, 407, 463, 477, 647, 676, 698, 784, 879, 929, 956, 982]",0.958631,0.001056
serie_3,985,"[1, 86, 125, 252, 300, 313, 373, 452, 575, 615, 624, 635, 649, 681, 682, 718, 785, 811, 960]",0.964382,0.001054
serie_3,986,"[6, 36, 46, 58, 76, 159, 210, 412, 441, 447, 481, 562, 646, 685, 734, 759, 848, 930, 964]",0.959449,0.001051
serie_3,987,"[5, 62, 104, 112, 256, 273, 294, 325, 329, 426, 433, 532, 562, 662, 766, 819, 823, 891, 974]",0.954671,0.001051
serie_3,988,"[36, 98, 102, 108, 136, 144, 223, 254, 331, 343, 374, 379, 402, 409, 511, 850, 903, 985, 986]",0.959490,0.001050
serie_3,989,"[137, 158, 161, 183, 275, 405, 526, 565, 616, 629, 677, 818, 832, 848, 857, 952, 973, 974, 998]",0.956198,0.001055
serie_3,990,"[33, 55, 123, 170, 238, 263, 291, 476, 569, 571, 691, 710, 724, 738, 798, 804, 907, 934, 957]",0.963864,0.001049
serie_3,991,"[35, 122, 173, 174, 249, 282, 301, 320, 432, 484, 490, 583, 666, 736, 804, 861, 874, 903, 929]",0.963219,0.001217
serie_3,992,"[14, 32, 78, 123, 150, 203, 357, 372, 448, 466, 573, 665, 767, 814, 820, 867, 873, 942, 981]",0.960135,0.001060
serie_3,993,"[14, 67, 113, 121, 143, 213, 276, 310, 374, 516, 543, 557, 572, 631, 699, 739, 767, 888, 957]",0.959188,0.001057
serie_3,994,"[3, 27, 36, 55, 135, 202, 379, 405, 430, 473, 626, 701, 734, 736, 751, 795, 807, 810, 915]",0.958435,0.001134
serie_3,995,"[8, 104, 174, 188, 241, 262, 272, 310, 360, 373, 376, 419, 531, 561, 584, 648, 769, 895, 932]",0.957464,0.001048
serie_3,996,"[10, 24, 44, 64, 95, 142, 144, 178, 186, 214, 233, 324, 361, 387, 515, 564, 702, 880, 995]",0.954588,0.001069
serie_3,997,"[18, 91, 92, 144, 239, 314, 326, 370, 379, 505, 561, 578, 609, 616, 644, 648, 691, 713, 914]",0.956630,0.001081
serie_3,998,"[22, 81, 108, 161, 244, 285, 390, 441, 469, 484, 488, 565, 708, 709, 742, 852, 970, 978, 994]",0.958854,0.001083
serie_3,999,"[7, 48, 78, 142, 182, 226, 312, 332, 335, 352, 397, 543, 562, 617, 680, 732, 771, 837, 988]",0.961114,0.001077
serie_3,1000,"[59, 71, 136, 143, 221, 229, 248, 282, 391, 506, 581, 625, 635, 755, 844, 845, 923, 944, 951]",0.959798,0.001078
serie_4,1,"[20, 22, 32, 95, 96, 146, 174, 175, 189, 190, 241, 285, 300, 302, 309, 327, 342, 343, 348, 361, 389, 399, 410, 414, 418, 429, 461, 463, 483, 497, 562, 566, 578, 602, 645, 647, 691, 714, 722, 770, 777, 799, 825, 882, 890, 902, 942, 958, 977]",1.572909,0.002050
serie_4,2,"[4, 6, 9, 10, 70, 79, 90, 98, 100, 105, 107, 135, 165, 168, 184, 192, 244, 283, 291, 294, 310, 322, 333, 371, 374, 413, 433, 448, 451, 508, 532, 594, 608, 707, 711, 724, 731, 747, 780, 786, 789, 805, 812, 816, 827, 829, 873, 897, 994]",1.557487,0.001860
serie_4,3,"[43, 57, 73, 89, 141, 143, 157, 173, 195, 200, 209, 234, 275, 282, 298, 322, 330, 335, 343, 352, 356, 373, 398, 401, 413, 442, 458, 469, 486, 490, 496, 534, 573, 574, 594, 597, 608, 619, 621, 675, 696, 729, 774, 824, 873, 887, 934, 943, 979]",1.556038,0.001843
serie_4,4,"[63, 88, 100, 128, 183, 203, 214, 220, 232, 257, 267, 272, 280, 347, 386, 409, 414, 420, 423, 537, 538, 549, 563, 605, 610, 619, 632, 643, 653, 667, 767, 770, 778, 804, 848, 862, 867, 881, 892, 899, 916, 922, 928, 929, 930, 936, 961, 973, 997]",1.584789,0.001840
serie_4,5,"[9, 12, 14, 57, 64, 88, 94, 104, 126, 134, 150, 178, 224, 226, 243, 306, 308, 325, 347, 351, 404, 442, 444, 467, 552, 556, 557, 580, 590, 595, 646, 657, 669, 693, 699, 711, 771, 777, 778, 835, 852, 878, 900, 903, 929, 943, 945, 967, 970]",1.571914,0.001821
serie_4,6,"[70, 72, 93, 101, 121, 165, 171, 180, 221, 230, 236, 254, 255, 275, 280, 303, 314, 327, 331, 343, 377, 381, 442, 453, 454, 479, 490, 515, 517, 531, 537, 599, 615, 673, 675, 699, 745, 772, 797, 801, 809, 818, 828, 841, 843, 846, 890, 911, 918]",1.533749,0.001846
serie_4,7,"[83, 99, 140, 152, 153, 173, 222, 223, 230, 243, 245, 250, 280, 282, 291, 308, 332, 338, 358, 390, 433, 449, 451, 461, 475, 477, 494, 502, 504, 530, 534, 568, 591, 608, 618, 627, 643, 691, 706, 724, 801, 837, 872, 886, 892, 904, 952, 956, 977]",1.573739,0.001838
serie_4,8,"[13, 55, 58, 87, 89, 115, 128, 157, 166, 168, 169, 192, 213, 214, 226, 233, 238, 239, 262, 266, 286, 288, 309, 318, 356, 416, 421, 459, 485, 530, 576, 590, 672, 704, 707, 712, 721, 727, 729, 737, 753, 778, 848, 880, 890, 918, 938, 951, 961]",1.589411,0.001776
serie_4,9,"[23, 43, 51, 85, 110, 160, 193, 209, 253, 279, 305, 317, 330, 336, 345, 352, 414, 428, 429, 432, 444, 458, 466, 479, 489, 544, 559, 562, 614, 638, 654, 664, 686, 689, 697, 728, 739, 776, 817, 820, 836, 853, 859, 865, 876, 903, 920, 936, 966]",1.571103,0.001839
serie_4,10,"[8, 10, 15, 34, 66, 99, 124, 144, 183, 191, 219, 222, 236, 242, 300, 314, 345, 358, 393, 394, 399, 403, 434, 453, 491, 507, 515, 556, 569, 594, 637, 649, 696, 697, 704, 717, 723, 729, 732, 761, 782, 853, 879, 884, 895, 907, 914, 932, 998]",1.556853,0.001851
serie_4,11,"[6, 9, 39, 72, 79, 80, 121, 126, 136, 154, 159, 202, 220, 222, 226, 233, 245, 280, 293, 300, 309, 314, 353, 391, 428, 467, 472, 485, 508, 525, 553, 562, 566, 626, 640, 660, 670, 712, 723, 744, 764, 834, 881, 900, 906, 931, 944, 966, 978]",1.560955,0.001838
serie_4,12,"[34, 45, 53, 87, 92, 104, 106, 110, 124, 165, 186, 195, 203, 244, 288, 311, 330, 355, 369, 379, 406, 433, 449, 495, 504, 506, 550, 555, 571, 625, 657, 661, 667, 674, 683, 714, 758, 764, 786, 820, 822, 854, 860, 879, 891, 904, 928, 935, 984]",1.570234,0.001776
serie_4,13,"[18, 33, 49, 55, 56, 60, 64, 73, 108, 117, 171, 180, 214, 221, 280, 311, 317, 322, 364, 368, 373, 422, 434, 471, 496, 505, 519, 563, 587, 597, 603, 609, 663, 694, 703, 705, 738, 745, 758, 808, 809, 822, 833, 842, 863, 874, 895, 939, 972]",1.566319,0.001758
serie_4,14,"[20, 31, 49, 71, 86, 95, 130, 140, 144, 205, 226, 255, 271, 321, 341, 369, 376, 425, 461, 464, 475, 496, 497, 548, 560, 561, 591, 639, 643, 644, 650, 669, 677, 727, 738, 740, 780, 845, 852, 856, 862, 894, 899, 900, 908, 914, 923, 935, 937]",1.582107,0.001753
serie_4,15,"[17, 51, 56, 65, 76, 135, 180, 193, 203, 213, 225, 267, 269, 270, 273, 326, 352, 364, 372, 407, 409, 423, 431, 433, 435, 474, 519, 528, 555, 577, 590, 630, 672, 684, 706, 710, 753, 755, 772, 779, 795, 802, 824, 884, 916, 931, 943, 953, 989]",1.569060,0.001765
serie_4,16,"[2, 19, 26, 31, 53, 56, 59, 90, 102, 122, 142, 172, 188, 200, 235, 319, 331, 341, 358, 362, 397, 412, 415, 431, 441, 445, 451, 497, 582, 618, 620, 653, 660, 662, 688, 732, 739, 745, 755, 763, 796, 812, 813, 855, 873, 894, 921, 952, 995]",1.556768,0.001789
serie_4,17,"[34, 69, 94, 125, 143, 149, 189, 198, 244, 273, 288, 319, 341, 343, 351, 360, 393, 409, 420, 435, 450, 472, 474, 480, 540, 564, 585, 587, 629, 639, 675, 686, 698, 727, 748, 769, 783, 786, 787, 800, 814, 834, 837, 879, 888, 910, 950, 967, 971]",1.565121,0.001759
serie_4,18,"[5, 7, 38, 39, 70, 74, 79, 96, 108, 118, 123, 128, 141, 152, 199, 202, 254, 279, 290, 312, 368, 401, 411, 414, 419, 433, 434, 454, 464, 469, 516, 531, 548, 616, 622, 632, 634, 705, 793, 799, 871, 878, 879, 881, 908, 911, 918, 930, 982]",1.577823,0.001806
serie_4,19,"[27, 48, 54, 58, 68, 135, 147, 160, 163, 166, 167, 179, 194, 198, 199, 206, 211, 236, 263, 280, 295, 299, 300, 390, 482, 495, 507, 518, 552, 554, 571, 572, 582, 624, 630, 656, 720, 737, 749, 803, 824, 843, 850, 921, 929, 941, 955, 970, 973]",1.588295,0.001847
serie_4,20,"[29, 33, 53, 60, 65, 83, 90, 121, 198, 206, 248, 251, 256, 292, 339, 362, 392, 407, 436, 446, 453, 463, 475, 486, 492, 497, 519, 531, 550, 562, 601, 608, 610, 661, 697, 699, 731, 740, 769, 867, 871, 879, 893, 927, 941, 954, 957, 981, 993]",1.574723,0.001810
serie_4,21,"[26, 42, 45, 82, 84, 87, 133, 145, 157, 212, 245, 275, 300, 346, 375, 401, 409, 416, 420, 438, 441, 488, 506, 509, 511, 516, 537, 555, 570, 605, 627, 674, 689, 709, 717, 731, 744, 801, 806, 808, 809, 827, 839, 842, 844, 846, 917, 936, 967]",1.578517,0.001807
serie_4,22,"[8, 31, 32, 56, 57, 76, 121, 126, 147, 184, 191, 213, 235, 248, 249, 269, 320, 386, 415, 430, 441, 450, 496, 500, 501, 504, 510, 568, 574, 576, 594, 597, 622, 681, 688, 720, 724, 731, 736, 737, 779, 835, 894, 900, 921, 937, 991, 994, 998]",1.577932,0.001811
serie_4,23,"[119, 132, 152, 156, 183, 198, 208, 212, 269, 305, 324, 325, 343, 346, 349, 361, 425, 432, 439, 452, 463, 523, 526, 609, 610, 617, 655, 659, 664, 684, 716, 717, 728, 747, 755, 771, 813, 833, 858, 881, 898, 901, 913, 916, 949, 959, 975, 980, 993]",1.566675,0.001810
serie_4,24,"[30, 73, 97, 116, 139, 154, 167, 237, 262, 270, 291, 295, 310, 313, 314, 335, 344, 354, 370, 399, 426, 433, 438, 489, 491, 529, 540, 553, 554, 587, 590, 605, 614, 637, 649, 672, 697, 705, 761, 773, 793, 798, 801, 820, 839, 843, 850, 906, 955]",1.585106,0.001783
serie_4,25,"[38, 74, 82, 85, 94, 103, 195, 223, 239, 279, 285, 311, 326, 341, 354, 379, 381, 394, 396, 415, 417, 429, 431, 435, 465, 533, 553, 564, 567, 586, 587, 615, 625, 671, 690, 704, 736, 756, 766, 797, 842, 847, 864, 869, 887, 891, 936, 974, 995]",1.556974,0.001768
serie_4,26,"[18, 35, 64, 83, 130, 131, 174, 217, 225, 238, 252, 262, 270, 286, 301, 306, 311, 319, 326, 328, 344, 354, 356, 365, 377, 414, 418, 482, 486, 488, 504, 573, 612, 654, 673, 700, 758, 779, 789, 799, 809, 812, 866, 881, 893, 916, 937, 971, 980]",1.571213,0.001761
serie_4,27,"[9, 13, 33, 65, 97, 115, 132, 171, 200, 212, 220, 308, 311, 326, 329, 389, 411, 459, 498, 524, 546, 551, 592, 637, 644, 647, 679, 710, 712, 726, 765, 784, 794, 801, 809, 811, 829, 844, 855, 863, 902, 907, 910, 930, 943, 960, 972, 973, 977]",1.566637,0.001759
serie_4,28,"[10, 31, 32, 53, 57, 77, 80, 90, 118, 169, 171, 207, 224, 230, 251, 263, 271, 273, 304, 337, 366, 387, 388, 401, 435, 451, 453, 549, 564, 592, 632, 643, 674, 698, 708, 713, 779, 801, 819, 826, 844, 888, 899, 900, 928, 945, 969, 981, 993]",1.565977,0.001769
serie_4,29,"[4, 73, 80, 107, 109, 134, 157, 224, 225, 228, 245, 262, 280, 290, 333, 349, 398, 416, 423, 429, 434, 437, 458, 495, 515, 516, 549, 560, 567, 606, 670, 685, 687, 732, 755, 763, 784, 819, 850, 851, 854, 870, 894, 897, 903, 938, 940, 962, 970]",1.561087,0.001755
serie_4,30,"[5, 23, 45, 48, 57, 106, 116, 118, 151, 176, 193, 220, 234, 243, 247, 303, 330, 332, 352, 364, 471, 579, 603, 658, 664, 695, 715, 736, 737, 747, 755, 770, 790, 823, 825, 867, 871, 887, 896, 902, 903, 909, 910, 936, 957, 960, 964, 969, 998]",1.580740,0.001784
serie_4,31,"[12, 40, 69, 82, 83, 86, 97, 102, 113, 117, 122, 243, 248, 285, 286, 292, 295, 319, 337, 366, 377, 394, 429, 431, 452, 522, 537, 548, 559, 578, 606, 632, 661, 664, 670, 681, 729, 746, 757, 762, 798, 815, 818, 827, 865, 884, 925, 950, 962]",1.562372,0.001768
serie_4,32,"[5, 40, 47, 52, 84, 106, 134, 143, 154, 201, 212, 265, 271, 287, 326, 334, 404, 440, 455, 488, 490, 496, 499, 529, 536, 545, 563, 582, 613, 618, 643, 655, 675, 696, 726, 732, 744, 776, 778, 780, 811, 871, 874, 877, 900, 917, 925, 943, 960]",1.545512,0.001776
serie_4,33,"[11, 48, 49, 55, 88, 92, 132, 136, 151, 186, 204, 220, 225, 228, 236, 265, 271, 298, 302, 312, 335, 349, 365, 395, 421, 426, 429, 433, 468, 480, 592, 642, 670, 683, 690, 725, 734, 740, 753, 772, 781, 797, 809, 831, 849, 858, 871, 948, 999]",1.568807,0.001768
serie_4,34,"[28, 73, 86, 93, 113, 117, 139, 141, 146, 185, 215, 256, 273, 276, 278, 303, 321, 326, 329, 346, 349, 358, 368, 379, 387, 416, 460, 531, 578, 609, 619, 661, 669, 692, 695, 697, 760, 823, 826, 832, 844, 864, 868, 877, 953, 979, 980, 991, 993]",1.562770,0.001756
serie_4,35,"[7, 36, 86, 123, 138, 163, 221, 245, 289, 313, 324, 325, 340, 350, 373, 389, 408, 428, 449, 486, 513, 535, 553, 566, 570, 572, 582, 583, 585, 613, 673, 690, 702, 706, 719, 724, 730, 751, 778, 783, 796, 806, 822, 830, 904, 905, 931, 946, 954]",1.564824,0.001772
serie_4,36,"[35, 43, 84, 96, 97, 101, 157, 162, 169, 173, 189, 239, 261, 285, 286, 344, 345, 356, 363, 392, 402, 411, 415, 495, 503, 514, 531, 564, 566, 597, 604, 613, 619, 623, 624, 671, 714, 749, 790, 881, 905, 915, 932, 944, 959, 967, 973, 976, 977]",1.583227,0.001757
serie_4,37,"[31, 35, 60, 61, 76, 79, 196, 221, 222, 227, 231, 252, 328, 340, 369, 377, 380, 386, 393, 409, 421, 430, 435, 485, 520, 556, 609, 632, 664, 665, 669, 682, 700, 730, 750, 758, 762, 781, 811, 846, 878, 914, 922, 923, 929, 930, 948, 956, 990]",1.561810,0.001768
serie_4,38,"[9, 22, 57, 128, 137, 139, 143, 170, 220, 237, 244, 272, 286, 297, 314, 316, 354, 399, 410, 443, 478, 533, 535, 578, 611, 632, 658, 664, 672, 677, 708, 713, 763, 768, 777, 785, 797, 809, 844, 855, 866, 893, 897, 902, 919, 947, 965, 986, 990]",1.572404,0.001761
serie_4,39,"[18, 30, 72, 83, 85, 122, 185, 196, 202, 216, 225, 235, 259, 272, 291, 292, 320, 346, 351, 373, 393, 424, 433, 436, 447, 486, 514, 518, 529, 579, 580, 585, 595, 610, 622, 638, 654, 674, 726, 756, 771, 782, 790, 807, 828, 886, 890, 904, 982]",1.565371,0.001758
serie_4,40,"[6, 15, 18, 49, 59, 70, 72, 138, 139, 142, 149, 161, 166, 181, 212, 236, 242, 243, 275, 298, 304, 305, 338, 376, 416, 424, 427, 542, 554, 566, 597, 601, 608, 664, 680, 752, 795, 820, 825, 831, 858, 885, 916, 923, 931, 952, 960, 992, 994]",1.570886,0.001850
serie_4,41,"[33, 77, 111, 136, 137, 143, 170, 212, 225, 229, 238, 330, 343, 365, 392, 409, 455, 459, 480, 509, 513, 520, 524, 529, 540, 562, 569, 610, 619, 624, 635, 638, 653, 663, 682, 713, 717, 718, 724, 832, 864, 892, 893, 899, 903, 973, 977, 987, 992]",1.573645,0.001806
serie_4,42,"[16, 30, 34, 50, 72, 79, 101, 128, 129, 165, 176, 196, 219, 239, 262, 274, 327, 355, 372, 407, 416, 427, 442, 466, 469, 479, 487, 511, 522, 552, 572, 584, 594, 600, 619, 621, 633, 643, 693, 717, 751, 758, 765, 835, 840, 863, 878, 958, 989]",1.578862,0.001865
serie_4,43,"[2, 24, 34, 38, 44, 107, 113, 121, 126, 170, 194, 202, 203, 215, 221, 292, 309, 350, 364, 369, 386, 405, 418, 431, 446, 448, 464, 502, 504, 578, 595, 623, 634, 680, 732, 780, 782, 784, 794, 800, 809, 819, 835, 893, 925, 938, 976, 992, 997]",1.568822,0.001837
serie_4,44,"[24, 32, 33, 36, 105, 123, 130, 183, 214, 308, 310, 319, 363, 368, 370, 391, 412, 417, 423, 427, 445, 447, 468, 472, 483, 504, 510, 528, 567, 575, 588, 602, 603, 659, 699, 713, 737, 779, 781, 835, 837, 862, 915, 921, 928, 953, 989, 998, 999]",1.578011,0.001854
serie_4,45,"[7, 13, 51, 156, 158, 194, 243, 245, 257, 264, 270, 314, 327, 337, 350, 355, 362, 367, 375, 407, 460, 477, 507, 514, 530, 541, 542, 546, 554, 556, 558, 601, 607, 623, 634, 693, 694, 703, 721, 726, 783, 809, 870, 879, 916, 929, 932, 968, 987]",1.572049,0.001833
serie_4,46,"[37, 95, 100, 124, 152, 178, 190, 251, 260, 285, 324, 374, 378, 404, 418, 488, 509, 522, 534, 574, 577, 583, 595, 639, 647, 649, 671, 672, 685, 687, 694, 712, 722, 740, 769, 797, 822, 828, 843, 848, 884, 888, 900, 921, 927, 929, 941, 964, 983]",1.579623,0.001808
serie_4,47,"[4, 14, 60, 62, 68, 92, 123, 129, 146, 160, 182, 191, 228, 229, 267, 269, 274, 278, 280, 289, 322, 324, 362, 453, 461, 505, 524, 530, 532, 569, 572, 596, 646, 658, 677, 688, 721, 723, 765, 784, 812, 818, 831, 857, 894, 922, 932, 969, 995]",1.559663,0.001815
serie_4,48,"[31, 48, 59, 74, 81, 167, 179, 182, 191, 202, 213, 217, 276, 317, 350, 405, 414, 425, 440, 449, 460, 491, 495, 501, 511, 544, 571, 578, 589, 591, 606, 651, 655, 665, 674, 700, 745, 769, 823, 826, 832, 890, 891, 903, 904, 930, 938, 950, 996]",1.560989,0.001883
serie_4,49,"[15, 19, 71, 81, 105, 123, 191, 194, 218, 227, 249, 274, 300, 307, 337, 347, 351, 352, 366, 375, 416, 423, 443, 453, 454, 495, 501, 539, 542, 566, 573, 594, 606, 637, 654, 705, 711, 754, 756, 857, 879, 882, 888, 919, 922, 928, 961, 986, 987]",1.559781,0.001821
serie_4,50,"[48, 56, 80, 88, 113, 132, 141, 177, 181, 189, 218, 243, 260, 262, 268, 273, 307, 328, 339, 356, 374, 397, 407, 432, 433, 442, 444, 483, 524, 550, 569, 582, 595, 637, 674, 693, 717, 735, 768, 784, 876, 894, 896, 927, 956, 974, 981, 994, 999]",1.556484,0.001825
serie_4,51,"[32, 66, 71, 77, 116, 142, 163, 179, 185, 202, 223, 233, 237, 254, 266, 353, 368, 369, 388, 391, 403, 408, 418, 432, 455, 458, 509, 519, 522, 548, 566, 585, 586, 601, 607, 614, 628, 634, 652, 663, 714, 747, 789, 820, 826, 842, 850, 908, 943]",1.563426,0.001809
serie_4,52,"[9, 26, 41, 55, 72, 92, 122, 142, 196, 233, 239, 247, 275, 286, 291, 302, 303, 308, 321, 393, 421, 443, 461, 472, 477, 516, 532, 557, 601, 609, 626, 634, 673, 741, 749, 756, 799, 808, 825, 838, 854, 855, 869, 873, 885, 902, 949, 952, 983]",1.570782,0.001809
serie_4,53,"[5, 40, 55, 58, 59, 60, 69, 107, 115, 148, 212, 214, 235, 252, 256, 304, 310, 318, 329, 344, 369, 379, 382, 400, 449, 470, 488, 578, 622, 655, 657, 661, 665, 674, 776, 787, 858, 864, 874, 875, 878, 915, 941, 966, 967, 969, 972, 981, 986]",1.555918,0.001816
serie_4,54,"[13, 27, 32, 37, 98, 138, 159, 163, 186, 193, 220, 239, 264, 265, 314, 333, 342, 352, 360, 366, 392, 425, 439, 457, 483, 545, 546, 588, 589, 617, 625, 632, 643, 674, 685, 687, 689, 802, 837, 841, 847, 855, 867, 890, 904, 952, 975, 986, 992]",1.585132,0.001815
serie_4,55,"[3, 18, 48, 51, 56, 79, 85, 90, 101, 122, 146, 165, 178, 197, 206, 245, 270, 289, 334, 430, 456, 482, 495, 533, 538, 551, 560, 576, 588, 608, 625, 648, 666, 670, 683, 691, 737, 739, 778, 810, 852, 908, 910, 923, 929, 940, 955, 968, 999]",1.572184,0.001821
serie_4,56,"[5, 32, 66, 102, 125, 145, 148, 159, 193, 264, 270, 275, 286, 298, 310, 355, 372, 380, 399, 410, 415, 423, 456, 457, 460, 494, 496, 501, 507, 534, 570, 592, 618, 624, 629, 634, 655, 661, 664, 685, 698, 700, 779, 800, 863, 886, 893, 952, 995]",1.546866,0.001815
serie_4,57,"[17, 48, 74, 134, 148, 175, 187, 195, 202, 224, 233, 267, 287, 304, 306, 308, 340, 351, 371, 407, 416, 433, 441, 466, 478, 495, 508, 539, 554, 568, 636, 715, 717, 747, 753, 754, 755, 804, 863, 864, 870, 874, 878, 884, 888, 903, 913, 959, 982]",1.580321,0.001837
serie_4,58,"[22, 29, 49, 60, 88, 93, 151, 240, 261, 265, 305, 324, 351, 366, 426, 428, 437, 457, 487, 508, 602, 618, 634, 635, 649, 652, 684, 692, 696, 729, 733, 746, 750, 776, 789, 794, 807, 823, 826, 831, 833, 855, 856, 875, 898, 929, 956, 961, 998]",1.566256,0.001804
serie_4,59,"[20, 123, 138, 165, 196, 203, 261, 288, 291, 317, 334, 341, 356, 362, 363, 367, 383, 415, 416, 419, 434, 435, 464, 470, 479, 540, 546, 547, 572, 574, 584, 601, 627, 635, 647, 677, 684, 703, 743, 752, 843, 856, 870, 877, 885, 904, 913, 982, 993]",1.585404,0.001790
serie_4,60,"[1, 4, 37, 47, 59, 62, 134, 164, 219, 268, 277, 295, 306, 320, 329, 376, 383, 387, 431, 449, 512, 528, 539, 545, 547, 587, 598, 653, 692, 716, 721, 796, 815, 833, 837, 846, 866, 868, 883, 889, 901, 924, 934, 936, 953, 981, 982, 986, 995]",1.556618,0.001785
serie_4,61,"[5, 16, 46, 63, 70, 96, 116, 159, 160, 171, 200, 275, 307, 316, 344, 346, 356, 435, 447, 448, 454, 471, 490, 497, 499, 507, 526, 539, 543, 569, 580, 587, 649, 650, 660, 717, 780, 792, 808, 812, 843, 845, 856, 878, 879, 887, 906, 909, 912]",1.573262,0.001780
serie_4,62,"[6, 7, 16, 31, 43, 53, 77, 96, 115, 130, 135, 192, 195, 210, 260, 289, 294, 374, 378, 394, 403, 426, 451, 544, 550, 577, 591, 594, 600, 614, 644, 703, 722, 759, 762, 788, 810, 822, 823, 842, 845, 852, 866, 879, 886, 902, 930, 937, 948]",1.579913,0.001761
serie_4,63,"[20, 53, 79, 88, 117, 135, 147, 159, 160, 169, 196, 212, 256, 289, 294, 353, 355, 372, 384, 389, 422, 435, 436, 470, 505, 562, 566, 612, 629, 646, 647, 674, 686, 745, 785, 793, 797, 801, 813, 840, 862, 895, 910, 917, 918, 920, 923, 952, 977]",1.564110,0.001759
serie_4,64,"[17, 20, 85, 94, 104, 149, 197, 203, 233, 239, 313, 338, 342, 343, 357, 419, 441, 448, 450, 459, 466, 485, 506, 514, 522, 587, 592, 602, 610, 666, 671, 698, 716, 740, 744, 751, 756, 757, 769, 804, 816, 826, 838, 871, 894, 932, 981, 983, 999]",1.564410,0.001761
serie_4,65,"[1, 2, 20, 21, 118, 119, 157, 172, 186, 206, 211, 213, 229, 236, 246, 259, 324, 338, 370, 441, 444, 445, 501, 521, 548, 556, 560, 577, 581, 613, 673, 702, 763, 805, 818, 826, 837, 849, 858, 872, 873, 878, 883, 928, 950, 973, 976, 982, 991]",1.583011,0.001766
serie_4,66,"[11, 59, 79, 87, 92, 111, 162, 166, 229, 254, 271, 280, 323, 330, 333, 352, 382, 394, 405, 411, 415, 426, 441, 463, 494, 510, 514, 536, 582, 597, 601, 622, 629, 639, 643, 656, 721, 773, 787, 792, 833, 897, 903, 905, 908, 937, 940, 947, 964]",1.566940,0.001784
serie_4,67,"[17, 45, 75, 85, 87, 89, 129, 144, 148, 159, 221, 234, 260, 278, 293, 294, 300, 354, 355, 356, 378, 415, 437, 475, 479, 493, 515, 518, 587, 589, 649, 665, 683, 732, 734, 744, 762, 765, 775, 794, 808, 832, 837, 846, 880, 958, 960, 966, 977]",1.581203,0.001765
serie_4,68,"[17, 54, 56, 58, 69, 76, 82, 83, 140, 153, 178, 186, 207, 222, 252, 281, 283, 313, 318, 322, 391, 401, 408, 409, 438, 454, 459, 516, 521, 558, 593, 616, 626, 643, 658, 685, 693, 707, 716, 717, 732, 744, 775, 832, 837, 877, 916, 944, 991]",1.553664,0.001777
serie_4,69,"[27, 39, 44, 46, 67, 80, 89, 97, 189, 202, 214, 297, 301, 303, 306, 329, 331, 342, 357, 384, 393, 397, 400, 414, 444, 457, 476, 513, 536, 572, 579, 594, 598, 605, 690, 710, 726, 732, 735, 737, 767, 772, 804, 825, 828, 916, 937, 938, 995]",1.535851,0.001776
serie_4,70,"[26, 41, 51, 61, 84, 101, 172, 183, 258, 308, 370, 385, 391, 393, 397, 411, 418, 429, 430, 431, 461, 479, 489, 496, 523, 531, 565, 596, 602, 613, 637, 667, 675, 678, 687, 692, 773, 781, 807, 822, 841, 881, 898, 907, 958, 981, 986, 990, 996]",1.574929,0.001777
serie_4,71,"[98, 99, 129, 158, 179, 190, 192, 217, 308, 348, 388, 389, 395, 405, 425, 428, 453, 456, 491, 520, 522, 529, 539, 548, 564, 573, 584, 586, 600, 601, 604, 621, 641, 683, 693, 740, 747, 774, 781, 786, 788, 792, 808, 876, 888, 902, 937, 975, 994]",1.561746,0.001765
serie_4,72,"[2, 52, 61, 143, 147, 160, 212, 246, 253, 262, 273, 293, 305, 366, 387, 388, 412, 451, 458, 466, 468, 487, 519, 533, 544, 559, 566, 609, 613, 629, 638, 664, 676, 692, 720, 740, 747, 757, 783, 807, 823, 846, 852, 890, 903, 904, 918, 961, 991]",1.574087,0.001755
serie_4,73,"[18, 24, 34, 39, 57, 72, 80, 113, 124, 125, 135, 140, 207, 225, 231, 251, 263, 283, 289, 356, 373, 388, 405, 411, 418, 429, 441, 457, 556, 558, 559, 600, 620, 623, 628, 629, 636, 669, 676, 678, 707, 730, 748, 798, 815, 884, 979, 996, 999]",1.577514,0.001761
serie_4,74,"[5, 14, 43, 44, 47, 64, 101, 111, 153, 156, 180, 201, 224, 244, 258, 266, 316, 353, 375, 401, 428, 448, 496, 524, 529, 532, 549, 574, 609, 613, 630, 643, 666, 685, 703, 740, 742, 749, 753, 785, 794, 800, 815, 826, 896, 917, 944, 966, 990]",1.560801,0.001774
serie_4,75,"[10, 17, 23, 27, 29, 77, 90, 158, 168, 179, 181, 194, 215, 231, 235, 261, 311, 318, 334, 351, 359, 378, 381, 396, 405, 430, 475, 485, 488, 491, 589, 613, 626, 639, 642, 645, 698, 703, 767, 795, 862, 864, 890, 940, 946, 955, 964, 996, 998]",1.559036,0.001772
serie_4,76,"[8, 30, 40, 72, 110, 138, 143, 174, 184, 204, 209, 212, 214, 218, 309, 310, 313, 339, 403, 414, 446, 455, 457, 476, 477, 509, 551, 555, 567, 659, 674, 723, 739, 741, 782, 785, 830, 832, 840, 848, 883, 892, 913, 937, 965, 967, 968, 982, 996]",1.569828,0.001764
serie_4,77,"[15, 27, 32, 36, 38, 50, 72, 105, 119, 155, 182, 191, 219, 231, 268, 285, 289, 292, 302, 314, 328, 332, 363, 368, 394, 418, 426, 452, 469, 475, 481, 557, 578, 602, 617, 632, 688, 750, 781, 792, 812, 837, 840, 858, 885, 923, 935, 954, 960]",1.583709,0.001760
serie_4,78,"[7, 25, 27, 61, 89, 96, 103, 122, 126, 158, 163, 185, 248, 289, 322, 336, 343, 390, 402, 407, 416, 422, 458, 462, 472, 496, 516, 517, 542, 550, 573, 577, 579, 594, 597, 603, 658, 668, 675, 701, 706, 726, 739, 751, 777, 792, 842, 911, 990]",1.568241,0.001773
serie_4,79,"[11, 12, 13, 40, 64, 65, 112, 141, 183, 220, 244, 252, 276, 280, 325, 353, 360, 376, 383, 396, 413, 428, 432, 440, 473, 557, 565, 572, 576, 612, 700, 717, 722, 756, 770, 801, 819, 824, 846, 868, 869, 895, 896, 903, 904, 944, 950, 973, 988]",1.591357,0.001769
serie_4,80,"[8, 10, 50, 75, 77, 111, 185, 196, 201, 216, 233, 239, 264, 313, 385, 386, 387, 416, 443, 449, 452, 466, 490, 494, 504, 546, 549, 569, 577, 581, 593, 600, 617, 622, 637, 639, 679, 684, 696, 698, 705, 736, 752, 755, 818, 822, 873, 889, 987]",1.591135,0.001769
serie_4,81,"[26, 31, 46, 68, 86, 101, 112, 115, 122, 135, 166, 211, 224, 246, 287, 289, 311, 344, 381, 403, 465, 475, 477, 489, 518, 565, 591, 627, 639, 651, 663, 664, 680, 682, 685, 689, 756, 779, 831, 843, 844, 848, 869, 880, 897, 912, 933, 950, 963]",1.560259,0.001779
serie_4,82,"[58, 61, 129, 144, 168, 181, 218, 220, 268, 286, 301, 311, 343, 352, 353, 393, 396, 403, 460, 491, 492, 498, 512, 519, 547, 580, 587, 600, 608, 732, 734, 738, 750, 763, 778, 789, 798, 799, 802, 804, 874, 924, 932, 942, 949, 951, 979, 988, 998]",1.556859,0.001757
serie_4,83,"[17, 54, 56, 68, 71, 73, 94, 121, 142, 153, 156, 165, 180, 185, 186, 198, 215, 229, 287, 288, 371, 420, 447, 460, 472, 480, 500, 523, 545, 565, 640, 643, 665, 714, 724, 728, 750, 779, 802, 818, 831, 870, 900, 905, 920, 933, 936, 984, 997]",1.586246,0.001758
serie_4,84,"[15, 36, 42, 44, 74, 89, 96, 117, 151, 193, 213, 231, 232, 305, 314, 351, 362, 391, 393, 403, 413, 428, 435, 457, 470, 487, 492, 501, 539, 559, 581, 597, 614, 635, 636, 640, 642, 696, 731, 772, 774, 779, 829, 833, 887, 892, 896, 913, 950]",1.573854,0.001772
serie_4,85,"[15, 55, 66, 96, 106, 110, 129, 160, 185, 194, 241, 264, 286, 300, 309, 313, 363, 380, 404, 421, 431, 436, 467, 482, 503, 542, 544, 546, 560, 570, 575, 599, 603, 617, 626, 633, 672, 678, 706, 732, 751, 752, 837, 852, 868, 873, 905, 923, 972]",1.552966,0.001780
serie_4,86,"[1, 2, 10, 16, 20, 22, 45, 50, 71, 76, 100, 101, 117, 121, 146, 163, 180, 237, 253, 275, 291, 301, 334, 397, 420, 434, 458, 465, 468, 496, 501, 521, 524, 551, 556, 557, 627, 666, 706, 717, 725, 740, 754, 833, 839, 881, 897, 908, 939]",1.571583,0.001769
serie_4,87,"[12, 27, 34, 46, 108, 175, 178, 208, 218, 258, 281, 313, 319, 333, 355, 364, 371, 376, 405, 408, 435, 440, 453, 456, 459, 467, 520, 573, 584, 595, 645, 647, 666, 678, 683, 716, 719, 720, 754, 758, 827, 833, 855, 859, 939, 958, 971, 973, 988]",1.580132,0.001767
serie_4,88,"[5, 20, 30, 35, 73, 75, 77, 84, 105, 128, 132, 134, 162, 196, 219, 221, 241, 306, 343, 364, 397, 431, 451, 460, 511, 530, 537, 562, 571, 587, 608, 666, 667, 682, 683, 684, 698, 755, 763, 772, 773, 801, 858, 877, 880, 883, 928, 945, 968]",1.575945,0.001817
serie_4,89,"[35, 42, 59, 99, 135, 141, 168, 195, 227, 238, 283, 302, 312, 335, 364, 405, 412, 447, 514, 531, 562, 578, 593, 608, 626, 661, 705, 780, 781, 782, 815, 823, 826, 835, 838, 841, 845, 850, 854, 869, 876, 890, 899, 905, 923, 941, 952, 980, 983]",1.580488,0.001820
serie_4,90,"[45, 78, 97, 123, 227, 242, 243, 246, 270, 291, 307, 325, 343, 361, 387, 409, 414, 457, 464, 467, 478, 487, 488, 506, 536, 606, 609, 636, 652, 660, 719, 729, 731, 738, 748, 806, 809, 836, 854, 864, 898, 901, 904, 910, 918, 946, 957, 960, 970]",1.562893,0.001832
serie_4,91,"[65, 70, 92, 137, 139, 165, 202, 237, 285, 291, 307, 330, 356, 364, 371, 409, 415, 433, 453, 461, 503, 510, 513, 538, 558, 567, 587, 600, 606, 624, 629, 631, 684, 704, 719, 736, 755, 775, 800, 815, 820, 834, 860, 890, 895, 935, 976, 978, 981]",1.570973,0.001821
serie_4,92,"[2, 3, 98, 101, 117, 118, 131, 165, 175, 178, 194, 237, 268, 278, 294, 299, 307, 315, 327, 340, 352, 365, 389, 418, 425, 446, 494, 506, 514, 523, 561, 582, 588, 599, 676, 688, 712, 720, 731, 787, 858, 870, 889, 910, 930, 969, 973, 974, 975]",1.551804,0.001822
serie_4,93,"[42, 43, 61, 90, 110, 113, 194, 234, 305, 310, 323, 324, 332, 347, 397, 401, 473, 493, 498, 555, 569, 570, 586, 600, 601, 602, 618, 619, 656, 668, 670, 672, 681, 686, 714, 746, 748, 770, 878, 884, 893, 899, 902, 908, 929, 933, 946, 953, 965]",1.563433,0.001772
serie_4,94,"[2, 15, 45, 66, 82, 134, 140, 249, 256, 258, 314, 317, 326, 333, 356, 378, 379, 412, 416, 441, 450, 479, 516, 526, 541, 566, 575, 583, 584, 631, 685, 689, 695, 731, 734, 756, 788, 798, 801, 859, 861, 868, 885, 891, 920, 959, 984, 985, 991]",1.568069,0.001845
serie_4,95,"[21, 45, 46, 51, 92, 108, 112, 117, 129, 133, 148, 182, 185, 226, 261, 321, 337, 343, 377, 385, 403, 419, 428, 454, 466, 477, 484, 565, 569, 580, 596, 598, 652, 668, 682, 685, 687, 688, 727, 764, 769, 797, 853, 854, 883, 914, 938, 955, 960]",1.579508,0.001826
serie_4,96,"[11, 21, 22, 26, 69, 79, 83, 87, 91, 93, 100, 137, 163, 184, 191, 204, 216, 238, 278, 284, 325, 328, 330, 343, 346, 361, 434, 453, 469, 489, 529, 551, 556, 557, 564, 570, 598, 645, 661, 709, 732, 735, 745, 746, 765, 775, 829, 879, 985]",1.543212,0.001816
serie_4,97,"[21, 80, 87, 109, 121, 175, 176, 217, 242, 247, 276, 284, 332, 415, 422, 460, 516, 532, 544, 578, 582, 614, 622, 628, 646, 656, 676, 687, 688, 692, 698, 699, 705, 707, 734, 786, 803, 809, 832, 838, 840, 864, 876, 890, 902, 914, 926, 951, 959]",1.583032,0.001797
serie_4,98,"[33, 37, 67, 73, 116, 118, 138, 230, 236, 261, 329, 346, 353, 375, 397, 404, 438, 446, 456, 467, 498, 528, 529, 537, 543, 587, 602, 634, 676, 690, 691, 705, 714, 718, 736, 763, 766, 779, 798, 837, 857, 928, 930, 931, 935, 940, 959, 969, 979]",1.570846,0.001760
serie_4,99,"[11, 14, 36, 37, 86, 113, 116, 130, 158, 169, 277, 305, 336, 353, 404, 406, 436, 457, 491, 503, 517, 536, 538, 546, 559, 575, 607, 608, 611, 613, 646, 663, 664, 762, 808, 814, 829, 830, 844, 865, 877, 916, 942, 955, 968, 971, 973, 976, 999]",1.565148,0.001772
serie_4,100,"[26, 33, 43, 50, 66, 70, 75, 164, 175, 194, 200, 226, 277, 316, 323, 347, 385, 399, 406, 435, 488, 492, 494, 499, 520, 522, 527, 560, 576, 587, 602, 615, 654, 656, 750, 763, 787, 789, 835, 867, 881, 883, 888, 890, 918, 919, 927, 955, 962]",1.553899,0.001762
serie_4,101,"[3, 32, 46, 62, 80, 81, 126, 138, 149, 152, 167, 181, 198, 202, 205, 207, 242, 263, 300, 301, 309, 317, 341, 363, 393, 398, 423, 427, 449, 475, 502, 508, 522, 540, 552, 571, 592, 613, 614, 632, 649, 744, 782, 851, 858, 867, 958, 990, 992]",1.569583,0.001767
serie_4,102,"[17, 48, 58, 63, 133, 139, 154, 180, 196, 253, 261, 304, 326, 329, 340, 343, 347, 368, 371, 394, 422, 448, 453, 484, 485, 548, 560, 567, 600, 614, 619, 640, 654, 659, 686, 694, 700, 704, 744, 755, 767, 771, 773, 796, 808, 889, 913, 940, 958]",1.561795,0.001755
serie_4,103,"[42, 66, 77, 100, 128, 151, 154, 157, 161, 179, 191, 207, 220, 278, 289, 352, 359, 390, 415, 425, 437, 457, 465, 486, 495, 511, 603, 605, 627, 663, 673, 677, 682, 702, 714, 720, 743, 745, 785, 832, 835, 859, 877, 897, 900, 955, 964, 968, 988]",1.556720,0.001765
serie_4,104,"[6, 34, 49, 67, 127, 150, 164, 173, 181, 221, 227, 230, 243, 260, 263, 276, 281, 285, 292, 317, 328, 333, 334, 338, 406, 431, 532, 537, 565, 572, 597, 673, 717, 777, 789, 793, 800, 857, 882, 885, 888, 929, 950, 962, 967, 968, 980, 990, 994]",1.570442,0.001759
serie_4,105,"[13, 48, 52, 66, 115, 126, 175, 180, 209, 214, 239, 240, 257, 281, 311, 318, 346, 348, 360, 361, 368, 400, 415, 421, 580, 628, 646, 655, 669, 686, 689, 704, 705, 707, 729, 737, 747, 755, 761, 781, 797, 812, 840, 887, 893, 921, 924, 941, 976]",1.586608,0.001774
serie_4,106,"[6, 36, 42, 49, 53, 87, 94, 95, 110, 115, 146, 153, 154, 166, 193, 195, 236, 259, 271, 285, 300, 367, 370, 420, 429, 431, 441, 454, 461, 493, 498, 499, 503, 538, 606, 666, 688, 699, 700, 708, 710, 728, 741, 803, 813, 848, 881, 884, 953]",1.591265,0.001774
serie_4,107,"[14, 78, 91, 145, 166, 207, 214, 252, 267, 289, 317, 335, 337, 368, 378, 445, 446, 449, 456, 464, 507, 533, 543, 555, 566, 588, 629, 631, 633, 650, 651, 663, 708, 720, 776, 803, 814, 821, 843, 883, 890, 925, 927, 943, 947, 959, 967, 971, 991]",1.576464,0.001756
serie_4,108,"[9, 34, 53, 56, 64, 66, 74, 102, 115, 131, 136, 138, 231, 236, 264, 280, 288, 330, 345, 377, 388, 389, 433, 445, 456, 457, 517, 526, 527, 528, 541, 565, 581, 587, 634, 646, 745, 764, 786, 832, 836, 845, 923, 942, 945, 949, 954, 995, 998]",1.556580,0.001769
serie_4,109,"[12, 20, 46, 47, 69, 78, 88, 120, 171, 179, 188, 215, 241, 253, 276, 301, 304, 306, 313, 320, 321, 322, 366, 378, 425, 448, 469, 471, 494, 515, 573, 581, 599, 611, 666, 703, 707, 717, 720, 721, 758, 770, 777, 789, 798, 862, 928, 940, 958]",1.564990,0.001738
serie_4,110,"[49, 88, 89, 117, 120, 137, 173, 186, 204, 222, 265, 267, 280, 324, 358, 364, 376, 387, 414, 421, 447, 457, 459, 489, 512, 516, 537, 555, 561, 610, 620, 645, 695, 699, 709, 730, 777, 787, 798, 813, 818, 845, 851, 885, 894, 899, 931, 932, 995]",1.557115,0.001769
serie_4,111,"[5, 7, 59, 73, 79, 90, 118, 135, 167, 170, 173, 183, 184, 208, 210, 214, 218, 251, 331, 347, 386, 413, 529, 534, 582, 588, 608, 629, 645, 650, 665, 690, 708, 715, 719, 721, 743, 757, 817, 842, 881, 900, 910, 913, 939, 941, 951, 962, 965]",1.574552,0.001820
serie_4,112,"[29, 64, 72, 93, 109, 121, 128, 167, 174, 206, 209, 215, 236, 289, 309, 329, 352, 357, 358, 359, 366, 405, 412, 440, 445, 481, 482, 499, 504, 617, 619, 642, 649, 662, 682, 707, 745, 770, 772, 774, 781, 827, 851, 855, 897, 920, 930, 971, 975]",1.561739,0.001831
serie_4,113,"[11, 69, 76, 90, 108, 114, 115, 138, 171, 172, 186, 191, 219, 234, 263, 276, 329, 332, 368, 373, 407, 435, 467, 487, 502, 543, 546, 557, 634, 637, 644, 666, 686, 699, 716, 723, 779, 783, 809, 833, 860, 911, 914, 920, 927, 930, 950, 955, 991]",1.568247,0.001824
serie_4,114,"[21, 29, 30, 77, 160, 163, 174, 180, 193, 233, 264, 267, 272, 318, 350, 361, 382, 384, 448, 455, 493, 508, 512, 555, 600, 604, 648, 663, 666, 711, 716, 732, 735, 741, 749, 750, 776, 782, 799, 843, 864, 868, 871, 885, 893, 900, 928, 958, 981]",1.568475,0.001820
serie_4,115,"[10, 11, 26, 69, 80, 86, 90, 107, 109, 121, 130, 153, 173, 180, 191, 217, 256, 301, 338, 339, 353, 356, 386, 451, 453, 464, 468, 486, 487, 545, 578, 671, 672, 709, 732, 769, 786, 806, 819, 829, 861, 864, 869, 877, 889, 928, 942, 983, 992]",1.579960,0.001814
serie_4,116,"[12, 25, 36, 37, 57, 69, 95, 125, 158, 197, 223, 225, 226, 231, 279, 322, 335, 371, 380, 388, 413, 423, 428, 446, 489, 507, 550, 560, 627, 644, 651, 658, 661, 675, 681, 695, 708, 719, 725, 760, 761, 774, 785, 789, 815, 942, 959, 990, 992]",1.563739,0.001786
serie_4,117,"[42, 55, 59, 86, 122, 143, 165, 179, 207, 211, 222, 236, 260, 307, 311, 314, 332, 472, 481, 500, 501, 505, 547, 555, 568, 575, 595, 608, 615, 714, 717, 720, 730, 805, 810, 814, 825, 828, 851, 867, 879, 896, 900, 909, 923, 930, 932, 975, 982]",1.560588,0.001786
serie_4,118,"[66, 110, 138, 160, 185, 188, 190, 228, 229, 253, 266, 336, 354, 386, 412, 415, 434, 439, 484, 487, 495, 510, 512, 538, 543, 561, 574, 580, 592, 608, 627, 631, 651, 667, 679, 691, 697, 729, 758, 781, 799, 879, 885, 888, 922, 926, 971, 976, 981]",1.579558,0.001771
serie_4,119,"[15, 23, 32, 39, 54, 166, 174, 185, 197, 204, 246, 253, 256, 260, 266, 281, 282, 299, 308, 330, 347, 418, 431, 491, 516, 538, 541, 545, 564, 565, 583, 597, 618, 621, 661, 662, 730, 749, 796, 807, 830, 849, 855, 858, 884, 916, 949, 951, 952]",1.574110,0.001772
serie_4,120,"[3, 20, 32, 37, 80, 82, 85, 88, 91, 143, 158, 235, 275, 276, 286, 297, 301, 313, 348, 364, 415, 442, 446, 479, 496, 513, 562, 602, 628, 666, 678, 702, 707, 748, 753, 814, 815, 825, 834, 841, 847, 886, 905, 932, 938, 949, 961, 997, 998]",1.571842,0.001775
serie_4,121,"[2, 29, 42, 43, 45, 88, 99, 141, 164, 218, 229, 234, 251, 265, 271, 286, 327, 328, 345, 357, 382, 383, 391, 395, 397, 400, 473, 482, 533, 546, 578, 599, 619, 627, 645, 662, 719, 815, 874, 878, 895, 909, 911, 937, 942, 962, 971, 974, 984]",1.565063,0.001756
serie_4,122,"[16, 17, 42, 59, 60, 74, 131, 132, 188, 202, 218, 243, 259, 264, 308, 315, 335, 371, 399, 402, 403, 498, 575, 579, 580, 586, 594, 655, 659, 668, 693, 694, 722, 736, 752, 762, 780, 792, 813, 842, 843, 853, 882, 915, 918, 920, 921, 957, 996]",1.571492,0.001755
serie_4,123,"[1, 2, 30, 78, 91, 92, 101, 103, 145, 154, 198, 201, 209, 223, 253, 276, 281, 341, 393, 407, 417, 423, 430, 455, 479, 499, 506, 509, 517, 555, 591, 598, 617, 642, 645, 650, 666, 670, 706, 727, 731, 743, 755, 787, 818, 863, 894, 917, 990]",1.561824,0.001757
serie_4,124,"[10, 12, 18, 28, 50, 113, 136, 144, 154, 157, 205, 214, 216, 266, 273, 289, 305, 309, 320, 323, 368, 376, 396, 399, 402, 466, 556, 568, 581, 582, 618, 683, 695, 705, 723, 726, 728, 735, 742, 780, 846, 851, 860, 872, 925, 941, 959, 982, 987]",1.568007,0.001853
serie_4,125,"[3, 9, 20, 21, 43, 53, 74, 145, 174, 180, 210, 270, 279, 297, 321, 336, 377, 436, 469, 493, 497, 511, 555, 571, 586, 589, 601, 609, 611, 621, 662, 671, 687, 710, 711, 723, 731, 733, 795, 797, 822, 858, 862, 863, 897, 953, 954, 967, 975]",1.566560,0.001821
serie_4,126,"[23, 42, 45, 60, 73, 109, 157, 190, 208, 223, 235, 252, 287, 324, 349, 370, 377, 443, 472, 483, 484, 501, 508, 527, 529, 578, 616, 620, 680, 699, 722, 731, 737, 752, 755, 777, 778, 791, 796, 821, 858, 862, 868, 869, 931, 939, 976, 981, 990]",1.575705,0.001824
serie_4,127,"[9, 25, 29, 82, 83, 92, 147, 294, 370, 401, 404, 441, 463, 532, 536, 544, 548, 568, 580, 619, 623, 650, 663, 672, 686, 689, 692, 719, 735, 736, 741, 765, 768, 774, 816, 821, 838, 850, 853, 867, 877, 880, 901, 927, 942, 966, 989, 994, 997]",1.561749,0.001811
serie_4,128,"[28, 44, 50, 57, 76, 104, 124, 159, 195, 226, 243, 275, 303, 365, 377, 379, 383, 387, 391, 392, 427, 467, 468, 476, 480, 490, 495, 504, 543, 548, 592, 715, 719, 731, 737, 745, 764, 791, 813, 862, 877, 882, 883, 896, 907, 917, 946, 947, 985]",1.562837,0.001842
serie_4,129,"[12, 23, 25, 103, 119, 121, 127, 137, 181, 191, 227, 237, 242, 259, 289, 309, 346, 359, 366, 383, 395, 404, 432, 439, 464, 481, 492, 534, 602, 608, 611, 612, 619, 639, 658, 722, 726, 790, 791, 792, 836, 884, 885, 929, 934, 951, 957, 987, 997]",1.573387,0.001833
serie_4,130,"[21, 31, 39, 52, 64, 76, 98, 111, 160, 162, 163, 183, 199, 262, 308, 368, 381, 388, 399, 401, 402, 451, 461, 465, 476, 486, 493, 508, 526, 528, 535, 567, 570, 576, 638, 641, 672, 707, 720, 721, 761, 773, 787, 795, 810, 828, 852, 898, 982]",1.564778,0.001802
serie_4,131,"[45, 48, 53, 81, 84, 111, 118, 129, 147, 165, 176, 194, 196, 209, 297, 312, 337, 393, 395, 401, 422, 430, 444, 447, 473, 477, 495, 502, 506, 521, 534, 540, 584, 599, 606, 626, 682, 713, 714, 738, 754, 775, 826, 851, 852, 875, 918, 935, 963]",1.562033,0.001772
serie_4,132,"[32, 48, 57, 62, 65, 118, 139, 146, 157, 166, 168, 173, 180, 182, 217, 223, 304, 337, 343, 348, 351, 361, 373, 390, 397, 400, 425, 451, 464, 483, 501, 519, 534, 560, 565, 567, 641, 657, 694, 753, 790, 799, 852, 856, 885, 899, 958, 972, 988]",1.578309,0.001766
serie_4,133,"[1, 69, 80, 109, 110, 142, 167, 178, 188, 204, 258, 296, 313, 315, 324, 331, 356, 362, 365, 366, 377, 395, 396, 436, 454, 460, 471, 476, 482, 498, 507, 537, 554, 572, 578, 592, 722, 744, 746, 749, 752, 833, 842, 868, 892, 908, 957, 983, 999]",1.543148,0.001775
serie_4,134,"[34, 84, 92, 121, 179, 218, 251, 257, 263, 285, 311, 316, 338, 374, 387, 393, 397, 432, 436, 442, 443, 446, 454, 459, 461, 469, 472, 485, 526, 548, 565, 596, 613, 658, 684, 691, 709, 710, 728, 766, 798, 801, 806, 845, 883, 901, 955, 990, 995]",1.575265,0.001767
serie_4,135,"[28, 78, 94, 101, 164, 188, 209, 217, 223, 238, 254, 255, 282, 286, 291, 347, 382, 391, 395, 397, 426, 427, 433, 443, 497, 540, 550, 557, 568, 599, 601, 630, 700, 706, 710, 733, 741, 744, 764, 777, 801, 864, 877, 889, 924, 951, 966, 970, 977]",1.575166,0.001775
serie_4,136,"[23, 34, 43, 50, 51, 72, 106, 126, 135, 150, 157, 184, 189, 206, 212, 248, 286, 306, 320, 322, 377, 394, 397, 403, 451, 503, 513, 519, 526, 589, 594, 606, 639, 689, 691, 712, 722, 804, 819, 838, 840, 856, 896, 921, 936, 952, 967, 981, 991]",1.550859,0.001863
serie_4,137,"[1, 39, 73, 104, 138, 148, 216, 224, 287, 307, 334, 368, 398, 404, 422, 426, 436, 438, 466, 482, 490, 512, 517, 532, 533, 534, 537, 572, 621, 630, 641, 658, 706, 714, 724, 738, 742, 757, 785, 808, 832, 839, 848, 853, 864, 877, 881, 900, 996]",1.558556,0.001821
serie_4,138,"[13, 103, 111, 115, 145, 155, 159, 181, 184, 227, 263, 285, 330, 355, 367, 381, 384, 478, 512, 531, 537, 540, 574, 583, 584, 586, 602, 615, 673, 675, 705, 707, 708, 795, 825, 861, 863, 875, 879, 911, 917, 932, 941, 943, 946, 954, 965, 969, 979]",1.566051,0.001778
serie_4,139,"[6, 35, 36, 44, 54, 55, 67, 91, 94, 113, 128, 160, 171, 173, 203, 204, 237, 247, 258, 268, 274, 321, 334, 355, 403, 424, 476, 496, 525, 573, 592, 641, 650, 669, 696, 701, 725, 727, 731, 736, 746, 801, 803, 810, 851, 947, 967, 984, 989]",1.576232,0.001748
serie_4,140,"[2, 41, 48, 68, 69, 75, 79, 87, 92, 93, 125, 135, 140, 158, 184, 197, 206, 212, 239, 288, 311, 315, 322, 331, 341, 356, 397, 447, 462, 535, 604, 606, 611, 621, 643, 768, 773, 780, 784, 798, 825, 832, 868, 875, 880, 886, 949, 963, 968]",1.569063,0.001869
serie_4,141,"[3, 18, 29, 43, 44, 67, 70, 89, 103, 106, 120, 153, 162, 196, 202, 208, 216, 250, 320, 348, 363, 370, 396, 442, 460, 477, 519, 522, 593, 607, 639, 643, 647, 657, 706, 717, 718, 743, 779, 785, 800, 844, 851, 865, 867, 871, 898, 915, 978]",1.571052,0.001828
serie_4,142,"[2, 14, 24, 77, 79, 88, 108, 140, 156, 213, 224, 278, 286, 298, 335, 340, 354, 370, 371, 384, 414, 426, 437, 451, 457, 483, 485, 490, 521, 531, 532, 600, 606, 654, 674, 684, 724, 736, 743, 782, 792, 803, 851, 867, 877, 890, 898, 910, 957]",1.555048,0.001826
serie_4,143,"[2, 6, 53, 74, 100, 140, 143, 161, 182, 190, 217, 230, 238, 243, 256, 288, 289, 299, 304, 346, 366, 388, 422, 431, 446, 461, 467, 507, 532, 602, 657, 685, 687, 694, 706, 710, 754, 778, 801, 803, 821, 839, 843, 857, 898, 911, 936, 960, 979]",1.584732,0.001818
serie_4,144,"[15, 21, 23, 37, 50, 61, 66, 70, 74, 75, 98, 99, 108, 115, 152, 172, 173, 327, 361, 396, 411, 430, 438, 480, 484, 501, 553, 571, 604, 643, 666, 708, 722, 771, 777, 778, 784, 842, 862, 893, 895, 905, 909, 937, 939, 948, 966, 969, 989]",1.583145,0.001792
serie_4,145,"[54, 63, 73, 80, 81, 98, 125, 133, 144, 152, 167, 170, 177, 184, 190, 193, 195, 204, 207, 231, 262, 324, 335, 350, 367, 371, 408, 415, 440, 457, 507, 565, 572, 659, 666, 690, 699, 721, 751, 756, 779, 799, 819, 835, 871, 906, 913, 963, 991]",1.566869,0.001762
serie_4,146,"[5, 67, 69, 82, 110, 191, 193, 201, 208, 219, 241, 272, 282, 292, 323, 328, 348, 352, 370, 405, 440, 457, 498, 501, 515, 517, 526, 527, 556, 580, 585, 590, 592, 593, 630, 702, 708, 716, 730, 738, 743, 799, 806, 854, 858, 907, 916, 945, 946]",1.546932,0.001765
serie_4,147,"[12, 33, 59, 74, 79, 104, 122, 153, 161, 199, 212, 226, 228, 240, 311, 317, 321, 334, 337, 349, 368, 427, 437, 440, 441, 530, 549, 556, 608, 612, 627, 628, 643, 661, 745, 752, 769, 795, 832, 844, 853, 885, 887, 890, 901, 922, 948, 952, 980]",1.581195,0.001776
serie_4,148,"[25, 30, 44, 64, 78, 80, 114, 177, 200, 202, 248, 250, 251, 257, 298, 304, 311, 343, 345, 346, 359, 371, 397, 458, 489, 503, 521, 534, 545, 561, 575, 603, 614, 647, 658, 677, 756, 766, 777, 783, 787, 810, 818, 827, 843, 876, 947, 992, 996]",1.555875,0.001768
serie_4,149,"[19, 42, 61, 97, 103, 113, 114, 146, 155, 157, 206, 221, 227, 279, 289, 290, 349, 418, 419, 464, 484, 506, 517, 539, 575, 593, 619, 651, 659, 665, 674, 690, 744, 756, 788, 792, 793, 810, 813, 815, 817, 831, 834, 900, 901, 902, 903, 904, 956]",1.574739,0.001756
serie_4,150,"[1, 28, 79, 114, 126, 154, 175, 191, 192, 207, 208, 271, 278, 295, 305, 314, 364, 367, 385, 389, 395, 397, 410, 412, 415, 461, 464, 480, 493, 495, 504, 526, 538, 578, 637, 655, 668, 669, 679, 680, 726, 821, 838, 858, 887, 929, 944, 953, 996]",1.573939,0.001754
serie_4,151,"[10, 29, 46, 51, 57, 95, 154, 161, 210, 216, 224, 241, 253, 296, 300, 355, 358, 365, 386, 395, 411, 474, 484, 494, 502, 505, 599, 601, 605, 706, 736, 742, 746, 773, 787, 815, 817, 820, 824, 830, 846, 848, 889, 898, 932, 934, 939, 966, 970]",1.565706,0.001752
serie_4,152,"[47, 65, 71, 73, 75, 95, 125, 134, 162, 175, 199, 224, 234, 244, 247, 257, 263, 296, 297, 316, 331, 347, 365, 395, 429, 442, 468, 480, 517, 529, 583, 595, 608, 610, 653, 656, 669, 698, 705, 707, 712, 737, 801, 830, 843, 869, 918, 932, 956]",1.556073,0.001767
serie_4,153,"[40, 70, 79, 145, 166, 176, 222, 224, 254, 258, 301, 352, 359, 381, 383, 397, 404, 426, 435, 475, 499, 514, 515, 517, 547, 565, 567, 580, 597, 612, 616, 617, 623, 628, 639, 676, 678, 688, 690, 760, 789, 802, 814, 898, 900, 904, 936, 973, 998]",1.584065,0.001755
serie_4,154,"[3, 11, 27, 32, 76, 79, 96, 112, 121, 149, 191, 206, 216, 223, 225, 239, 270, 285, 299, 364, 384, 405, 420, 435, 442, 465, 492, 497, 527, 560, 565, 566, 567, 596, 632, 647, 692, 698, 734, 743, 749, 770, 775, 860, 865, 869, 884, 924, 935]",1.572872,0.001798
serie_4,155,"[4, 16, 46, 47, 51, 66, 67, 71, 73, 95, 121, 137, 150, 158, 203, 205, 207, 236, 306, 335, 352, 376, 391, 398, 464, 475, 476, 486, 490, 513, 524, 525, 564, 578, 615, 646, 681, 693, 694, 708, 727, 776, 784, 789, 832, 896, 941, 980, 989]",1.562312,0.001845
serie_4,156,"[81, 84, 128, 229, 232, 249, 261, 268, 279, 283, 286, 299, 313, 316, 327, 358, 365, 380, 390, 420, 466, 468, 472, 487, 488, 498, 518, 527, 566, 581, 591, 601, 638, 660, 670, 685, 719, 773, 774, 775, 793, 797, 860, 879, 903, 904, 922, 947, 984]",1.572952,0.001814
serie_4,157,"[13, 17, 57, 75, 80, 84, 90, 124, 176, 183, 190, 214, 234, 239, 261, 288, 352, 355, 400, 441, 462, 471, 481, 519, 526, 536, 604, 611, 615, 631, 643, 657, 672, 680, 689, 698, 725, 732, 749, 757, 759, 767, 770, 780, 784, 862, 869, 952, 993]",1.572159,0.001802
serie_4,158,"[4, 11, 17, 43, 47, 54, 74, 94, 98, 121, 147, 183, 194, 243, 259, 282, 330, 339, 351, 390, 401, 413, 414, 427, 444, 510, 511, 513, 523, 556, 598, 603, 614, 633, 675, 776, 800, 827, 876, 915, 923, 933, 939, 948, 949, 953, 964, 989, 995]",1.566045,0.001834
serie_4,159,"[13, 31, 67, 73, 93, 140, 145, 169, 208, 333, 338, 353, 369, 384, 385, 390, 458, 485, 491, 517, 531, 544, 546, 549, 565, 567, 588, 621, 634, 642, 648, 688, 696, 742, 754, 781, 801, 811, 819, 839, 854, 886, 888, 902, 913, 915, 939, 966, 990]",1.578186,0.001809
serie_4,160,"[18, 23, 58, 185, 188, 189, 202, 244, 254, 267, 270, 280, 293, 312, 336, 337, 478, 493, 495, 508, 509, 514, 536, 540, 550, 618, 626, 628, 645, 657, 678, 686, 707, 725, 777, 790, 798, 813, 833, 841, 855, 902, 904, 911, 912, 928, 972, 996, 998]",1.589118,0.001831
serie_4,161,"[15, 30, 68, 117, 118, 120, 146, 161, 166, 186, 244, 246, 297, 310, 315, 331, 342, 359, 389, 392, 397, 398, 399, 403, 505, 506, 531, 568, 592, 610, 613, 614, 638, 665, 690, 699, 762, 782, 816, 853, 854, 868, 882, 893, 905, 945, 964, 990, 993]",1.567227,0.001799
serie_4,162,"[39, 42, 74, 92, 98, 143, 158, 169, 213, 214, 215, 234, 263, 265, 272, 317, 324, 329, 361, 376, 403, 427, 457, 461, 468, 487, 496, 503, 563, 587, 599, 607, 624, 662, 663, 667, 692, 696, 698, 709, 758, 759, 782, 813, 818, 824, 866, 886, 912]",1.579162,0.001757
serie_4,163,"[65, 68, 101, 105, 111, 135, 183, 190, 215, 236, 315, 349, 355, 443, 476, 504, 521, 542, 553, 600, 601, 611, 635, 636, 640, 649, 662, 664, 674, 684, 707, 718, 737, 743, 781, 782, 790, 803, 826, 851, 878, 888, 899, 911, 940, 958, 964, 965, 969]",1.561083,0.001760
serie_4,164,"[28, 55, 57, 69, 79, 107, 126, 128, 138, 201, 209, 215, 249, 250, 258, 314, 319, 322, 339, 368, 418, 426, 455, 462, 469, 509, 552, 553, 569, 583, 594, 619, 664, 682, 699, 706, 712, 813, 814, 821, 858, 861, 886, 959, 966, 976, 980, 983, 986]",1.580436,0.001769
serie_4,165,"[13, 23, 79, 87, 93, 139, 144, 158, 180, 248, 260, 266, 268, 314, 318, 358, 366, 408, 416, 427, 435, 437, 469, 475, 490, 501, 502, 526, 557, 558, 572, 576, 600, 692, 713, 731, 738, 750, 757, 768, 769, 770, 804, 813, 827, 830, 878, 879, 912]",1.584069,0.001763
serie_4,166,"[64, 68, 128, 135, 141, 155, 196, 213, 220, 234, 262, 287, 288, 296, 300, 320, 335, 357, 398, 399, 459, 470, 477, 508, 541, 573, 576, 578, 616, 629, 646, 664, 669, 712, 716, 739, 740, 790, 829, 850, 857, 858, 862, 874, 891, 907, 922, 934, 972]",1.574277,0.001761
serie_4,167,"[1, 33, 35, 43, 108, 123, 132, 189, 203, 226, 307, 320, 331, 343, 386, 418, 460, 463, 464, 498, 518, 522, 582, 641, 659, 687, 693, 722, 735, 763, 774, 785, 797, 801, 806, 810, 827, 867, 872, 873, 877, 878, 884, 897, 904, 931, 933, 953, 984]",1.545942,0.001744
serie_4,168,"[49, 73, 79, 112, 121, 150, 162, 173, 177, 179, 239, 248, 260, 261, 265, 280, 369, 376, 489, 497, 514, 540, 556, 580, 592, 598, 604, 609, 621, 650, 657, 693, 719, 727, 739, 757, 761, 777, 794, 802, 812, 820, 838, 906, 926, 957, 960, 963, 985]",1.590349,0.001751
serie_4,169,"[79, 110, 142, 150, 162, 193, 220, 233, 266, 306, 317, 350, 362, 365, 388, 415, 417, 421, 428, 429, 444, 465, 467, 470, 486, 491, 497, 505, 510, 537, 552, 554, 586, 591, 596, 679, 690, 733, 744, 815, 825, 834, 859, 913, 917, 937, 943, 986, 988]",1.569385,0.001781
serie_4,170,"[26, 67, 88, 104, 111, 123, 141, 178, 188, 209, 220, 235, 247, 248, 272, 276, 330, 338, 358, 395, 426, 453, 488, 545, 551, 560, 561, 562, 564, 598, 616, 642, 645, 652, 658, 704, 718, 765, 795, 822, 837, 879, 882, 889, 911, 939, 963, 966, 979]",1.572231,0.001761
serie_4,171,"[10, 34, 69, 89, 98, 104, 112, 116, 128, 139, 209, 225, 299, 313, 349, 378, 405, 437, 439, 460, 461, 488, 508, 520, 545, 563, 577, 635, 647, 707, 732, 737, 753, 763, 779, 799, 827, 837, 851, 872, 882, 885, 931, 938, 949, 952, 965, 986, 994]",1.553374,0.001765
serie_4,172,"[1, 14, 54, 73, 81, 113, 150, 169, 173, 189, 192, 206, 223, 230, 262, 337, 377, 381, 394, 422, 424, 433, 447, 450, 483, 494, 497, 502, 504, 515, 525, 540, 551, 698, 732, 766, 790, 799, 812, 814, 818, 819, 830, 851, 885, 902, 915, 945, 973]",1.557142,0.001768
serie_4,173,"[18, 41, 73, 146, 172, 190, 199, 209, 244, 253, 257, 324, 326, 336, 338, 345, 352, 375, 387, 395, 432, 434, 454, 471, 486, 490, 494, 513, 537, 549, 555, 581, 588, 611, 612, 653, 673, 724, 736, 777, 792, 845, 866, 901, 908, 944, 946, 962, 985]",1.562337,0.001770
serie_4,174,"[29, 57, 64, 93, 123, 170, 180, 186, 193, 200, 228, 254, 282, 291, 296, 306, 320, 344, 475, 495, 538, 553, 557, 591, 602, 629, 638, 642, 643, 644, 683, 695, 697, 703, 726, 758, 766, 767, 796, 812, 814, 834, 835, 847, 874, 885, 956, 965, 977]",1.576324,0.001763
serie_4,175,"[27, 28, 41, 49, 63, 111, 129, 145, 159, 196, 217, 236, 250, 259, 268, 279, 293, 294, 301, 320, 346, 357, 409, 460, 470, 494, 546, 550, 573, 598, 621, 627, 644, 671, 672, 742, 744, 769, 778, 780, 821, 827, 832, 847, 868, 883, 911, 921, 967]",1.581051,0.001777
serie_4,176,"[10, 23, 37, 71, 156, 191, 195, 201, 210, 213, 248, 271, 274, 321, 337, 358, 376, 400, 414, 434, 435, 450, 454, 483, 484, 510, 543, 555, 558, 625, 629, 638, 663, 687, 705, 730, 749, 774, 780, 803, 828, 849, 893, 906, 908, 942, 944, 968, 982]",1.575619,0.001762
serie_4,177,"[3, 4, 25, 37, 59, 62, 148, 150, 151, 176, 197, 216, 219, 220, 228, 233, 300, 309, 327, 330, 340, 348, 351, 373, 387, 400, 444, 460, 480, 545, 548, 564, 579, 606, 636, 643, 651, 686, 690, 704, 730, 772, 786, 816, 820, 848, 866, 924, 998]",1.579270,0.001757
serie_4,178,"[23, 36, 67, 70, 89, 119, 129, 136, 155, 179, 187, 197, 214, 222, 262, 265, 324, 360, 366, 381, 386, 459, 461, 464, 489, 503, 517, 594, 597, 656, 674, 692, 694, 695, 759, 767, 769, 785, 787, 820, 839, 840, 852, 854, 868, 883, 907, 958, 985]",1.578397,0.001759
serie_4,179,"[12, 29, 49, 106, 112, 118, 127, 133, 134, 142, 144, 164, 173, 176, 198, 263, 281, 324, 332, 335, 390, 421, 425, 448, 472, 489, 490, 499, 541, 549, 583, 586, 591, 625, 641, 676, 679, 692, 707, 714, 742, 783, 797, 865, 903, 932, 945, 978, 996]",1.571808,0.001768
serie_4,180,"[1, 4, 20, 37, 46, 55, 68, 136, 155, 158, 176, 187, 230, 233, 257, 268, 322, 335, 342, 381, 404, 411, 457, 465, 481, 505, 513, 547, 550, 565, 567, 587, 615, 628, 643, 657, 666, 692, 708, 719, 724, 796, 804, 812, 816, 887, 923, 936, 973]",1.584601,0.001770
serie_4,181,"[34, 35, 58, 59, 60, 67, 83, 93, 106, 121, 125, 128, 129, 223, 251, 269, 297, 298, 327, 345, 368, 378, 380, 417, 421, 475, 541, 547, 607, 641, 666, 670, 695, 756, 781, 787, 818, 825, 833, 838, 867, 877, 903, 907, 931, 956, 961, 968, 982]",1.582692,0.001761
serie_4,182,"[17, 26, 35, 40, 71, 96, 117, 131, 138, 165, 182, 199, 231, 243, 245, 254, 302, 303, 316, 322, 325, 341, 372, 381, 429, 430, 460, 461, 477, 498, 506, 508, 553, 569, 622, 646, 689, 699, 748, 804, 841, 875, 911, 932, 959, 970, 979, 985, 987]",1.561618,0.001750
serie_4,183,"[5, 10, 55, 65, 81, 138, 144, 150, 222, 238, 243, 284, 302, 316, 334, 335, 346, 354, 367, 395, 432, 433, 437, 445, 454, 464, 555, 562, 577, 599, 622, 638, 694, 698, 735, 739, 756, 768, 771, 772, 888, 893, 899, 927, 966, 973, 976, 985, 993]",1.573945,0.001773
serie_4,184,"[35, 52, 53, 63, 75, 76, 110, 138, 163, 198, 200, 206, 225, 229, 250, 278, 306, 350, 371, 373, 414, 479, 483, 497, 545, 620, 646, 651, 672, 691, 712, 725, 726, 727, 734, 763, 769, 778, 812, 847, 880, 910, 911, 926, 945, 953, 960, 963, 985]",1.591133,0.001771
serie_4,185,"[35, 51, 55, 59, 62, 72, 96, 109, 200, 234, 242, 256, 269, 274, 275, 279, 291, 302, 334, 335, 343, 351, 378, 391, 396, 430, 441, 447, 450, 456, 467, 493, 503, 552, 633, 647, 655, 680, 696, 739, 758, 780, 782, 800, 835, 844, 878, 952, 978]",1.575986,0.001764
serie_4,186,"[31, 50, 71, 117, 140, 141, 144, 148, 164, 207, 251, 257, 270, 283, 302, 328, 388, 390, 391, 392, 414, 428, 435, 455, 467, 472, 477, 502, 515, 581, 639, 641, 645, 650, 652, 659, 718, 771, 831, 862, 896, 902, 945, 950, 958, 964, 974, 975, 977]",1.586573,0.001758
serie_4,187,"[14, 20, 24, 87, 108, 166, 182, 206, 215, 235, 240, 252, 260, 268, 284, 310, 331, 340, 341, 372, 404, 406, 416, 443, 466, 484, 562, 603, 637, 638, 641, 698, 701, 703, 770, 787, 818, 828, 834, 838, 869, 906, 907, 909, 917, 947, 955, 973, 986]",1.576290,0.001742
serie_4,188,"[2, 16, 21, 30, 90, 116, 128, 157, 188, 195, 252, 259, 268, 271, 360, 368, 374, 376, 409, 422, 445, 461, 484, 516, 537, 547, 549, 564, 569, 573, 577, 649, 708, 715, 796, 823, 837, 865, 870, 872, 882, 901, 913, 947, 949, 958, 966, 970, 991]",1.575506,0.001763
serie_4,189,"[90, 102, 126, 140, 168, 170, 172, 203, 236, 260, 263, 298, 305, 306, 310, 316, 328, 344, 384, 404, 424, 446, 460, 526, 541, 580, 584, 610, 615, 635, 643, 649, 724, 773, 794, 803, 812, 844, 854, 856, 865, 877, 889, 899, 951, 957, 961, 980, 996]",1.569073,0.001759
serie_4,190,"[5, 18, 45, 48, 61, 73, 102, 111, 166, 181, 203, 223, 232, 242, 255, 261, 265, 292, 300, 311, 334, 341, 365, 418, 429, 434, 469, 476, 481, 499, 503, 508, 514, 587, 603, 614, 636, 645, 681, 689, 800, 814, 844, 903, 909, 932, 936, 969, 983]",1.586350,0.001767
serie_4,191,"[20, 24, 79, 88, 91, 112, 142, 146, 149, 153, 166, 176, 184, 206, 230, 287, 322, 362, 375, 393, 422, 446, 492, 525, 581, 600, 618, 635, 647, 648, 669, 673, 695, 711, 718, 724, 727, 741, 765, 778, 795, 800, 831, 844, 929, 968, 969, 971, 983]",1.573118,0.001746
serie_4,192,"[10, 25, 33, 52, 80, 83, 89, 100, 109, 141, 146, 181, 186, 202, 284, 295, 302, 303, 312, 315, 333, 347, 365, 379, 399, 401, 402, 416, 418, 498, 517, 544, 618, 620, 657, 665, 702, 732, 786, 789, 863, 900, 913, 924, 963, 978, 979, 982, 988]",1.555979,0.001755
serie_4,193,"[135, 137, 147, 149, 152, 209, 234, 239, 240, 262, 270, 275, 295, 323, 329, 385, 416, 417, 454, 473, 514, 539, 557, 606, 651, 655, 675, 690, 695, 707, 721, 763, 764, 788, 797, 798, 800, 804, 811, 831, 845, 857, 865, 906, 933, 949, 951, 956, 996]",1.559708,0.001765
serie_4,194,"[9, 10, 56, 86, 88, 96, 145, 153, 224, 242, 255, 256, 276, 282, 303, 306, 393, 394, 427, 444, 467, 483, 492, 493, 516, 519, 520, 548, 550, 558, 616, 624, 688, 690, 710, 765, 767, 803, 806, 823, 824, 873, 875, 922, 924, 933, 934, 954, 992]",1.557802,0.001769
serie_4,195,"[14, 24, 103, 105, 113, 127, 134, 139, 143, 197, 216, 233, 258, 308, 420, 422, 440, 443, 446, 457, 473, 476, 482, 528, 541, 545, 547, 558, 582, 589, 603, 648, 658, 681, 686, 732, 741, 752, 757, 770, 772, 802, 811, 879, 900, 909, 933, 942, 953]",1.566957,0.001769
serie_4,196,"[3, 13, 48, 70, 113, 128, 137, 142, 198, 200, 217, 220, 247, 268, 277, 278, 295, 297, 336, 351, 353, 360, 393, 398, 446, 450, 465, 473, 485, 493, 554, 555, 570, 593, 604, 633, 637, 669, 684, 732, 823, 842, 861, 864, 871, 872, 885, 907, 969]",1.583528,0.001751
serie_4,197,"[47, 154, 175, 209, 240, 273, 282, 285, 294, 342, 346, 363, 364, 366, 379, 389, 390, 445, 476, 484, 531, 561, 570, 581, 593, 607, 609, 632, 640, 653, 733, 748, 762, 775, 792, 797, 798, 817, 821, 869, 895, 900, 904, 905, 912, 941, 943, 944, 985]",1.563664,0.001745
serie_4,198,"[28, 29, 67, 101, 106, 130, 168, 174, 184, 205, 239, 243, 268, 289, 301, 326, 374, 384, 390, 414, 473, 501, 526, 603, 611, 612, 613, 632, 644, 675, 683, 702, 707, 739, 747, 756, 776, 790, 824, 856, 876, 878, 891, 892, 931, 943, 945, 995, 998]",1.550674,0.001785
serie_4,199,"[1, 19, 22, 52, 66, 92, 133, 156, 165, 195, 234, 255, 259, 301, 344, 346, 354, 383, 433, 442, 450, 461, 466, 474, 491, 496, 506, 522, 534, 550, 574, 598, 605, 617, 633, 641, 660, 766, 787, 824, 832, 833, 840, 872, 896, 920, 934, 985, 993]",1.582706,0.001765
serie_4,200,"[35, 52, 78, 94, 126, 195, 210, 218, 227, 308, 313, 314, 317, 329, 343, 378, 405, 406, 420, 443, 452, 499, 521, 526, 566, 568, 584, 606, 614, 618, 632, 673, 680, 686, 691, 707, 710, 733, 774, 822, 842, 867, 880, 881, 890, 910, 946, 954, 990]",1.560809,0.001751
serie_4,201,"[16, 35, 118, 125, 144, 149, 166, 200, 246, 254, 257, 289, 309, 321, 322, 358, 375, 379, 423, 438, 443, 500, 534, 554, 556, 562, 563, 600, 701, 703, 718, 720, 723, 743, 778, 783, 804, 813, 832, 840, 845, 894, 919, 922, 935, 946, 957, 965, 986]",1.583786,0.001742
serie_4,202,"[32, 36, 68, 89, 103, 150, 196, 226, 237, 269, 281, 329, 337, 338, 361, 380, 425, 452, 473, 485, 486, 491, 534, 554, 556, 570, 588, 597, 608, 624, 659, 728, 747, 751, 754, 757, 787, 793, 797, 812, 813, 827, 850, 909, 911, 912, 945, 954, 971]",1.575220,0.001815
serie_4,203,"[15, 41, 53, 81, 152, 158, 172, 173, 213, 223, 239, 248, 250, 263, 268, 272, 294, 309, 325, 331, 382, 411, 426, 427, 455, 501, 528, 564, 572, 627, 633, 684, 692, 721, 723, 750, 760, 772, 790, 857, 860, 863, 877, 898, 918, 923, 928, 933, 951]",1.562219,0.001827
serie_4,204,"[17, 19, 44, 48, 49, 88, 101, 139, 180, 199, 252, 253, 264, 267, 295, 310, 330, 347, 380, 424, 455, 459, 464, 472, 527, 543, 544, 552, 577, 612, 628, 639, 682, 693, 701, 736, 764, 773, 822, 840, 902, 906, 925, 927, 940, 960, 961, 982, 990]",1.578212,0.001799
serie_4,205,"[56, 93, 140, 175, 177, 184, 193, 203, 209, 229, 260, 269, 320, 328, 338, 341, 352, 373, 383, 405, 430, 437, 439, 465, 474, 482, 499, 516, 567, 606, 614, 649, 650, 655, 681, 711, 712, 714, 784, 793, 812, 839, 849, 886, 922, 960, 972, 976, 993]",1.570207,0.001806
serie_4,206,"[56, 60, 91, 106, 111, 128, 142, 144, 186, 207, 209, 223, 228, 229, 249, 256, 301, 333, 348, 374, 394, 401, 439, 448, 475, 476, 484, 494, 551, 555, 569, 570, 575, 601, 634, 650, 660, 677, 691, 716, 786, 815, 825, 842, 848, 882, 884, 894, 934]",1.574964,0.001809
serie_4,207,"[7, 69, 109, 161, 217, 236, 238, 263, 309, 328, 333, 349, 371, 392, 406, 410, 411, 450, 452, 455, 485, 539, 541, 558, 571, 611, 633, 651, 664, 719, 721, 722, 769, 783, 792, 796, 806, 819, 863, 871, 877, 896, 907, 919, 950, 970, 976, 982, 983]",1.572464,0.001804
serie_4,208,"[9, 33, 34, 49, 57, 63, 64, 76, 86, 89, 111, 114, 147, 154, 229, 238, 251, 254, 267, 292, 349, 355, 412, 416, 453, 461, 479, 481, 487, 515, 530, 551, 562, 637, 682, 683, 691, 736, 746, 747, 760, 784, 786, 797, 821, 850, 874, 949, 997]",1.592290,0.001803
serie_4,209,"[1, 23, 63, 76, 93, 107, 138, 146, 190, 195, 246, 317, 344, 364, 368, 374, 384, 393, 421, 444, 447, 486, 514, 547, 552, 607, 612, 615, 641, 658, 666, 667, 712, 756, 767, 777, 789, 830, 831, 833, 837, 846, 864, 920, 938, 944, 946, 972, 998]",1.559018,0.001819
serie_4,210,"[12, 67, 92, 120, 138, 142, 168, 188, 216, 251, 254, 265, 286, 291, 293, 311, 319, 338, 339, 365, 421, 422, 427, 459, 488, 513, 520, 522, 559, 560, 582, 664, 686, 693, 694, 696, 712, 714, 755, 764, 766, 795, 818, 823, 826, 854, 885, 942, 984]",1.578122,0.001778
serie_4,211,"[12, 50, 53, 72, 77, 78, 84, 132, 164, 174, 195, 215, 231, 302, 309, 316, 329, 447, 473, 485, 519, 524, 589, 596, 599, 600, 605, 635, 638, 645, 647, 657, 662, 703, 709, 715, 755, 786, 796, 853, 867, 896, 904, 915, 936, 962, 979, 982, 984]",1.563612,0.001762
serie_4,212,"[15, 35, 45, 59, 61, 89, 143, 161, 176, 177, 179, 201, 208, 233, 305, 306, 308, 351, 413, 421, 446, 452, 455, 470, 480, 500, 502, 526, 531, 537, 544, 565, 581, 593, 627, 633, 638, 701, 702, 719, 778, 806, 842, 854, 895, 900, 926, 938, 969]",1.589577,0.001749
serie_4,213,"[28, 70, 85, 139, 152, 208, 257, 274, 295, 301, 332, 341, 348, 357, 359, 370, 373, 390, 391, 406, 421, 424, 449, 457, 515, 527, 533, 562, 574, 576, 595, 638, 642, 658, 669, 693, 695, 726, 731, 738, 848, 856, 863, 876, 885, 922, 925, 929, 949]",1.575333,0.001765
serie_4,214,"[4, 7, 8, 26, 30, 101, 106, 204, 205, 207, 219, 239, 268, 319, 327, 344, 370, 383, 386, 395, 415, 426, 460, 485, 491, 494, 525, 556, 570, 582, 591, 596, 662, 680, 713, 723, 765, 781, 787, 803, 871, 878, 892, 905, 906, 915, 935, 979, 982]",1.568325,0.001759
serie_4,215,"[62, 70, 100, 144, 145, 187, 228, 232, 237, 245, 249, 251, 282, 295, 318, 324, 325, 338, 354, 387, 429, 435, 458, 463, 464, 471, 516, 520, 560, 603, 608, 654, 665, 726, 739, 753, 760, 775, 777, 783, 845, 859, 861, 895, 911, 914, 930, 942, 960]",1.556024,0.001766
serie_4,216,"[15, 22, 57, 63, 64, 81, 90, 97, 100, 139, 144, 149, 166, 234, 269, 321, 331, 350, 354, 365, 383, 387, 435, 471, 481, 485, 493, 563, 565, 613, 617, 633, 640, 685, 693, 769, 798, 827, 828, 832, 868, 869, 891, 896, 913, 943, 957, 970, 999]",1.574133,0.001761
serie_4,217,"[14, 23, 43, 45, 117, 130, 174, 229, 287, 312, 322, 347, 349, 370, 371, 374, 405, 407, 415, 423, 498, 522, 555, 558, 587, 589, 602, 606, 607, 609, 627, 645, 659, 676, 694, 717, 750, 762, 771, 835, 836, 862, 865, 866, 932, 933, 934, 980, 999]",1.573363,0.001772
serie_4,218,"[7, 29, 49, 117, 133, 144, 158, 174, 176, 186, 205, 208, 216, 225, 230, 393, 432, 442, 464, 467, 477, 498, 534, 536, 564, 567, 569, 585, 586, 591, 607, 639, 676, 682, 684, 742, 750, 778, 815, 833, 842, 871, 900, 909, 911, 923, 955, 963, 973]",1.577393,0.001789
serie_4,219,"[7, 36, 54, 80, 81, 96, 121, 135, 137, 165, 177, 180, 192, 204, 218, 236, 314, 319, 379, 387, 431, 454, 466, 478, 508, 543, 549, 576, 617, 620, 644, 655, 676, 691, 705, 722, 734, 753, 787, 802, 806, 809, 828, 914, 918, 936, 946, 950, 994]",1.563680,0.001763
serie_4,220,"[6, 8, 11, 59, 68, 83, 95, 102, 124, 219, 220, 224, 251, 260, 307, 316, 323, 407, 415, 420, 443, 453, 484, 513, 529, 541, 588, 599, 614, 652, 654, 661, 669, 703, 794, 798, 813, 828, 836, 859, 860, 861, 871, 877, 910, 913, 921, 945, 951]",1.558689,0.001746
serie_4,221,"[5, 20, 33, 43, 47, 91, 92, 119, 148, 150, 154, 157, 158, 160, 176, 225, 262, 269, 294, 338, 347, 370, 479, 515, 563, 572, 575, 582, 602, 675, 688, 696, 699, 704, 708, 716, 725, 726, 728, 768, 833, 844, 847, 874, 884, 900, 911, 913, 973]",1.604104,0.001753
serie_4,222,"[5, 16, 70, 72, 73, 101, 103, 194, 202, 203, 217, 256, 315, 339, 360, 371, 379, 389, 421, 435, 457, 459, 483, 484, 486, 525, 544, 567, 588, 605, 624, 634, 635, 667, 676, 692, 699, 718, 727, 733, 739, 784, 796, 823, 856, 864, 941, 976, 978]",1.561548,0.001780
serie_4,223,"[31, 33, 55, 72, 86, 88, 96, 134, 149, 150, 156, 161, 162, 167, 177, 187, 212, 262, 292, 296, 305, 336, 362, 377, 382, 386, 394, 417, 478, 510, 580, 599, 605, 624, 692, 699, 746, 755, 770, 776, 780, 803, 805, 842, 862, 865, 876, 953, 985]",1.582541,0.001832
serie_4,224,"[2, 7, 8, 27, 47, 62, 65, 71, 122, 134, 142, 143, 152, 171, 203, 234, 267, 339, 353, 357, 396, 412, 437, 442, 462, 474, 487, 522, 545, 566, 572, 594, 621, 640, 684, 688, 730, 739, 770, 777, 785, 802, 821, 837, 849, 864, 932, 960, 979]",1.599462,0.001790
serie_4,225,"[15, 39, 49, 50, 59, 67, 108, 121, 124, 146, 153, 156, 167, 200, 206, 238, 240, 253, 258, 276, 313, 354, 356, 404, 406, 466, 499, 514, 525, 565, 614, 629, 686, 693, 728, 739, 742, 777, 782, 798, 811, 828, 868, 890, 907, 917, 920, 960, 981]",1.581263,0.001821
serie_4,226,"[43, 68, 102, 115, 136, 152, 168, 192, 202, 206, 209, 215, 224, 239, 298, 328, 376, 394, 427, 436, 454, 455, 474, 490, 520, 538, 555, 575, 578, 581, 597, 645, 674, 726, 732, 780, 783, 799, 815, 818, 819, 834, 867, 876, 898, 901, 910, 987, 992]",1.551240,0.001806
serie_4,227,"[107, 129, 152, 183, 202, 209, 215, 220, 236, 238, 244, 254, 259, 269, 272, 279, 308, 314, 321, 335, 342, 347, 391, 394, 405, 427, 439, 496, 522, 561, 567, 582, 615, 617, 624, 636, 654, 666, 711, 717, 725, 745, 828, 843, 893, 921, 938, 947, 965]",1.559262,0.001817
serie_4,228,"[2, 21, 30, 55, 62, 126, 143, 159, 247, 286, 301, 307, 352, 366, 384, 397, 410, 411, 413, 448, 491, 502, 528, 531, 541, 548, 561, 620, 653, 663, 668, 722, 728, 732, 770, 774, 791, 862, 867, 898, 909, 925, 936, 939, 940, 946, 966, 967, 969]",1.564296,0.001812
serie_4,229,"[15, 47, 75, 77, 82, 87, 95, 118, 133, 171, 174, 189, 193, 202, 204, 264, 267, 352, 373, 390, 404, 405, 419, 442, 490, 609, 611, 618, 680, 698, 715, 748, 757, 762, 786, 792, 824, 849, 850, 854, 863, 864, 917, 921, 928, 944, 950, 960, 973]",1.589512,0.001821
serie_4,230,"[38, 66, 80, 102, 111, 112, 128, 138, 150, 153, 178, 199, 211, 247, 260, 293, 319, 322, 353, 363, 367, 376, 387, 391, 400, 422, 458, 462, 513, 535, 549, 593, 644, 721, 729, 744, 753, 792, 796, 809, 821, 826, 853, 864, 870, 911, 943, 952, 985]",1.558455,0.001811
serie_4,231,"[2, 36, 76, 77, 79, 129, 173, 205, 221, 222, 235, 281, 297, 315, 321, 323, 334, 339, 372, 412, 423, 445, 450, 459, 462, 488, 494, 513, 514, 547, 549, 611, 630, 647, 683, 699, 700, 702, 721, 792, 808, 809, 810, 816, 858, 939, 944, 949, 975]",1.560047,0.001820
serie_4,232,"[22, 50, 61, 69, 94, 108, 159, 184, 193, 205, 227, 244, 246, 254, 256, 286, 296, 382, 386, 387, 418, 443, 464, 480, 492, 532, 540, 555, 567, 601, 643, 656, 659, 666, 728, 730, 739, 750, 787, 807, 820, 825, 827, 852, 857, 934, 940, 951, 958]",1.584478,0.001803
serie_4,233,"[5, 28, 40, 57, 79, 111, 151, 156, 173, 182, 201, 208, 239, 246, 252, 257, 264, 271, 284, 336, 377, 380, 431, 447, 460, 475, 478, 499, 507, 522, 611, 625, 672, 703, 709, 752, 764, 791, 795, 803, 852, 894, 922, 933, 952, 953, 961, 962, 990]",1.576230,0.001789
serie_4,234,"[4, 5, 23, 33, 41, 43, 63, 67, 101, 124, 138, 143, 156, 192, 206, 208, 211, 224, 273, 275, 279, 284, 341, 362, 391, 399, 406, 438, 442, 453, 457, 486, 489, 502, 552, 575, 580, 626, 638, 663, 685, 728, 775, 786, 787, 790, 901, 908, 932]",1.550080,0.001766
serie_4,235,"[4, 8, 27, 143, 156, 192, 195, 228, 236, 246, 255, 264, 271, 299, 351, 383, 389, 390, 399, 401, 432, 450, 473, 486, 489, 501, 506, 517, 518, 538, 540, 547, 567, 578, 596, 604, 657, 695, 700, 702, 749, 772, 821, 850, 873, 876, 967, 990, 993]",1.569019,0.001772
serie_4,236,"[61, 70, 71, 73, 106, 167, 181, 198, 201, 209, 214, 218, 265, 368, 383, 386, 401, 404, 412, 471, 535, 591, 612, 645, 653, 654, 658, 664, 675, 694, 700, 713, 738, 744, 766, 774, 799, 832, 839, 845, 865, 872, 894, 907, 950, 971, 986, 987, 998]",1.570676,0.001851
serie_4,237,"[6, 21, 49, 74, 120, 145, 157, 165, 170, 184, 209, 245, 260, 263, 267, 269, 278, 343, 358, 491, 526, 529, 548, 594, 609, 624, 638, 653, 666, 668, 708, 725, 741, 762, 763, 786, 788, 799, 817, 825, 876, 888, 896, 907, 927, 935, 963, 967, 995]",1.579242,0.001819
serie_4,238,"[12, 14, 21, 22, 32, 43, 61, 78, 97, 104, 151, 209, 219, 228, 289, 306, 337, 349, 353, 382, 385, 388, 405, 413, 427, 538, 553, 558, 587, 595, 651, 659, 690, 720, 732, 743, 745, 753, 754, 781, 784, 795, 814, 869, 911, 935, 942, 949, 954]",1.556131,0.001791
serie_4,239,"[32, 49, 69, 112, 119, 169, 178, 199, 213, 262, 276, 290, 348, 354, 363, 379, 383, 410, 411, 413, 424, 428, 489, 578, 647, 698, 702, 712, 753, 757, 771, 781, 791, 797, 811, 823, 825, 831, 846, 861, 871, 881, 916, 926, 951, 953, 956, 961, 980]",1.593223,0.001761
serie_4,240,"[13, 32, 99, 104, 107, 119, 125, 135, 141, 144, 154, 159, 182, 186, 203, 241, 272, 276, 290, 313, 358, 373, 378, 394, 411, 429, 459, 545, 557, 610, 650, 655, 679, 684, 698, 732, 744, 774, 802, 818, 828, 859, 863, 873, 879, 892, 904, 964, 996]",1.571716,0.001764
serie_4,241,"[6, 10, 13, 19, 34, 44, 79, 99, 111, 131, 134, 138, 144, 162, 183, 216, 237, 383, 411, 472, 489, 498, 501, 506, 509, 532, 534, 567, 574, 606, 609, 632, 635, 643, 732, 733, 789, 793, 807, 833, 877, 896, 899, 921, 926, 941, 951, 961, 962]",1.567853,0.001776
serie_4,242,"[4, 5, 17, 20, 82, 110, 181, 242, 250, 264, 267, 273, 274, 280, 324, 337, 341, 412, 430, 432, 438, 452, 453, 485, 492, 531, 546, 578, 595, 614, 625, 635, 652, 687, 707, 722, 745, 769, 818, 830, 877, 903, 937, 941, 954, 968, 973, 991, 997]",1.549566,0.001751
serie_4,243,"[8, 11, 22, 26, 39, 56, 74, 120, 130, 152, 162, 169, 179, 235, 285, 321, 325, 419, 420, 439, 470, 474, 506, 510, 515, 517, 523, 554, 563, 575, 580, 583, 618, 619, 642, 648, 666, 675, 682, 694, 708, 743, 800, 801, 832, 881, 905, 939, 983]",1.560546,0.001769
serie_4,244,"[44, 46, 55, 64, 70, 77, 135, 166, 184, 213, 233, 258, 282, 295, 297, 302, 333, 340, 346, 351, 366, 389, 398, 455, 500, 554, 591, 604, 605, 614, 617, 625, 650, 658, 663, 664, 671, 717, 729, 763, 767, 808, 865, 885, 899, 902, 962, 979, 985]",1.574140,0.001775
serie_4,245,"[16, 36, 75, 80, 92, 97, 106, 128, 158, 163, 171, 181, 205, 208, 224, 239, 243, 249, 251, 324, 353, 362, 369, 379, 402, 419, 423, 444, 460, 470, 502, 633, 652, 698, 707, 709, 714, 720, 769, 802, 814, 815, 837, 844, 852, 856, 937, 940, 991]",1.568708,0.001785
serie_4,246,"[72, 75, 82, 97, 101, 127, 139, 153, 181, 208, 233, 237, 274, 351, 353, 356, 397, 453, 461, 469, 489, 518, 528, 623, 644, 666, 669, 672, 677, 714, 728, 729, 737, 739, 742, 746, 760, 761, 769, 847, 869, 885, 889, 912, 913, 932, 934, 941, 997]",1.565437,0.001762
serie_4,247,"[33, 46, 48, 54, 76, 109, 121, 156, 158, 187, 211, 257, 260, 297, 310, 319, 333, 368, 374, 399, 414, 421, 445, 465, 471, 476, 485, 521, 522, 562, 574, 585, 586, 658, 697, 705, 708, 721, 813, 828, 831, 832, 835, 879, 911, 912, 953, 968, 994]",1.579532,0.001770
serie_4,248,"[53, 62, 65, 72, 116, 146, 167, 225, 246, 247, 287, 315, 320, 384, 415, 467, 476, 478, 505, 511, 516, 558, 564, 607, 639, 641, 653, 654, 657, 658, 669, 674, 776, 778, 781, 801, 807, 814, 824, 830, 848, 859, 889, 904, 936, 952, 955, 982, 986]",1.569196,0.001770
serie_4,249,"[5, 6, 22, 72, 84, 87, 95, 120, 145, 167, 262, 282, 321, 334, 374, 375, 405, 424, 428, 431, 451, 469, 478, 495, 524, 525, 533, 565, 582, 588, 589, 622, 628, 668, 671, 676, 711, 744, 754, 766, 769, 771, 849, 855, 892, 906, 925, 953, 998]",1.562439,0.001766
serie_4,250,"[49, 79, 81, 86, 92, 108, 112, 117, 175, 216, 235, 236, 241, 291, 303, 310, 338, 363, 368, 382, 420, 476, 531, 535, 545, 560, 590, 596, 611, 672, 683, 685, 688, 731, 756, 781, 796, 806, 824, 841, 845, 861, 890, 906, 927, 930, 978, 998, 999]",1.562114,0.001783
serie_4,251,"[7, 40, 55, 56, 86, 105, 137, 187, 194, 214, 219, 238, 252, 253, 266, 287, 294, 310, 349, 350, 364, 371, 388, 398, 406, 408, 414, 427, 450, 478, 479, 502, 585, 624, 631, 633, 637, 669, 674, 692, 714, 788, 805, 831, 843, 884, 943, 963, 980]",1.571181,0.001759
serie_4,252,"[14, 32, 51, 79, 92, 101, 119, 139, 142, 149, 178, 214, 216, 240, 248, 266, 328, 333, 347, 353, 390, 408, 412, 415, 435, 443, 478, 537, 576, 595, 607, 638, 648, 687, 701, 763, 815, 819, 826, 829, 843, 862, 894, 898, 931, 938, 963, 969, 991]",1.583783,0.001764
serie_4,253,"[6, 21, 28, 34, 74, 116, 123, 125, 158, 161, 175, 182, 185, 228, 246, 286, 312, 340, 345, 370, 382, 419, 437, 442, 485, 518, 536, 561, 595, 610, 616, 624, 655, 659, 662, 680, 685, 687, 692, 713, 759, 775, 782, 821, 823, 870, 872, 942, 972]",1.573921,0.001756
serie_4,254,"[12, 21, 98, 116, 134, 150, 188, 205, 245, 249, 282, 321, 337, 355, 371, 387, 417, 420, 426, 431, 509, 513, 526, 527, 536, 555, 594, 604, 617, 621, 628, 658, 672, 712, 717, 758, 781, 785, 786, 795, 823, 867, 890, 893, 905, 909, 911, 954, 968]",1.566098,0.001763
serie_4,255,"[17, 29, 77, 100, 105, 162, 163, 166, 171, 189, 194, 196, 202, 203, 212, 226, 240, 253, 257, 271, 346, 372, 393, 417, 443, 459, 508, 529, 556, 584, 589, 624, 626, 708, 718, 753, 756, 815, 822, 844, 847, 848, 852, 859, 861, 864, 875, 879, 985]",1.585794,0.001764
serie_4,256,"[5, 31, 38, 86, 160, 161, 180, 217, 218, 241, 265, 279, 296, 298, 318, 336, 337, 356, 377, 386, 424, 446, 461, 463, 465, 496, 515, 519, 547, 568, 571, 588, 589, 607, 613, 619, 652, 673, 710, 752, 771, 814, 819, 820, 832, 854, 855, 862, 918]",1.561575,0.001773
serie_4,257,"[9, 62, 81, 101, 110, 116, 161, 179, 219, 298, 339, 353, 373, 375, 377, 399, 431, 440, 441, 442, 468, 479, 495, 500, 504, 506, 533, 537, 554, 568, 620, 638, 695, 708, 712, 740, 759, 765, 772, 792, 796, 801, 804, 842, 846, 885, 911, 946, 987]",1.576981,0.001766
serie_4,258,"[49, 59, 121, 141, 153, 163, 212, 214, 266, 275, 296, 305, 321, 350, 385, 402, 408, 415, 418, 423, 446, 491, 497, 556, 577, 579, 610, 636, 685, 705, 746, 770, 771, 783, 806, 825, 843, 849, 867, 868, 871, 880, 888, 895, 949, 956, 967, 971, 994]",1.560419,0.001757
serie_4,259,"[55, 72, 88, 90, 95, 112, 115, 123, 149, 156, 207, 228, 247, 248, 293, 399, 402, 436, 463, 493, 535, 538, 539, 540, 587, 604, 620, 634, 642, 698, 715, 718, 738, 764, 772, 789, 812, 866, 868, 898, 904, 908, 922, 925, 937, 944, 963, 967, 986]",1.577146,0.001759
serie_4,260,"[17, 23, 37, 39, 147, 164, 175, 244, 258, 275, 278, 304, 332, 360, 410, 424, 426, 429, 468, 473, 494, 508, 550, 553, 568, 569, 592, 604, 614, 625, 647, 667, 702, 731, 734, 757, 768, 812, 815, 841, 851, 854, 883, 886, 896, 918, 945, 955, 983]",1.572927,0.001752
serie_4,261,"[19, 26, 31, 59, 66, 70, 88, 103, 144, 146, 175, 188, 194, 217, 229, 231, 254, 275, 281, 298, 360, 370, 377, 384, 395, 412, 416, 425, 451, 504, 511, 519, 521, 539, 582, 584, 593, 607, 620, 621, 626, 779, 813, 873, 891, 902, 942, 946, 969]",1.555898,0.001770
serie_4,262,"[60, 82, 92, 102, 130, 169, 176, 181, 204, 230, 242, 246, 252, 258, 261, 271, 287, 298, 323, 343, 365, 376, 377, 404, 418, 427, 431, 442, 449, 491, 509, 533, 545, 558, 589, 647, 652, 692, 716, 729, 734, 749, 797, 859, 884, 912, 926, 974, 979]",1.564748,0.001801
serie_4,263,"[65, 177, 205, 209, 216, 223, 256, 318, 373, 384, 391, 402, 419, 442, 448, 459, 466, 478, 479, 492, 509, 525, 531, 550, 557, 601, 604, 607, 639, 661, 681, 685, 718, 737, 785, 787, 791, 810, 831, 841, 849, 868, 873, 911, 914, 933, 938, 981, 986]",1.587476,0.001940
serie_4,264,"[20, 84, 89, 134, 193, 206, 222, 236, 250, 256, 257, 286, 294, 305, 308, 335, 349, 357, 369, 372, 395, 396, 401, 424, 427, 485, 514, 523, 562, 568, 569, 570, 574, 592, 635, 687, 693, 735, 753, 783, 786, 806, 820, 825, 845, 903, 916, 942, 964]",1.555682,0.001816
serie_4,265,"[4, 13, 19, 22, 38, 41, 48, 78, 80, 93, 101, 104, 133, 137, 153, 248, 253, 293, 314, 335, 400, 430, 443, 464, 486, 488, 495, 515, 523, 526, 619, 626, 629, 653, 656, 689, 708, 717, 739, 742, 830, 831, 833, 848, 889, 892, 905, 939, 949]",1.549017,0.001803
serie_4,266,"[12, 29, 50, 51, 100, 139, 152, 203, 213, 230, 245, 266, 275, 299, 318, 320, 375, 377, 394, 405, 422, 454, 460, 485, 502, 507, 519, 541, 566, 567, 599, 617, 638, 662, 748, 767, 787, 812, 821, 859, 873, 878, 893, 894, 902, 913, 938, 961, 972]",1.572794,0.001806
serie_4,267,"[8, 50, 90, 116, 124, 216, 247, 252, 262, 265, 271, 275, 281, 282, 287, 306, 384, 442, 450, 461, 471, 489, 496, 546, 575, 595, 617, 653, 716, 722, 727, 729, 738, 742, 745, 823, 857, 885, 888, 896, 898, 905, 930, 951, 970, 980, 984, 988, 996]",1.553919,0.001772
serie_4,268,"[52, 62, 81, 104, 157, 167, 169, 185, 188, 197, 330, 336, 337, 358, 381, 420, 428, 450, 464, 513, 567, 578, 616, 650, 666, 685, 766, 767, 769, 777, 779, 782, 785, 796, 797, 810, 824, 843, 865, 877, 887, 900, 902, 903, 917, 951, 973, 977, 983]",1.573250,0.001753
serie_4,269,"[14, 20, 35, 50, 53, 112, 127, 131, 143, 168, 182, 213, 241, 271, 294, 306, 345, 351, 370, 372, 390, 461, 482, 486, 499, 504, 530, 541, 544, 557, 569, 570, 588, 615, 642, 655, 769, 772, 776, 825, 834, 837, 838, 895, 899, 937, 965, 969, 978]",1.571206,0.001773
serie_4,270,"[5, 20, 25, 35, 41, 53, 113, 151, 153, 174, 196, 215, 218, 266, 277, 312, 321, 324, 327, 340, 375, 427, 439, 455, 465, 495, 498, 503, 512, 516, 535, 560, 588, 593, 595, 639, 672, 676, 690, 693, 705, 731, 748, 789, 809, 810, 858, 874, 965]",1.552815,0.001837
serie_4,271,"[28, 45, 50, 55, 63, 73, 77, 94, 96, 109, 117, 154, 214, 216, 256, 262, 289, 296, 303, 337, 373, 386, 394, 404, 410, 448, 452, 460, 463, 479, 546, 561, 622, 658, 687, 697, 702, 710, 749, 787, 815, 816, 860, 866, 897, 928, 932, 962, 985]",1.581559,0.001766
serie_4,272,"[7, 33, 52, 70, 79, 80, 142, 164, 172, 215, 239, 246, 287, 300, 307, 329, 347, 370, 372, 392, 471, 484, 485, 489, 493, 499, 515, 518, 527, 554, 578, 585, 593, 595, 599, 600, 616, 661, 684, 706, 740, 766, 786, 838, 854, 856, 905, 934, 956]",1.541727,0.001807
serie_4,273,"[4, 17, 19, 46, 83, 86, 90, 122, 126, 138, 141, 151, 158, 170, 252, 271, 278, 303, 377, 387, 417, 437, 460, 502, 534, 535, 538, 541, 553, 559, 583, 596, 608, 621, 626, 645, 677, 698, 709, 716, 739, 768, 773, 781, 786, 824, 863, 899, 972]",1.579067,0.001774
serie_4,274,"[27, 29, 37, 67, 114, 186, 229, 239, 274, 280, 312, 315, 331, 360, 379, 381, 385, 417, 420, 422, 432, 443, 536, 537, 545, 566, 584, 594, 596, 623, 660, 663, 707, 720, 721, 740, 742, 786, 850, 863, 890, 899, 934, 948, 960, 963, 976, 977, 983]",1.570618,0.001754
serie_4,275,"[19, 31, 46, 55, 115, 129, 145, 186, 213, 226, 236, 259, 284, 286, 306, 321, 404, 445, 455, 459, 544, 581, 587, 588, 612, 648, 656, 664, 679, 691, 721, 728, 746, 748, 755, 771, 773, 793, 816, 831, 881, 928, 958, 960, 972, 981, 983, 986, 988]",1.580503,0.001757
serie_4,276,"[19, 23, 81, 118, 144, 146, 185, 212, 216, 221, 237, 290, 294, 300, 310, 316, 326, 331, 345, 361, 380, 401, 403, 454, 473, 474, 485, 513, 528, 537, 549, 577, 579, 607, 622, 637, 713, 717, 748, 796, 813, 815, 833, 842, 865, 924, 974, 989, 995]",1.562385,0.001761
serie_4,277,"[49, 68, 80, 105, 136, 138, 143, 213, 235, 237, 244, 265, 293, 317, 331, 341, 342, 436, 437, 439, 440, 450, 453, 464, 487, 491, 500, 545, 555, 586, 609, 610, 675, 751, 805, 812, 827, 836, 858, 869, 872, 888, 900, 915, 920, 925, 931, 941, 994]",1.555193,0.001767
serie_4,278,"[44, 57, 78, 91, 133, 145, 154, 156, 184, 185, 195, 206, 207, 226, 233, 234, 248, 257, 267, 294, 306, 310, 398, 418, 428, 447, 513, 549, 556, 563, 590, 628, 688, 703, 711, 724, 729, 737, 749, 771, 821, 824, 833, 849, 886, 911, 933, 938, 963]",1.579405,0.001767
serie_4,279,"[16, 26, 37, 45, 47, 65, 85, 125, 145, 165, 170, 172, 186, 193, 210, 223, 226, 229, 260, 289, 300, 313, 334, 340, 344, 356, 403, 418, 456, 496, 517, 532, 539, 584, 754, 773, 791, 811, 830, 833, 884, 893, 914, 917, 919, 926, 937, 961, 963]",1.566554,0.001760
serie_4,280,"[19, 31, 37, 44, 49, 54, 70, 88, 99, 126, 132, 142, 143, 148, 157, 168, 174, 178, 197, 201, 202, 211, 276, 323, 343, 345, 354, 356, 369, 383, 450, 492, 527, 538, 557, 577, 580, 587, 615, 632, 640, 675, 724, 821, 863, 878, 919, 926, 956]",1.581904,0.001767
serie_4,281,"[106, 116, 154, 157, 219, 220, 237, 284, 319, 334, 336, 349, 379, 405, 430, 440, 478, 479, 506, 508, 536, 537, 549, 575, 597, 598, 602, 624, 632, 654, 660, 681, 684, 707, 711, 720, 723, 733, 744, 753, 775, 832, 898, 932, 933, 937, 943, 980, 984]",1.572284,0.001752
serie_4,282,"[69, 102, 136, 141, 177, 178, 213, 214, 229, 231, 236, 238, 318, 337, 338, 370, 384, 386, 391, 403, 407, 447, 463, 513, 552, 561, 569, 584, 667, 671, 689, 691, 706, 714, 741, 746, 791, 823, 835, 848, 853, 854, 872, 881, 945, 948, 973, 988, 994]",1.565488,0.001759
serie_4,283,"[20, 75, 76, 98, 107, 112, 217, 220, 239, 275, 283, 289, 307, 311, 367, 370, 372, 399, 454, 462, 510, 517, 522, 526, 536, 538, 539, 575, 584, 596, 624, 650, 672, 679, 707, 708, 709, 729, 746, 765, 773, 785, 844, 847, 853, 875, 903, 913, 998]",1.564594,0.001750
serie_4,284,"[1, 34, 38, 50, 53, 111, 115, 125, 126, 167, 182, 210, 231, 255, 339, 376, 390, 395, 446, 467, 482, 514, 561, 568, 597, 616, 629, 647, 658, 668, 670, 676, 706, 711, 713, 717, 724, 730, 737, 750, 820, 823, 833, 834, 880, 898, 911, 926, 964]",1.570079,0.001753
serie_4,285,"[22, 44, 52, 55, 61, 80, 86, 92, 102, 136, 171, 185, 193, 220, 225, 227, 293, 301, 324, 331, 335, 350, 401, 411, 417, 421, 433, 462, 476, 482, 511, 525, 550, 566, 575, 611, 613, 680, 771, 777, 791, 797, 805, 816, 873, 920, 935, 951, 980]",1.551363,0.001757
serie_4,286,"[1, 22, 36, 42, 60, 147, 158, 186, 217, 241, 262, 265, 266, 302, 308, 316, 334, 342, 348, 349, 406, 435, 463, 477, 478, 576, 620, 648, 669, 700, 703, 740, 766, 768, 771, 785, 798, 809, 813, 849, 865, 876, 907, 926, 944, 954, 970, 975, 979]",1.567116,0.001770
serie_4,287,"[48, 89, 112, 145, 162, 165, 197, 206, 211, 215, 229, 230, 246, 258, 261, 282, 314, 320, 325, 329, 421, 430, 440, 442, 452, 466, 479, 490, 589, 613, 621, 623, 697, 735, 753, 757, 777, 786, 822, 827, 831, 835, 886, 890, 948, 949, 962, 979, 987]",1.566855,0.001771
serie_4,288,"[21, 32, 69, 115, 135, 182, 191, 207, 225, 236, 257, 273, 275, 276, 353, 395, 416, 432, 443, 473, 479, 491, 519, 527, 534, 574, 578, 616, 624, 627, 650, 682, 683, 685, 701, 704, 742, 755, 790, 826, 874, 875, 904, 905, 919, 944, 956, 958, 962]",1.568825,0.001752
serie_4,289,"[19, 37, 39, 53, 83, 84, 109, 117, 195, 344, 345, 357, 359, 379, 393, 413, 416, 448, 452, 461, 464, 467, 508, 510, 516, 533, 541, 549, 565, 572, 578, 585, 624, 661, 689, 695, 714, 716, 759, 798, 799, 818, 827, 830, 912, 915, 932, 969, 989]",1.588456,0.001762
serie_4,290,"[47, 48, 53, 61, 76, 81, 87, 131, 157, 170, 242, 259, 272, 281, 305, 312, 327, 380, 402, 421, 423, 449, 474, 488, 506, 548, 555, 565, 576, 593, 632, 638, 644, 673, 705, 713, 737, 764, 810, 814, 855, 871, 887, 891, 898, 925, 946, 981, 987]",1.561172,0.001762
serie_4,291,"[33, 40, 64, 119, 156, 177, 199, 208, 216, 232, 233, 325, 344, 354, 408, 421, 440, 465, 478, 481, 487, 580, 601, 638, 719, 720, 735, 739, 741, 801, 802, 808, 817, 833, 863, 864, 876, 877, 884, 892, 915, 918, 925, 951, 973, 976, 981, 988, 994]",1.590759,0.001762
serie_4,292,"[4, 31, 36, 38, 41, 60, 67, 118, 155, 168, 182, 198, 225, 266, 279, 288, 294, 300, 326, 400, 412, 429, 472, 482, 510, 523, 542, 609, 636, 640, 642, 648, 650, 671, 674, 716, 725, 752, 758, 811, 857, 865, 897, 901, 928, 944, 956, 962, 970]",1.563929,0.001759
serie_4,293,"[1, 9, 15, 115, 126, 131, 149, 156, 166, 179, 180, 194, 195, 237, 238, 242, 252, 256, 267, 367, 375, 385, 445, 485, 498, 516, 548, 592, 599, 601, 611, 626, 631, 699, 702, 719, 761, 793, 810, 855, 861, 872, 882, 898, 977, 980, 984, 994, 999]",1.592616,0.001761
serie_4,294,"[2, 11, 39, 54, 69, 77, 89, 111, 124, 132, 145, 147, 154, 179, 215, 219, 220, 221, 257, 313, 337, 364, 428, 462, 463, 467, 469, 479, 489, 515, 521, 566, 582, 632, 643, 697, 701, 757, 774, 783, 802, 869, 891, 894, 895, 905, 922, 973, 974]",1.588377,0.001755
serie_4,295,"[26, 43, 62, 79, 80, 82, 91, 102, 104, 117, 139, 178, 208, 245, 271, 296, 360, 385, 404, 409, 424, 440, 451, 486, 488, 507, 564, 566, 568, 574, 591, 597, 600, 605, 612, 621, 658, 676, 725, 737, 774, 820, 871, 872, 903, 933, 970, 991, 992]",1.563182,0.001761
serie_4,296,"[3, 5, 10, 33, 97, 117, 146, 168, 200, 202, 214, 225, 228, 245, 262, 295, 329, 375, 411, 437, 451, 465, 473, 485, 497, 502, 524, 546, 591, 620, 623, 637, 673, 679, 690, 703, 710, 729, 751, 815, 827, 863, 869, 883, 885, 915, 941, 981, 991]",1.556302,0.001759
serie_4,297,"[9, 30, 59, 61, 63, 85, 105, 106, 117, 121, 138, 140, 171, 217, 238, 289, 302, 344, 390, 406, 440, 453, 460, 521, 530, 532, 547, 571, 593, 594, 597, 598, 606, 611, 635, 685, 694, 700, 737, 743, 746, 753, 757, 798, 811, 821, 838, 846, 966]",1.584271,0.001771
serie_4,298,"[18, 63, 80, 91, 148, 167, 169, 172, 176, 177, 187, 216, 225, 249, 252, 262, 263, 264, 266, 271, 306, 320, 326, 336, 400, 421, 440, 447, 459, 472, 533, 562, 567, 574, 595, 607, 642, 665, 765, 828, 856, 880, 885, 925, 948, 950, 990, 992, 995]",1.551693,0.001751
serie_4,299,"[15, 41, 45, 66, 77, 130, 138, 164, 195, 204, 207, 222, 223, 226, 227, 244, 259, 285, 286, 317, 320, 347, 355, 370, 389, 481, 487, 491, 526, 544, 556, 562, 588, 602, 633, 646, 665, 709, 723, 748, 760, 790, 816, 820, 826, 851, 890, 966, 971]",1.574818,0.001747
serie_4,300,"[4, 26, 33, 40, 65, 67, 78, 81, 117, 120, 137, 149, 273, 274, 337, 350, 403, 418, 442, 458, 462, 501, 507, 520, 532, 541, 545, 605, 630, 668, 680, 701, 703, 733, 741, 806, 809, 853, 857, 870, 876, 884, 897, 906, 927, 940, 943, 967, 996]",1.566221,0.001762
serie_4,301,"[16, 58, 59, 72, 82, 84, 118, 124, 127, 153, 180, 221, 223, 250, 257, 293, 326, 335, 366, 372, 426, 437, 443, 450, 472, 477, 498, 564, 569, 601, 607, 632, 641, 645, 659, 680, 687, 709, 747, 778, 795, 828, 837, 911, 920, 965, 974, 987, 989]",1.567209,0.001766
serie_4,302,"[8, 13, 16, 39, 94, 133, 139, 144, 151, 216, 218, 241, 259, 274, 277, 278, 289, 321, 344, 365, 373, 385, 415, 420, 436, 444, 448, 491, 494, 495, 499, 513, 555, 631, 641, 644, 688, 748, 755, 790, 797, 801, 826, 864, 870, 924, 954, 972, 993]",1.567228,0.001757
serie_4,303,"[4, 14, 37, 68, 81, 93, 115, 120, 136, 141, 159, 167, 178, 180, 235, 287, 289, 308, 332, 337, 358, 416, 433, 455, 493, 502, 520, 526, 540, 546, 565, 568, 593, 614, 637, 684, 724, 744, 747, 823, 834, 835, 857, 876, 897, 916, 931, 940, 996]",1.555682,0.001758
serie_4,304,"[43, 50, 125, 140, 156, 163, 193, 205, 237, 243, 264, 289, 292, 307, 344, 347, 375, 393, 420, 425, 440, 460, 467, 468, 479, 480, 485, 497, 607, 655, 656, 698, 722, 729, 750, 751, 762, 768, 855, 856, 885, 895, 906, 930, 932, 933, 936, 946, 974]",1.562281,0.001789
serie_4,305,"[42, 125, 180, 212, 218, 223, 245, 260, 268, 277, 310, 311, 340, 360, 381, 430, 432, 463, 475, 517, 547, 553, 560, 564, 578, 599, 602, 617, 623, 642, 662, 676, 721, 729, 749, 760, 773, 802, 829, 854, 864, 870, 883, 888, 892, 962, 972, 990, 991]",1.566182,0.001758
serie_4,306,"[10, 22, 53, 54, 61, 109, 125, 155, 225, 277, 289, 314, 372, 400, 414, 429, 459, 468, 477, 484, 495, 498, 518, 554, 558, 612, 632, 640, 647, 653, 657, 663, 664, 685, 712, 723, 735, 744, 768, 804, 835, 837, 899, 903, 938, 941, 952, 985, 994]",1.572707,0.001766
serie_4,307,"[14, 77, 80, 92, 102, 113, 128, 158, 160, 168, 221, 280, 297, 305, 311, 319, 331, 334, 372, 450, 477, 499, 539, 565, 587, 594, 608, 618, 630, 633, 654, 660, 706, 746, 767, 779, 795, 808, 835, 843, 854, 867, 870, 888, 902, 918, 962, 971, 997]",1.550777,0.001754
serie_4,308,"[6, 22, 29, 46, 66, 86, 92, 99, 104, 115, 122, 178, 255, 270, 298, 311, 320, 351, 359, 362, 364, 379, 430, 463, 523, 548, 586, 592, 625, 653, 654, 675, 707, 747, 773, 803, 809, 825, 836, 849, 857, 887, 889, 928, 943, 945, 949, 967, 988]",1.563970,0.001759
serie_4,309,"[59, 84, 90, 96, 117, 122, 133, 135, 157, 184, 223, 275, 279, 300, 315, 343, 348, 369, 373, 374, 379, 380, 394, 420, 448, 449, 453, 456, 517, 552, 565, 581, 588, 592, 610, 629, 648, 663, 676, 691, 692, 710, 719, 795, 840, 922, 952, 994, 997]",1.563230,0.001760
serie_4,310,"[25, 33, 34, 37, 68, 69, 75, 78, 83, 95, 115, 185, 198, 202, 208, 236, 276, 314, 370, 387, 388, 389, 402, 437, 477, 494, 496, 504, 526, 537, 567, 569, 594, 616, 642, 711, 714, 715, 717, 840, 866, 886, 929, 949, 961, 984, 985, 994, 999]",1.569200,0.001808
serie_4,311,"[32, 39, 45, 52, 59, 121, 126, 137, 143, 166, 210, 232, 254, 269, 291, 335, 378, 417, 445, 449, 470, 478, 508, 511, 515, 516, 534, 569, 574, 590, 600, 652, 674, 678, 681, 682, 690, 794, 819, 830, 852, 853, 862, 871, 877, 901, 943, 957, 993]",1.584387,0.001836
serie_4,312,"[64, 94, 105, 110, 157, 242, 264, 267, 306, 307, 334, 343, 355, 361, 376, 407, 423, 434, 457, 480, 489, 501, 507, 511, 559, 584, 633, 667, 703, 723, 738, 759, 760, 766, 783, 788, 790, 792, 817, 840, 842, 858, 868, 891, 932, 938, 958, 962, 977]",1.561159,0.001792
serie_4,313,"[22, 28, 39, 93, 109, 155, 156, 167, 192, 241, 257, 265, 278, 320, 349, 381, 418, 423, 439, 440, 472, 476, 513, 518, 524, 541, 580, 588, 604, 613, 664, 685, 739, 754, 767, 775, 808, 809, 826, 830, 862, 890, 935, 964, 980, 981, 989, 992, 996]",1.566154,0.001828
serie_4,314,"[8, 19, 87, 97, 132, 251, 252, 265, 269, 284, 287, 291, 301, 305, 330, 362, 381, 403, 410, 418, 432, 434, 449, 482, 505, 526, 535, 553, 594, 596, 630, 632, 656, 673, 702, 717, 721, 729, 733, 748, 802, 817, 825, 827, 854, 879, 954, 972, 993]",1.568783,0.001758
serie_4,315,"[15, 21, 33, 53, 56, 74, 92, 162, 185, 189, 190, 207, 239, 269, 273, 279, 308, 434, 458, 514, 537, 546, 576, 597, 603, 605, 613, 625, 640, 664, 702, 718, 728, 730, 732, 745, 751, 753, 778, 838, 905, 929, 935, 944, 963, 970, 971, 978, 998]",1.574143,0.001759
serie_4,316,"[17, 44, 73, 106, 118, 129, 167, 172, 175, 194, 249, 315, 340, 346, 353, 404, 432, 449, 459, 470, 504, 524, 547, 592, 596, 605, 622, 624, 633, 643, 644, 670, 718, 769, 771, 792, 805, 813, 817, 836, 840, 855, 864, 870, 901, 917, 931, 955, 964]",1.565214,0.001750
serie_4,317,"[8, 35, 39, 42, 79, 102, 105, 125, 144, 213, 268, 333, 355, 404, 431, 443, 461, 483, 529, 547, 549, 559, 564, 581, 601, 612, 625, 663, 674, 678, 683, 693, 697, 698, 717, 736, 740, 760, 764, 767, 792, 826, 838, 928, 931, 936, 960, 962, 994]",1.571966,0.001761
serie_4,318,"[20, 27, 33, 49, 70, 167, 176, 178, 199, 211, 240, 268, 288, 291, 294, 309, 329, 334, 344, 400, 443, 536, 587, 599, 609, 639, 653, 658, 662, 670, 716, 776, 781, 802, 812, 821, 827, 835, 857, 872, 916, 918, 920, 935, 954, 967, 985, 994, 996]",1.567633,0.001767
serie_4,319,"[107, 121, 135, 169, 181, 183, 202, 210, 247, 252, 268, 270, 279, 304, 368, 377, 379, 384, 392, 395, 450, 465, 474, 484, 489, 502, 504, 526, 563, 585, 593, 594, 604, 618, 630, 631, 640, 654, 754, 793, 802, 827, 835, 844, 886, 890, 919, 938, 940]",1.578039,0.001765
serie_4,320,"[3, 15, 17, 52, 69, 77, 91, 92, 155, 167, 176, 222, 230, 237, 286, 292, 339, 372, 397, 398, 450, 452, 463, 499, 515, 524, 527, 535, 543, 575, 601, 604, 623, 631, 647, 650, 656, 657, 658, 668, 696, 706, 818, 824, 831, 842, 877, 905, 995]",1.568989,0.001747
serie_4,321,"[48, 56, 68, 70, 72, 76, 87, 109, 125, 131, 132, 169, 184, 215, 267, 273, 284, 286, 350, 365, 413, 431, 437, 445, 477, 488, 531, 532, 570, 573, 583, 613, 640, 648, 665, 680, 697, 714, 744, 759, 791, 794, 808, 829, 873, 881, 948, 969, 971]",1.574092,0.001769
serie_4,322,"[7, 23, 32, 37, 41, 47, 82, 92, 138, 197, 208, 236, 262, 263, 269, 314, 325, 342, 373, 377, 403, 407, 428, 445, 452, 486, 521, 599, 601, 619, 687, 704, 707, 716, 739, 790, 815, 884, 899, 904, 910, 913, 920, 930, 936, 954, 963, 972, 983]",1.564270,0.001767
serie_4,323,"[17, 34, 48, 93, 109, 143, 161, 177, 192, 205, 209, 225, 239, 287, 289, 317, 318, 337, 343, 351, 355, 365, 383, 413, 460, 468, 471, 500, 550, 558, 565, 570, 596, 608, 677, 689, 705, 736, 737, 741, 751, 794, 810, 815, 860, 862, 878, 921, 969]",1.574499,0.001777
serie_4,324,"[23, 26, 30, 38, 53, 62, 88, 118, 127, 136, 137, 143, 195, 230, 243, 256, 264, 277, 290, 305, 363, 419, 450, 451, 461, 467, 523, 539, 578, 594, 613, 622, 633, 642, 649, 650, 657, 691, 707, 717, 734, 741, 746, 865, 892, 923, 935, 963, 993]",1.572144,0.001766
serie_4,325,"[21, 80, 90, 91, 107, 156, 160, 181, 190, 207, 272, 308, 331, 395, 427, 451, 453, 454, 457, 510, 540, 550, 580, 592, 600, 618, 620, 623, 660, 661, 667, 673, 683, 691, 696, 704, 761, 780, 785, 787, 793, 809, 810, 825, 839, 867, 939, 977, 987]",1.568050,0.001870
serie_4,326,"[3, 33, 55, 84, 91, 99, 110, 124, 161, 180, 192, 229, 254, 264, 347, 365, 377, 401, 419, 435, 450, 465, 468, 482, 527, 534, 568, 582, 653, 655, 665, 672, 693, 701, 723, 752, 765, 770, 780, 806, 821, 822, 883, 917, 919, 925, 944, 975, 977]",1.577035,0.001813
serie_4,327,"[5, 20, 25, 26, 62, 98, 101, 110, 142, 177, 183, 235, 252, 260, 261, 266, 279, 307, 317, 320, 374, 496, 499, 500, 503, 513, 551, 589, 595, 609, 626, 651, 665, 686, 710, 720, 723, 788, 809, 828, 876, 898, 908, 926, 929, 934, 956, 976, 994]",1.572573,0.001817
serie_4,328,"[7, 26, 31, 36, 37, 39, 71, 83, 90, 93, 116, 128, 165, 167, 171, 180, 198, 209, 228, 276, 321, 341, 406, 413, 415, 422, 436, 440, 480, 491, 515, 518, 575, 580, 598, 620, 698, 746, 763, 772, 780, 793, 797, 802, 811, 813, 892, 912, 994]",1.561685,0.001804
serie_4,329,"[7, 14, 43, 53, 65, 93, 95, 144, 174, 187, 211, 218, 339, 357, 411, 443, 447, 461, 504, 518, 524, 532, 547, 580, 592, 609, 615, 616, 618, 619, 623, 704, 759, 774, 806, 809, 814, 850, 864, 898, 902, 911, 914, 921, 931, 933, 957, 964, 972]",1.586529,0.001801
serie_4,330,"[14, 32, 33, 68, 70, 73, 100, 202, 216, 243, 247, 248, 308, 311, 314, 320, 329, 333, 365, 445, 453, 458, 501, 508, 509, 533, 534, 543, 589, 662, 680, 687, 716, 718, 779, 793, 802, 810, 811, 817, 822, 845, 864, 900, 929, 930, 938, 951, 964]",1.576684,0.001784
serie_4,331,"[18, 34, 54, 57, 98, 122, 124, 218, 232, 270, 300, 322, 327, 337, 369, 381, 383, 390, 403, 428, 439, 457, 473, 505, 507, 508, 541, 559, 561, 655, 665, 680, 711, 717, 738, 773, 797, 804, 810, 813, 825, 829, 887, 889, 918, 945, 967, 973, 974]",1.545436,0.001776
serie_4,332,"[5, 23, 54, 61, 63, 81, 103, 135, 180, 211, 212, 221, 268, 278, 315, 336, 351, 362, 371, 388, 402, 445, 449, 488, 504, 524, 539, 542, 549, 563, 578, 660, 690, 724, 736, 802, 813, 814, 848, 863, 873, 882, 886, 888, 910, 917, 925, 938, 988]",1.557208,0.001765
serie_4,333,"[1, 12, 57, 67, 115, 118, 136, 148, 151, 194, 196, 215, 216, 261, 292, 298, 314, 352, 371, 388, 390, 459, 467, 470, 485, 489, 508, 559, 586, 619, 632, 634, 644, 649, 672, 681, 729, 747, 750, 751, 793, 806, 844, 941, 952, 974, 975, 984, 993]",1.576673,0.001778
serie_4,334,"[34, 51, 60, 61, 64, 69, 99, 161, 175, 177, 184, 203, 209, 258, 266, 272, 290, 316, 325, 402, 409, 418, 428, 445, 530, 531, 540, 573, 622, 626, 642, 679, 681, 741, 767, 771, 781, 842, 845, 856, 877, 883, 893, 898, 904, 907, 946, 954, 975]",1.577814,0.001777
serie_4,335,"[11, 12, 17, 19, 26, 34, 48, 53, 56, 117, 152, 156, 163, 186, 192, 194, 217, 234, 246, 248, 250, 283, 292, 319, 348, 349, 371, 402, 442, 486, 495, 496, 506, 554, 634, 686, 709, 721, 773, 775, 777, 794, 814, 823, 866, 872, 904, 920, 973]",1.586667,0.001769
serie_4,336,"[4, 5, 7, 8, 18, 19, 55, 57, 85, 87, 110, 148, 160, 193, 216, 239, 272, 337, 345, 361, 367, 376, 387, 401, 405, 415, 430, 440, 451, 469, 499, 515, 523, 601, 626, 632, 688, 708, 719, 731, 751, 789, 810, 819, 834, 859, 919, 958, 994]",1.579898,0.001771
serie_4,337,"[8, 20, 31, 64, 72, 81, 116, 167, 178, 194, 195, 215, 258, 261, 272, 293, 318, 321, 335, 367, 382, 416, 453, 523, 549, 590, 595, 610, 619, 682, 695, 701, 710, 734, 740, 766, 778, 781, 787, 800, 806, 814, 823, 833, 859, 860, 871, 978, 985]",1.560961,0.001771
serie_4,338,"[12, 25, 37, 68, 198, 201, 206, 214, 216, 248, 270, 310, 325, 331, 398, 407, 410, 411, 418, 447, 463, 511, 545, 549, 612, 619, 623, 624, 634, 639, 659, 667, 696, 771, 782, 789, 804, 830, 842, 866, 882, 886, 892, 905, 910, 918, 944, 973, 981]",1.576356,0.001777
serie_4,339,"[11, 32, 34, 80, 124, 138, 152, 159, 194, 198, 228, 237, 241, 242, 249, 276, 277, 278, 332, 392, 409, 458, 479, 539, 544, 559, 601, 628, 637, 644, 661, 665, 731, 734, 747, 774, 831, 841, 854, 873, 892, 905, 908, 909, 921, 926, 931, 932, 985]",1.563068,0.001786
serie_4,340,"[28, 35, 42, 103, 110, 112, 128, 139, 142, 147, 203, 214, 270, 272, 281, 306, 308, 310, 350, 354, 395, 429, 433, 442, 473, 501, 539, 544, 550, 577, 590, 609, 616, 624, 626, 629, 648, 657, 693, 733, 740, 762, 786, 820, 872, 899, 901, 909, 949]",1.582917,0.001789
serie_4,341,"[17, 33, 66, 90, 93, 112, 124, 159, 213, 223, 226, 304, 308, 309, 311, 323, 337, 352, 379, 381, 393, 398, 415, 441, 521, 547, 601, 602, 613, 630, 642, 707, 725, 728, 742, 761, 766, 789, 793, 825, 852, 868, 869, 875, 881, 890, 955, 981, 985]",1.557454,0.001764
serie_4,342,"[10, 48, 62, 68, 72, 84, 147, 165, 169, 182, 191, 197, 207, 227, 236, 246, 323, 347, 353, 386, 390, 407, 411, 461, 470, 567, 570, 583, 599, 618, 629, 638, 650, 658, 691, 708, 728, 732, 754, 841, 852, 871, 899, 902, 922, 930, 956, 967, 987]",1.569575,0.001782
serie_4,343,"[52, 70, 72, 112, 120, 144, 152, 163, 194, 208, 226, 228, 262, 315, 319, 322, 343, 344, 370, 384, 387, 444, 448, 490, 498, 524, 546, 566, 582, 583, 597, 635, 680, 687, 721, 762, 765, 780, 782, 803, 804, 859, 923, 939, 942, 948, 951, 964, 991]",1.566831,0.001778
serie_4,344,"[29, 35, 47, 49, 63, 86, 91, 125, 150, 156, 181, 184, 203, 216, 218, 221, 254, 265, 317, 350, 381, 402, 442, 450, 467, 492, 499, 507, 540, 543, 590, 664, 672, 681, 708, 710, 711, 713, 815, 820, 823, 829, 852, 884, 908, 936, 947, 964, 995]",1.566721,0.001788
serie_4,345,"[31, 77, 89, 114, 119, 153, 218, 228, 229, 270, 293, 328, 415, 426, 433, 434, 436, 441, 463, 471, 488, 492, 493, 496, 504, 518, 530, 540, 542, 545, 587, 592, 595, 607, 631, 708, 717, 734, 751, 765, 778, 781, 842, 851, 880, 890, 963, 989, 998]",1.547543,0.001779
serie_4,346,"[2, 5, 24, 41, 73, 96, 99, 104, 109, 147, 159, 160, 204, 274, 276, 297, 333, 337, 347, 355, 415, 442, 443, 456, 482, 506, 511, 517, 540, 551, 554, 565, 599, 622, 664, 673, 680, 689, 740, 758, 775, 777, 780, 826, 837, 922, 952, 974, 976]",1.563724,0.001762
serie_4,347,"[16, 23, 32, 51, 73, 86, 125, 148, 158, 173, 190, 199, 216, 245, 293, 302, 307, 326, 347, 375, 378, 379, 419, 421, 424, 442, 458, 467, 486, 518, 526, 556, 606, 611, 617, 629, 630, 641, 677, 690, 707, 723, 727, 749, 768, 780, 898, 961, 970]",1.559186,0.001771
serie_4,348,"[55, 62, 86, 102, 105, 120, 136, 161, 191, 194, 203, 211, 223, 230, 239, 271, 292, 298, 339, 368, 378, 409, 454, 497, 505, 600, 616, 628, 632, 665, 704, 711, 739, 772, 773, 789, 821, 832, 834, 839, 852, 856, 857, 869, 881, 901, 941, 950, 987]",1.577322,0.001770
serie_4,349,"[21, 100, 109, 133, 169, 262, 291, 305, 338, 363, 383, 412, 474, 477, 490, 518, 525, 528, 566, 567, 571, 580, 593, 609, 628, 658, 666, 672, 678, 691, 708, 712, 715, 727, 730, 735, 757, 796, 804, 846, 847, 891, 897, 904, 911, 938, 944, 987, 999]",1.550107,0.001777
serie_4,350,"[10, 18, 66, 97, 101, 110, 134, 190, 214, 229, 234, 242, 243, 303, 320, 345, 346, 351, 370, 403, 409, 414, 429, 477, 486, 488, 501, 510, 516, 549, 565, 572, 629, 654, 731, 763, 772, 783, 795, 799, 809, 815, 840, 859, 925, 933, 959, 989, 991]",1.562904,0.001759
serie_4,351,"[3, 23, 43, 56, 57, 66, 73, 104, 113, 119, 128, 142, 204, 275, 290, 299, 314, 358, 361, 365, 377, 381, 410, 418, 431, 442, 488, 506, 522, 556, 559, 579, 582, 646, 696, 703, 717, 745, 767, 799, 816, 829, 850, 851, 878, 882, 898, 914, 965]",1.579461,0.001760
serie_4,352,"[1, 17, 32, 51, 127, 156, 241, 247, 251, 256, 297, 307, 328, 361, 402, 411, 423, 453, 455, 457, 524, 542, 576, 585, 591, 595, 610, 625, 641, 643, 644, 666, 681, 717, 755, 762, 781, 795, 797, 803, 834, 838, 860, 876, 898, 917, 926, 987, 995]",1.566161,0.001771
serie_4,353,"[7, 16, 19, 26, 45, 48, 63, 79, 97, 143, 167, 177, 194, 222, 224, 254, 278, 286, 290, 296, 318, 343, 383, 392, 408, 422, 451, 521, 613, 624, 638, 642, 656, 661, 682, 686, 689, 723, 727, 738, 762, 774, 913, 926, 934, 943, 953, 965, 992]",1.564237,0.001775
serie_4,354,"[21, 159, 178, 188, 212, 235, 249, 258, 277, 290, 316, 339, 354, 425, 431, 441, 463, 475, 480, 484, 516, 518, 539, 544, 547, 562, 608, 625, 640, 672, 678, 686, 717, 783, 808, 827, 828, 831, 842, 844, 849, 875, 878, 954, 958, 972, 981, 983, 999]",1.571592,0.001767
serie_4,355,"[6, 29, 51, 110, 153, 176, 179, 218, 237, 268, 270, 320, 373, 376, 382, 394, 420, 423, 480, 484, 487, 495, 562, 569, 577, 581, 597, 607, 634, 677, 684, 697, 701, 718, 740, 743, 748, 759, 778, 863, 865, 873, 883, 885, 894, 945, 974, 979, 987]",1.575708,0.001776
serie_4,356,"[4, 6, 10, 39, 42, 43, 51, 60, 62, 73, 77, 82, 122, 142, 147, 175, 182, 215, 227, 249, 265, 293, 303, 338, 354, 455, 471, 493, 515, 519, 555, 568, 573, 598, 606, 617, 621, 684, 709, 715, 780, 791, 792, 814, 850, 862, 871, 925, 968]",1.571644,0.001771
serie_4,357,"[2, 9, 23, 49, 57, 82, 102, 134, 167, 194, 206, 217, 228, 264, 294, 330, 359, 366, 400, 401, 413, 417, 431, 445, 468, 488, 539, 575, 581, 619, 625, 644, 674, 687, 733, 762, 785, 800, 818, 835, 837, 882, 912, 922, 932, 938, 952, 956, 996]",1.567698,0.001782
serie_4,358,"[1, 30, 39, 43, 82, 101, 114, 117, 150, 155, 196, 283, 305, 307, 310, 334, 346, 348, 350, 366, 387, 412, 415, 449, 463, 484, 498, 524, 530, 588, 621, 650, 669, 679, 728, 729, 797, 848, 852, 872, 903, 913, 925, 935, 949, 951, 985, 988, 992]",1.566881,0.001779
serie_4,359,"[16, 29, 89, 91, 104, 154, 172, 180, 190, 192, 193, 208, 258, 320, 328, 344, 349, 423, 442, 450, 462, 466, 493, 511, 513, 517, 566, 569, 576, 583, 596, 611, 625, 635, 717, 723, 730, 767, 803, 821, 827, 844, 857, 870, 883, 939, 968, 984, 986]",1.572955,0.001781
serie_4,360,"[2, 3, 51, 53, 89, 109, 111, 112, 145, 175, 178, 192, 195, 219, 260, 265, 283, 311, 350, 382, 393, 408, 419, 422, 430, 437, 455, 480, 520, 574, 613, 626, 642, 648, 671, 701, 724, 782, 785, 789, 828, 862, 899, 901, 902, 908, 921, 966, 986]",1.570994,0.001775
serie_4,361,"[10, 57, 65, 101, 107, 109, 118, 132, 164, 193, 225, 237, 244, 258, 271, 303, 312, 371, 372, 386, 465, 484, 497, 500, 502, 510, 533, 556, 564, 611, 620, 621, 660, 687, 715, 726, 731, 735, 764, 765, 782, 814, 845, 858, 871, 894, 898, 905, 927]",1.554520,0.001764
serie_4,362,"[9, 34, 48, 51, 55, 64, 78, 97, 134, 153, 169, 177, 204, 227, 231, 234, 244, 285, 321, 342, 351, 366, 399, 416, 418, 445, 460, 466, 524, 547, 564, 570, 588, 603, 628, 663, 677, 729, 730, 740, 779, 791, 872, 950, 954, 959, 967, 975, 987]",1.576978,0.001774
serie_4,363,"[9, 11, 26, 70, 117, 143, 158, 170, 180, 192, 194, 245, 252, 269, 272, 283, 291, 390, 406, 429, 447, 452, 453, 546, 553, 554, 557, 562, 578, 599, 606, 611, 620, 662, 678, 681, 719, 727, 748, 783, 786, 877, 903, 913, 914, 918, 940, 946, 972]",1.584996,0.001757
serie_4,364,"[8, 23, 39, 43, 56, 129, 137, 143, 156, 167, 175, 181, 184, 204, 211, 220, 290, 319, 325, 361, 394, 419, 466, 543, 583, 605, 616, 623, 665, 682, 713, 718, 750, 755, 765, 768, 793, 803, 808, 836, 873, 887, 947, 948, 951, 953, 955, 968, 979]",1.579825,0.001746
serie_4,365,"[11, 39, 78, 169, 174, 213, 215, 227, 241, 253, 282, 303, 315, 321, 328, 335, 340, 344, 368, 371, 393, 428, 498, 534, 552, 560, 567, 576, 618, 622, 667, 668, 673, 707, 717, 719, 749, 769, 786, 798, 799, 803, 816, 820, 823, 834, 837, 858, 998]",1.564630,0.001777
serie_4,366,"[9, 70, 74, 76, 80, 138, 153, 177, 189, 226, 256, 261, 283, 291, 293, 321, 328, 341, 342, 353, 371, 420, 455, 478, 506, 522, 533, 540, 549, 636, 650, 663, 666, 669, 677, 679, 706, 724, 729, 750, 790, 805, 826, 832, 835, 880, 885, 893, 902]",1.563309,0.001751
serie_4,367,"[63, 85, 148, 169, 180, 183, 188, 195, 211, 216, 229, 256, 257, 261, 276, 291, 342, 344, 365, 392, 400, 422, 428, 436, 467, 496, 583, 632, 662, 704, 716, 746, 761, 814, 820, 834, 849, 870, 884, 899, 911, 918, 932, 936, 971, 977, 988, 993, 994]",1.579901,0.001772
serie_4,368,"[10, 16, 41, 55, 107, 116, 190, 220, 225, 254, 261, 264, 339, 351, 355, 373, 375, 409, 429, 441, 449, 476, 482, 490, 498, 508, 519, 538, 566, 603, 606, 652, 676, 687, 711, 728, 741, 756, 810, 822, 835, 861, 868, 907, 911, 919, 929, 962, 969]",1.563463,0.001767
serie_4,369,"[22, 35, 67, 178, 179, 183, 188, 213, 223, 251, 298, 301, 325, 329, 359, 366, 391, 422, 433, 440, 467, 472, 544, 547, 570, 573, 579, 590, 598, 607, 649, 669, 674, 687, 749, 767, 796, 799, 815, 838, 852, 889, 898, 901, 951, 971, 980, 981, 985]",1.556835,0.001771
serie_4,370,"[64, 100, 127, 198, 217, 218, 243, 254, 268, 276, 306, 315, 318, 372, 393, 419, 420, 429, 432, 461, 472, 494, 497, 507, 519, 560, 616, 617, 669, 673, 688, 707, 717, 732, 734, 739, 744, 759, 762, 777, 791, 799, 800, 820, 880, 901, 924, 958, 996]",1.547685,0.001765
serie_4,371,"[5, 45, 55, 78, 123, 125, 133, 134, 135, 152, 201, 208, 227, 232, 255, 258, 269, 274, 317, 359, 385, 394, 415, 424, 430, 478, 486, 487, 499, 504, 513, 518, 530, 553, 560, 567, 584, 597, 607, 620, 674, 707, 786, 825, 845, 865, 891, 903, 959]",1.582968,0.001761
serie_4,372,"[33, 55, 103, 126, 207, 215, 230, 242, 254, 257, 284, 327, 368, 385, 406, 409, 456, 457, 461, 468, 476, 485, 508, 519, 600, 636, 639, 645, 656, 668, 696, 718, 752, 761, 768, 779, 788, 819, 858, 864, 894, 901, 945, 950, 953, 971, 973, 978, 993]",1.569993,0.001746
serie_4,373,"[3, 11, 33, 35, 52, 85, 143, 150, 227, 240, 249, 255, 302, 318, 330, 341, 377, 379, 394, 428, 432, 454, 474, 490, 497, 527, 528, 529, 532, 544, 561, 581, 619, 646, 647, 660, 676, 678, 684, 721, 731, 780, 817, 835, 853, 916, 923, 936, 959]",1.582400,0.001763
serie_4,374,"[4, 9, 28, 43, 52, 59, 63, 85, 92, 104, 119, 158, 167, 175, 178, 214, 220, 223, 230, 247, 251, 255, 289, 302, 310, 318, 329, 337, 369, 437, 460, 465, 489, 521, 546, 564, 578, 581, 620, 638, 737, 870, 893, 912, 923, 944, 951, 966, 979]",1.571911,0.001767
serie_4,375,"[10, 34, 36, 60, 95, 123, 126, 130, 134, 176, 188, 201, 221, 236, 239, 290, 313, 328, 338, 346, 363, 396, 421, 425, 445, 446, 462, 501, 524, 537, 555, 578, 612, 621, 668, 687, 695, 765, 782, 786, 807, 829, 838, 842, 856, 860, 879, 903, 921]",1.574474,0.001791
serie_4,376,"[46, 50, 81, 96, 104, 112, 136, 149, 152, 199, 227, 256, 274, 309, 316, 317, 332, 396, 410, 432, 442, 449, 496, 513, 522, 575, 605, 615, 647, 683, 691, 737, 747, 793, 807, 808, 810, 815, 816, 820, 836, 845, 867, 882, 887, 897, 954, 956, 977]",1.574497,0.001762
serie_4,377,"[22, 39, 52, 59, 64, 70, 118, 121, 163, 168, 213, 231, 232, 262, 286, 291, 324, 344, 345, 350, 368, 381, 387, 395, 400, 404, 460, 489, 526, 568, 600, 625, 680, 687, 708, 711, 725, 740, 754, 756, 772, 805, 827, 840, 856, 882, 887, 968, 983]",1.580007,0.001772
serie_4,378,"[30, 39, 41, 91, 96, 145, 147, 203, 223, 268, 271, 284, 285, 315, 365, 400, 407, 431, 464, 467, 481, 505, 517, 523, 541, 544, 546, 562, 590, 591, 595, 606, 638, 642, 653, 671, 673, 689, 710, 724, 726, 746, 858, 870, 922, 950, 964, 970, 992]",1.556231,0.001762
serie_4,379,"[27, 57, 73, 85, 122, 125, 134, 143, 149, 164, 177, 179, 187, 213, 241, 261, 303, 350, 352, 371, 389, 431, 510, 530, 559, 625, 629, 693, 712, 730, 753, 754, 755, 775, 781, 796, 816, 836, 843, 851, 882, 915, 923, 937, 958, 973, 986, 991, 993]",1.587210,0.001907
serie_4,380,"[1, 49, 53, 95, 122, 138, 189, 192, 202, 224, 240, 268, 272, 281, 284, 289, 312, 327, 366, 429, 434, 442, 456, 459, 460, 472, 504, 511, 546, 562, 594, 632, 648, 651, 664, 727, 729, 752, 777, 815, 822, 856, 862, 866, 881, 934, 946, 973, 993]",1.565415,0.002710
serie_4,381,"[8, 47, 51, 54, 80, 95, 99, 115, 131, 138, 189, 191, 217, 225, 246, 295, 304, 346, 395, 398, 412, 420, 444, 449, 465, 466, 486, 525, 557, 575, 596, 634, 638, 671, 711, 719, 720, 723, 751, 767, 772, 784, 791, 836, 838, 870, 907, 923, 996]",1.566359,0.002303
serie_4,382,"[24, 97, 125, 143, 152, 161, 191, 213, 218, 278, 282, 297, 320, 332, 335, 365, 374, 382, 422, 474, 503, 508, 528, 549, 563, 565, 579, 589, 619, 644, 692, 717, 739, 744, 793, 796, 800, 820, 830, 831, 850, 868, 877, 880, 887, 918, 950, 973, 977]",1.559121,0.001893
serie_4,383,"[14, 28, 56, 89, 121, 144, 147, 183, 211, 213, 235, 247, 303, 332, 366, 370, 388, 426, 437, 455, 469, 491, 493, 508, 515, 534, 539, 541, 605, 617, 622, 631, 650, 671, 749, 750, 755, 756, 768, 824, 842, 858, 865, 912, 918, 935, 939, 967, 998]",1.577628,0.001848
serie_4,384,"[14, 33, 42, 50, 67, 81, 84, 95, 101, 111, 120, 154, 171, 191, 197, 212, 237, 238, 286, 297, 321, 325, 330, 334, 343, 352, 403, 404, 433, 466, 491, 530, 601, 621, 626, 649, 650, 653, 671, 704, 716, 731, 733, 794, 802, 846, 869, 873, 955]",1.563143,0.001833
serie_4,385,"[3, 28, 37, 48, 49, 54, 73, 87, 112, 161, 259, 268, 284, 288, 295, 327, 345, 353, 390, 408, 413, 416, 454, 455, 464, 478, 480, 498, 500, 538, 582, 618, 623, 632, 638, 757, 801, 823, 872, 880, 886, 894, 928, 935, 956, 973, 976, 988, 993]",1.582544,0.001825
serie_4,386,"[13, 26, 29, 70, 81, 128, 136, 153, 169, 189, 206, 281, 299, 320, 330, 332, 338, 379, 393, 415, 433, 459, 468, 483, 490, 540, 551, 566, 595, 635, 644, 687, 709, 736, 759, 768, 794, 798, 846, 857, 876, 882, 911, 925, 959, 968, 969, 970, 987]",1.553892,0.001805
serie_4,387,"[10, 56, 71, 72, 113, 144, 155, 191, 199, 223, 232, 233, 245, 287, 315, 333, 352, 372, 409, 413, 418, 422, 433, 436, 448, 463, 499, 505, 557, 561, 563, 566, 579, 600, 643, 665, 702, 726, 737, 740, 757, 803, 830, 852, 867, 876, 948, 950, 989]",1.559497,0.001827
serie_4,388,"[16, 20, 37, 39, 47, 64, 73, 90, 101, 106, 127, 155, 160, 163, 231, 255, 297, 301, 336, 381, 397, 429, 435, 437, 453, 480, 500, 543, 553, 570, 582, 587, 623, 640, 662, 731, 747, 847, 867, 879, 883, 885, 929, 930, 936, 946, 960, 971, 975]",1.572692,0.001839
serie_4,389,"[5, 9, 44, 58, 66, 73, 81, 87, 132, 175, 183, 184, 187, 225, 234, 245, 246, 329, 336, 352, 378, 392, 401, 424, 432, 460, 469, 528, 584, 599, 667, 680, 700, 708, 713, 774, 778, 796, 839, 844, 855, 875, 878, 912, 925, 931, 962, 989, 993]",1.579835,0.001831
serie_4,390,"[4, 5, 11, 31, 63, 71, 72, 101, 106, 153, 168, 172, 189, 231, 247, 256, 269, 289, 304, 344, 364, 411, 451, 461, 476, 491, 493, 518, 544, 584, 653, 673, 688, 721, 724, 768, 855, 912, 917, 922, 940, 947, 963, 968, 970, 984, 985, 987, 994]",1.565124,0.001841
serie_4,391,"[60, 104, 107, 112, 172, 294, 309, 316, 335, 339, 365, 373, 378, 395, 416, 441, 474, 498, 508, 515, 532, 566, 572, 575, 579, 581, 598, 616, 629, 630, 649, 760, 774, 775, 782, 783, 787, 788, 805, 819, 827, 830, 831, 911, 912, 927, 929, 938, 939]",1.580174,0.001829
serie_4,392,"[59, 60, 100, 109, 132, 138, 143, 161, 215, 383, 402, 419, 426, 445, 490, 532, 538, 554, 567, 573, 606, 629, 636, 639, 659, 662, 663, 673, 679, 715, 734, 748, 789, 827, 836, 846, 863, 867, 868, 871, 874, 882, 909, 916, 923, 950, 977, 979, 981]",1.570865,0.001826
serie_4,393,"[1, 11, 14, 33, 40, 55, 62, 107, 109, 112, 117, 130, 134, 164, 176, 177, 179, 213, 270, 271, 327, 359, 371, 391, 394, 402, 462, 474, 490, 498, 516, 517, 520, 530, 547, 556, 583, 588, 603, 613, 658, 666, 683, 805, 819, 847, 866, 937, 940]",1.562961,0.001816
serie_4,394,"[29, 37, 39, 58, 61, 65, 67, 85, 105, 142, 148, 161, 177, 198, 203, 215, 238, 288, 341, 344, 361, 381, 410, 415, 424, 428, 475, 487, 510, 546, 547, 550, 570, 584, 619, 667, 711, 739, 755, 780, 781, 787, 799, 803, 829, 853, 856, 864, 867]",1.584710,0.001833
serie_4,395,"[16, 26, 33, 56, 64, 157, 193, 208, 233, 257, 298, 318, 329, 335, 368, 371, 372, 378, 398, 401, 405, 429, 441, 448, 449, 460, 468, 469, 473, 523, 526, 643, 662, 670, 714, 715, 740, 741, 759, 764, 794, 813, 863, 865, 867, 904, 906, 969, 978]",1.579169,0.001839
serie_4,396,"[11, 35, 42, 51, 97, 104, 115, 129, 133, 164, 166, 203, 217, 219, 287, 296, 319, 344, 383, 411, 433, 441, 470, 474, 480, 486, 494, 509, 511, 523, 531, 544, 549, 610, 626, 676, 677, 686, 688, 708, 759, 778, 791, 800, 808, 876, 945, 971, 976]",1.577451,0.001825
serie_4,397,"[23, 29, 89, 110, 164, 165, 183, 194, 197, 199, 214, 215, 286, 317, 331, 342, 359, 372, 383, 388, 395, 404, 430, 436, 438, 466, 497, 500, 513, 556, 569, 590, 599, 611, 661, 663, 673, 677, 699, 741, 767, 805, 837, 874, 890, 914, 922, 964, 967]",1.551121,0.001830
serie_4,398,"[24, 29, 51, 89, 105, 107, 119, 136, 146, 186, 207, 216, 219, 232, 261, 267, 287, 288, 300, 339, 390, 399, 442, 457, 459, 484, 490, 522, 535, 563, 622, 630, 643, 647, 664, 672, 673, 676, 678, 685, 697, 780, 800, 858, 884, 899, 927, 989, 991]",1.578239,0.001777
serie_4,399,"[51, 59, 92, 100, 125, 141, 179, 209, 219, 220, 226, 230, 253, 293, 326, 354, 428, 488, 500, 502, 548, 587, 591, 611, 625, 652, 668, 686, 728, 735, 736, 742, 749, 757, 794, 800, 811, 812, 820, 822, 840, 851, 901, 924, 932, 948, 973, 991, 995]",1.544122,0.001775
serie_4,400,"[41, 67, 99, 113, 145, 159, 163, 237, 242, 252, 290, 303, 312, 317, 364, 367, 375, 395, 448, 480, 482, 493, 506, 520, 536, 586, 690, 703, 707, 711, 714, 721, 733, 736, 740, 766, 768, 823, 861, 869, 871, 875, 895, 901, 902, 906, 917, 948, 992]",1.560487,0.001772
serie_4,401,"[9, 76, 107, 137, 163, 166, 204, 209, 215, 288, 367, 373, 405, 424, 431, 444, 451, 476, 509, 520, 522, 553, 581, 583, 585, 588, 603, 616, 643, 673, 683, 690, 700, 720, 784, 797, 798, 800, 811, 820, 848, 873, 874, 895, 915, 917, 935, 937, 983]",1.579990,0.001770
serie_4,402,"[6, 43, 46, 56, 92, 103, 113, 150, 151, 177, 180, 244, 247, 269, 308, 334, 347, 352, 389, 421, 423, 436, 476, 488, 492, 493, 495, 511, 529, 547, 556, 572, 581, 603, 604, 650, 662, 717, 738, 756, 796, 803, 808, 848, 856, 867, 895, 921, 942]",1.562095,0.001769
serie_4,403,"[22, 36, 57, 84, 97, 109, 132, 162, 167, 192, 206, 214, 238, 242, 302, 361, 374, 375, 386, 398, 440, 472, 473, 477, 482, 496, 557, 561, 565, 571, 679, 688, 763, 768, 778, 790, 792, 796, 806, 810, 852, 873, 891, 923, 933, 941, 955, 960, 985]",1.580567,0.001764
serie_4,404,"[22, 33, 52, 113, 119, 159, 254, 260, 339, 380, 389, 393, 418, 457, 477, 514, 525, 535, 558, 562, 577, 586, 590, 598, 623, 628, 633, 678, 704, 720, 736, 748, 763, 771, 791, 813, 834, 875, 877, 887, 893, 906, 927, 929, 941, 966, 990, 991, 994]",1.572506,0.001785
serie_4,405,"[69, 70, 78, 87, 91, 94, 115, 129, 159, 163, 166, 172, 199, 202, 213, 228, 237, 271, 293, 306, 336, 340, 343, 363, 364, 368, 369, 440, 453, 469, 544, 624, 641, 643, 651, 658, 731, 751, 761, 785, 787, 800, 816, 823, 863, 875, 884, 907, 962]",1.565684,0.001761
serie_4,406,"[5, 13, 14, 24, 36, 54, 59, 89, 100, 117, 157, 173, 191, 199, 214, 222, 403, 408, 453, 455, 471, 493, 502, 503, 544, 586, 596, 597, 598, 609, 622, 676, 678, 697, 705, 747, 764, 769, 782, 783, 820, 827, 853, 857, 872, 911, 930, 969, 974]",1.585848,0.001790
serie_4,407,"[11, 20, 61, 98, 108, 122, 136, 200, 203, 206, 211, 218, 241, 256, 267, 278, 280, 285, 287, 320, 340, 366, 372, 443, 447, 454, 455, 478, 549, 555, 558, 577, 582, 598, 599, 612, 680, 731, 733, 789, 837, 840, 849, 850, 871, 941, 942, 971, 995]",1.561747,0.001775
serie_4,408,"[5, 6, 9, 62, 79, 93, 165, 170, 172, 198, 215, 218, 235, 236, 241, 243, 268, 272, 287, 310, 424, 431, 473, 483, 485, 488, 529, 599, 603, 619, 640, 644, 665, 671, 676, 684, 699, 704, 748, 800, 801, 827, 852, 870, 880, 906, 945, 970, 999]",1.585550,0.001884
serie_4,409,"[37, 56, 68, 71, 82, 97, 103, 106, 112, 139, 144, 153, 158, 166, 182, 185, 236, 303, 346, 393, 407, 417, 433, 435, 458, 479, 518, 523, 524, 585, 603, 617, 627, 689, 692, 694, 696, 708, 727, 746, 798, 823, 844, 884, 910, 917, 923, 978, 992]",1.566680,0.001848
serie_4,410,"[36, 68, 71, 85, 108, 114, 125, 155, 175, 180, 199, 237, 249, 286, 338, 350, 389, 402, 414, 438, 448, 481, 483, 488, 528, 555, 577, 586, 637, 639, 650, 651, 662, 672, 673, 681, 687, 692, 698, 791, 792, 795, 803, 815, 833, 853, 919, 968, 971]",1.580893,0.001835
serie_4,411,"[21, 24, 34, 41, 90, 96, 138, 248, 274, 298, 316, 328, 332, 347, 372, 386, 388, 404, 494, 511, 522, 535, 543, 584, 591, 596, 606, 610, 619, 631, 651, 673, 695, 706, 733, 734, 735, 737, 743, 756, 807, 812, 844, 865, 889, 892, 967, 978, 984]",1.567569,0.001825
serie_4,412,"[16, 32, 44, 53, 77, 87, 89, 99, 111, 141, 142, 148, 150, 201, 264, 284, 295, 296, 390, 391, 413, 417, 429, 449, 453, 473, 499, 513, 541, 569, 598, 624, 723, 734, 739, 759, 799, 826, 829, 834, 852, 881, 885, 898, 964, 967, 973, 991, 992]",1.585922,0.001783
serie_4,413,"[11, 21, 32, 45, 47, 63, 122, 134, 166, 168, 199, 223, 239, 305, 363, 382, 433, 440, 446, 450, 476, 499, 546, 549, 580, 584, 586, 608, 628, 636, 669, 714, 722, 738, 745, 752, 764, 778, 794, 799, 811, 854, 893, 900, 941, 952, 963, 978, 979]",1.568863,0.001780
serie_4,414,"[1, 11, 40, 46, 70, 95, 118, 149, 162, 178, 192, 222, 244, 297, 302, 390, 393, 424, 433, 466, 483, 503, 538, 551, 559, 586, 605, 629, 634, 653, 654, 671, 727, 756, 763, 764, 766, 786, 790, 793, 812, 847, 890, 916, 954, 963, 971, 980, 988]",1.570919,0.001771
serie_4,415,"[16, 43, 45, 49, 83, 88, 112, 127, 131, 140, 206, 214, 217, 221, 226, 277, 278, 282, 305, 342, 354, 388, 401, 411, 474, 491, 492, 510, 531, 604, 611, 637, 666, 683, 690, 743, 776, 779, 784, 789, 807, 830, 906, 915, 934, 935, 938, 951, 953]",1.578488,0.001786
serie_4,416,"[4, 6, 9, 16, 30, 47, 59, 77, 112, 176, 181, 182, 184, 190, 217, 242, 288, 346, 354, 380, 390, 441, 447, 470, 496, 505, 518, 519, 536, 559, 560, 587, 630, 642, 683, 725, 727, 732, 752, 777, 798, 815, 831, 840, 857, 869, 891, 914, 973]",1.585872,0.001768
serie_4,417,"[11, 53, 54, 56, 96, 121, 125, 134, 157, 168, 253, 284, 287, 294, 299, 320, 323, 342, 355, 384, 441, 472, 475, 487, 515, 547, 574, 579, 583, 629, 661, 679, 687, 720, 744, 761, 783, 793, 800, 802, 809, 819, 832, 846, 854, 856, 859, 965, 985]",1.567656,0.001770
serie_4,418,"[25, 27, 78, 91, 129, 153, 154, 167, 175, 177, 228, 248, 257, 306, 331, 340, 353, 360, 365, 375, 418, 462, 487, 510, 514, 529, 549, 558, 567, 582, 643, 646, 696, 718, 744, 765, 773, 777, 834, 835, 838, 839, 860, 869, 913, 936, 954, 966, 969]",1.560361,0.001786
serie_4,419,"[49, 78, 93, 102, 113, 130, 144, 153, 158, 184, 187, 213, 243, 246, 269, 285, 305, 344, 360, 384, 388, 401, 449, 452, 513, 556, 581, 593, 638, 644, 649, 688, 690, 698, 718, 719, 722, 772, 794, 810, 823, 839, 844, 859, 919, 925, 961, 988, 998]",1.580581,0.003839
serie_4,420,"[20, 32, 38, 47, 48, 66, 70, 71, 73, 172, 182, 190, 192, 214, 226, 230, 302, 349, 430, 492, 525, 526, 535, 550, 555, 576, 624, 638, 649, 667, 689, 699, 719, 726, 735, 758, 792, 797, 809, 818, 858, 868, 881, 888, 904, 905, 920, 976, 983]",1.571336,0.003515
serie_4,421,"[5, 6, 46, 58, 71, 72, 111, 121, 142, 223, 231, 232, 266, 267, 279, 283, 289, 330, 351, 366, 374, 391, 406, 424, 431, 460, 464, 468, 491, 533, 606, 610, 627, 628, 672, 673, 709, 730, 758, 786, 811, 817, 823, 844, 861, 877, 970, 987, 990]",1.584077,0.003015
serie_4,422,"[8, 55, 76, 98, 121, 148, 166, 175, 178, 182, 199, 209, 223, 284, 358, 372, 376, 378, 430, 455, 469, 482, 497, 541, 555, 558, 577, 588, 596, 609, 610, 624, 628, 666, 678, 679, 681, 693, 726, 748, 765, 770, 780, 808, 865, 889, 908, 983, 993]",1.596628,0.001704
serie_4,423,"[9, 10, 18, 19, 26, 36, 41, 54, 57, 73, 98, 138, 146, 165, 171, 180, 238, 250, 264, 308, 326, 362, 413, 452, 459, 476, 530, 531, 559, 570, 578, 602, 657, 663, 677, 685, 708, 747, 764, 776, 778, 813, 841, 843, 893, 908, 911, 930, 994]",1.568634,0.001716
serie_4,424,"[73, 103, 109, 110, 145, 148, 178, 234, 243, 258, 261, 263, 303, 348, 358, 362, 414, 426, 455, 487, 493, 499, 553, 570, 595, 606, 627, 636, 649, 658, 687, 745, 749, 780, 791, 820, 834, 842, 864, 872, 882, 883, 890, 926, 939, 949, 950, 966, 974]",1.576080,0.001765
serie_4,425,"[24, 33, 45, 64, 131, 135, 185, 205, 216, 233, 237, 259, 272, 283, 290, 294, 312, 350, 377, 392, 499, 507, 518, 529, 550, 559, 634, 659, 679, 688, 715, 737, 745, 762, 781, 782, 810, 820, 834, 837, 843, 869, 915, 924, 935, 946, 947, 963, 977]",1.572863,0.001766
serie_4,426,"[16, 60, 67, 68, 69, 104, 105, 133, 137, 166, 178, 179, 183, 217, 248, 252, 254, 280, 286, 317, 318, 345, 396, 402, 434, 443, 466, 467, 501, 506, 519, 577, 603, 624, 746, 765, 794, 807, 815, 818, 821, 848, 868, 883, 891, 892, 899, 941, 970]",1.585007,0.001814
serie_4,427,"[45, 60, 93, 94, 121, 141, 144, 197, 242, 267, 269, 272, 322, 344, 362, 363, 385, 454, 487, 490, 542, 551, 564, 594, 626, 635, 658, 669, 676, 708, 725, 729, 743, 769, 771, 789, 790, 794, 800, 804, 819, 822, 847, 852, 854, 856, 957, 965, 972]",1.569649,0.001818
serie_4,428,"[6, 30, 37, 48, 49, 74, 111, 142, 155, 174, 230, 289, 310, 316, 319, 322, 346, 389, 414, 422, 426, 432, 454, 485, 486, 504, 513, 554, 559, 570, 660, 667, 680, 702, 714, 722, 735, 757, 788, 807, 808, 809, 813, 821, 824, 860, 869, 925, 986]",1.574480,0.001811
serie_4,429,"[55, 86, 96, 153, 203, 258, 266, 271, 275, 291, 321, 341, 363, 368, 380, 389, 398, 414, 416, 461, 465, 500, 517, 521, 525, 550, 567, 583, 596, 605, 611, 619, 625, 667, 679, 692, 714, 735, 765, 776, 812, 828, 829, 834, 844, 854, 910, 942, 975]",1.532727,0.001841
serie_4,430,"[4, 46, 48, 84, 101, 107, 119, 124, 128, 141, 184, 199, 205, 209, 222, 243, 261, 320, 327, 330, 377, 383, 415, 444, 465, 517, 526, 529, 537, 543, 558, 582, 594, 623, 627, 688, 700, 705, 783, 807, 819, 895, 897, 915, 927, 933, 957, 960, 979]",1.548119,0.001781
serie_4,431,"[49, 51, 170, 171, 174, 180, 183, 221, 258, 263, 264, 305, 329, 337, 340, 344, 351, 363, 410, 424, 464, 480, 493, 499, 524, 541, 607, 620, 626, 632, 646, 647, 676, 679, 695, 720, 739, 788, 811, 822, 839, 840, 848, 857, 860, 895, 940, 942, 990]",1.561750,0.001796
serie_4,432,"[11, 18, 51, 66, 83, 107, 136, 166, 203, 207, 227, 229, 277, 325, 327, 365, 367, 387, 395, 400, 404, 469, 485, 538, 551, 558, 593, 608, 652, 657, 724, 734, 763, 831, 833, 846, 852, 853, 859, 889, 891, 902, 934, 938, 957, 960, 966, 969, 988]",1.547982,0.001759
serie_4,433,"[60, 89, 104, 116, 129, 142, 143, 160, 195, 196, 199, 213, 243, 252, 291, 297, 304, 335, 362, 366, 379, 394, 406, 418, 428, 431, 459, 465, 505, 532, 571, 593, 597, 617, 646, 704, 722, 725, 766, 799, 842, 848, 867, 884, 932, 941, 966, 984, 992]",1.578655,0.001816
serie_4,434,"[44, 54, 77, 117, 122, 160, 173, 180, 194, 200, 224, 250, 261, 271, 300, 337, 431, 435, 445, 464, 465, 479, 482, 499, 501, 516, 524, 543, 585, 586, 681, 690, 710, 711, 722, 729, 743, 773, 777, 789, 809, 823, 828, 902, 908, 911, 928, 957, 983]",1.583570,0.001815
serie_4,435,"[66, 80, 119, 167, 169, 176, 182, 213, 254, 260, 272, 289, 352, 358, 370, 376, 412, 434, 454, 464, 480, 494, 500, 509, 544, 560, 577, 586, 634, 668, 672, 682, 688, 721, 730, 737, 745, 758, 787, 804, 805, 885, 888, 892, 896, 897, 910, 944, 959]",1.572915,0.001790
serie_4,436,"[53, 73, 78, 144, 148, 151, 160, 182, 185, 208, 258, 290, 314, 354, 364, 393, 398, 408, 414, 459, 467, 486, 494, 511, 524, 546, 547, 558, 584, 593, 601, 623, 655, 718, 750, 787, 795, 808, 828, 861, 866, 896, 907, 934, 939, 947, 952, 957, 990]",1.570685,0.001787
serie_4,437,"[47, 56, 63, 69, 95, 102, 118, 119, 132, 151, 155, 163, 183, 187, 248, 273, 322, 371, 386, 396, 402, 442, 499, 501, 509, 582, 587, 590, 599, 609, 622, 628, 649, 674, 709, 737, 749, 755, 790, 821, 827, 855, 864, 892, 941, 967, 971, 974, 988]",1.577203,0.001760
serie_4,438,"[1, 4, 64, 85, 94, 102, 105, 121, 140, 146, 220, 233, 274, 333, 351, 370, 425, 467, 476, 530, 531, 544, 548, 568, 569, 590, 604, 606, 619, 671, 676, 717, 751, 774, 775, 810, 864, 869, 874, 879, 884, 886, 898, 915, 922, 931, 951, 960, 962]",1.571675,0.001770
serie_4,439,"[7, 63, 108, 136, 150, 192, 201, 219, 228, 248, 258, 275, 281, 283, 291, 293, 330, 332, 393, 426, 442, 511, 544, 583, 609, 613, 616, 638, 661, 663, 690, 699, 703, 712, 713, 717, 733, 735, 741, 790, 812, 881, 882, 898, 906, 907, 908, 933, 957]",1.564752,0.001818
serie_4,440,"[42, 64, 70, 71, 104, 106, 110, 118, 124, 131, 133, 174, 186, 188, 258, 263, 296, 312, 322, 323, 344, 392, 407, 415, 418, 425, 467, 483, 543, 607, 656, 658, 667, 694, 707, 710, 767, 787, 804, 811, 818, 833, 884, 904, 929, 930, 965, 982, 994]",1.570981,0.001857
serie_4,441,"[28, 57, 83, 115, 128, 130, 198, 225, 307, 317, 323, 325, 332, 334, 340, 350, 351, 377, 408, 422, 445, 453, 548, 551, 561, 579, 607, 683, 694, 708, 738, 755, 769, 771, 801, 817, 819, 853, 854, 862, 893, 932, 938, 961, 972, 974, 980, 982, 994]",1.563524,0.001905
serie_4,442,"[24, 28, 65, 75, 108, 113, 116, 125, 153, 174, 181, 184, 216, 230, 236, 245, 247, 257, 274, 280, 291, 353, 455, 503, 553, 556, 599, 621, 627, 656, 665, 666, 693, 695, 749, 760, 764, 793, 815, 818, 822, 831, 842, 850, 860, 880, 882, 899, 948]",1.577294,0.001832
serie_4,443,"[3, 18, 42, 49, 102, 105, 119, 129, 147, 167, 171, 188, 210, 267, 293, 306, 336, 337, 378, 386, 444, 552, 555, 572, 603, 646, 653, 665, 668, 677, 681, 693, 722, 727, 737, 791, 805, 806, 819, 841, 848, 852, 857, 865, 868, 883, 949, 954, 966]",1.578774,0.001837
serie_4,444,"[3, 129, 135, 159, 182, 199, 210, 273, 289, 294, 301, 310, 313, 357, 376, 385, 392, 394, 430, 432, 466, 495, 502, 555, 580, 611, 613, 638, 658, 687, 721, 722, 744, 800, 807, 823, 825, 827, 839, 843, 866, 869, 879, 888, 923, 936, 984, 986, 998]",1.566994,0.001847
serie_4,445,"[6, 98, 134, 141, 146, 158, 181, 245, 253, 273, 280, 303, 306, 331, 336, 338, 384, 409, 435, 437, 476, 485, 509, 544, 557, 559, 563, 570, 587, 652, 674, 726, 729, 738, 767, 818, 841, 860, 867, 878, 883, 890, 897, 905, 923, 935, 938, 964, 972]",1.561787,0.001851
serie_4,446,"[1, 13, 43, 52, 55, 94, 97, 102, 110, 142, 154, 196, 206, 238, 249, 268, 281, 291, 306, 351, 355, 376, 384, 391, 412, 457, 479, 480, 524, 526, 571, 589, 590, 613, 631, 662, 732, 759, 782, 786, 816, 847, 856, 881, 891, 907, 927, 948, 950]",1.575368,0.001884
serie_4,447,"[9, 16, 40, 67, 92, 127, 131, 133, 143, 158, 195, 225, 270, 274, 290, 315, 319, 322, 359, 362, 387, 423, 442, 463, 492, 511, 551, 608, 611, 629, 667, 677, 689, 691, 710, 713, 714, 753, 773, 784, 786, 791, 829, 830, 837, 854, 871, 905, 994]",1.560334,0.001886
serie_4,448,"[30, 48, 89, 93, 103, 132, 156, 160, 182, 189, 190, 228, 238, 242, 247, 294, 310, 344, 365, 366, 388, 443, 493, 494, 513, 523, 524, 551, 554, 597, 615, 658, 684, 710, 712, 718, 732, 737, 746, 755, 761, 806, 846, 879, 890, 917, 946, 956, 965]",1.571870,0.001838
serie_4,449,"[36, 44, 45, 78, 91, 92, 98, 142, 143, 176, 177, 201, 231, 270, 281, 360, 398, 399, 407, 426, 431, 454, 459, 465, 491, 544, 566, 579, 607, 609, 628, 647, 671, 686, 716, 746, 767, 788, 807, 826, 852, 860, 861, 863, 877, 885, 969, 970, 980]",1.582975,0.001870
serie_4,450,"[29, 35, 37, 74, 75, 93, 98, 111, 170, 208, 212, 251, 280, 292, 300, 349, 350, 386, 428, 434, 441, 478, 523, 534, 537, 543, 556, 564, 575, 693, 695, 723, 725, 735, 745, 752, 811, 819, 873, 875, 928, 942, 943, 956, 967, 972, 976, 987, 991]",1.579697,0.001831
serie_4,451,"[4, 6, 44, 68, 93, 158, 184, 189, 226, 242, 245, 250, 264, 278, 301, 323, 353, 372, 382, 384, 409, 427, 429, 433, 437, 455, 489, 490, 504, 526, 601, 603, 617, 626, 629, 646, 650, 661, 692, 709, 713, 717, 718, 745, 861, 877, 911, 917, 998]",1.564508,0.001870
serie_4,452,"[15, 63, 112, 117, 150, 174, 185, 188, 207, 216, 232, 256, 291, 298, 319, 327, 362, 363, 388, 410, 414, 424, 430, 440, 441, 457, 465, 481, 485, 489, 499, 518, 542, 579, 607, 700, 742, 769, 782, 813, 832, 847, 880, 899, 914, 924, 950, 955, 972]",1.571698,0.001876
serie_4,453,"[41, 46, 68, 132, 144, 146, 217, 230, 261, 289, 324, 335, 342, 354, 406, 408, 410, 411, 431, 434, 444, 465, 474, 477, 493, 496, 506, 508, 534, 598, 623, 643, 653, 663, 679, 699, 725, 726, 759, 791, 796, 811, 874, 885, 896, 910, 929, 965, 991]",1.569053,0.001869
serie_4,454,"[18, 31, 57, 64, 99, 115, 144, 195, 217, 228, 233, 251, 272, 290, 297, 315, 319, 331, 332, 384, 452, 476, 492, 494, 497, 501, 571, 593, 623, 663, 667, 671, 676, 695, 758, 760, 762, 770, 795, 842, 848, 852, 855, 919, 920, 932, 975, 982, 999]",1.564322,0.001909
serie_4,455,"[17, 41, 116, 122, 123, 160, 170, 176, 209, 241, 253, 256, 270, 296, 308, 319, 334, 350, 367, 379, 393, 422, 449, 467, 601, 608, 626, 642, 670, 672, 692, 693, 699, 719, 730, 750, 752, 757, 759, 778, 814, 833, 840, 850, 872, 906, 954, 962, 986]",1.571652,0.001910
serie_4,456,"[24, 86, 92, 103, 126, 181, 232, 250, 302, 307, 309, 311, 337, 347, 379, 411, 417, 432, 470, 475, 497, 515, 523, 528, 566, 586, 607, 609, 640, 656, 657, 658, 663, 664, 683, 703, 712, 716, 720, 778, 796, 834, 842, 850, 884, 900, 926, 952, 974]",1.560117,0.001875
serie_4,457,"[9, 32, 38, 50, 66, 111, 136, 137, 141, 153, 159, 173, 182, 212, 243, 265, 284, 328, 344, 365, 377, 389, 395, 399, 401, 412, 419, 428, 445, 464, 471, 492, 611, 612, 656, 695, 728, 797, 804, 809, 820, 831, 876, 882, 893, 908, 944, 975, 992]",1.577273,0.001926
serie_4,458,"[9, 30, 35, 64, 71, 75, 77, 89, 111, 113, 149, 235, 240, 246, 261, 338, 388, 397, 467, 480, 481, 490, 508, 514, 525, 531, 543, 549, 567, 571, 580, 581, 612, 631, 640, 671, 721, 746, 747, 785, 847, 860, 905, 913, 933, 944, 973, 978, 982]",1.567967,0.001935
serie_4,459,"[53, 79, 122, 142, 165, 183, 185, 217, 221, 244, 267, 294, 309, 335, 379, 390, 437, 438, 441, 455, 463, 479, 502, 503, 523, 534, 543, 570, 592, 601, 639, 657, 660, 676, 733, 746, 776, 790, 798, 844, 862, 875, 884, 885, 893, 924, 936, 946, 953]",1.561487,0.001868
serie_4,460,"[5, 29, 59, 113, 150, 160, 176, 256, 270, 285, 318, 339, 347, 415, 469, 474, 480, 484, 500, 508, 549, 593, 668, 673, 676, 684, 689, 695, 709, 713, 724, 727, 753, 757, 780, 782, 815, 841, 846, 869, 876, 890, 901, 918, 920, 937, 941, 946, 997]",1.558420,0.001870
serie_4,461,"[18, 32, 58, 71, 94, 108, 120, 133, 150, 157, 170, 237, 243, 251, 327, 351, 352, 372, 376, 393, 435, 474, 477, 490, 495, 508, 509, 510, 515, 517, 537, 571, 579, 594, 672, 698, 728, 732, 807, 815, 832, 872, 886, 907, 912, 916, 918, 932, 999]",1.562720,0.001943
serie_4,462,"[82, 92, 98, 143, 222, 231, 232, 256, 275, 339, 347, 394, 426, 428, 433, 447, 474, 498, 504, 505, 523, 527, 530, 541, 547, 559, 571, 572, 599, 611, 619, 639, 683, 743, 754, 759, 799, 816, 832, 843, 865, 885, 905, 908, 912, 948, 959, 978, 994]",1.563144,0.001881
serie_4,463,"[13, 39, 45, 49, 58, 69, 71, 123, 179, 187, 188, 204, 266, 279, 287, 298, 299, 326, 344, 353, 393, 401, 405, 406, 407, 412, 428, 461, 478, 489, 513, 521, 537, 543, 560, 587, 624, 625, 652, 672, 676, 729, 774, 783, 788, 822, 844, 857, 907]",1.559399,0.001863
serie_4,464,"[1, 56, 86, 130, 173, 189, 201, 217, 228, 310, 317, 319, 341, 378, 413, 415, 420, 424, 441, 461, 510, 519, 527, 536, 538, 563, 571, 573, 619, 621, 632, 633, 642, 659, 719, 733, 758, 762, 785, 786, 798, 801, 871, 893, 901, 921, 922, 949, 969]",1.554260,0.001882
serie_4,465,"[5, 17, 21, 33, 64, 65, 73, 85, 136, 143, 145, 155, 170, 180, 181, 192, 212, 223, 235, 253, 260, 302, 330, 360, 385, 386, 409, 425, 447, 448, 451, 474, 498, 514, 579, 585, 609, 668, 669, 709, 753, 758, 795, 832, 841, 864, 896, 974, 980]",1.575457,0.001941
serie_4,466,"[8, 12, 30, 58, 73, 121, 127, 133, 153, 154, 156, 168, 172, 193, 225, 227, 229, 232, 247, 254, 262, 278, 283, 299, 300, 328, 362, 433, 468, 472, 478, 488, 516, 590, 594, 643, 672, 733, 764, 800, 810, 843, 847, 880, 916, 920, 930, 962, 996]",1.586104,0.001923
serie_4,467,"[13, 14, 18, 50, 118, 119, 145, 150, 181, 199, 203, 213, 230, 235, 236, 244, 252, 313, 321, 340, 348, 356, 428, 449, 450, 478, 498, 524, 555, 574, 581, 620, 654, 674, 735, 771, 815, 850, 851, 858, 866, 898, 940, 941, 942, 958, 959, 962, 968]",1.579104,0.001877
serie_4,468,"[10, 38, 53, 74, 81, 109, 119, 132, 155, 165, 169, 195, 208, 272, 294, 309, 332, 372, 374, 377, 402, 404, 408, 410, 417, 428, 462, 472, 504, 510, 519, 536, 553, 557, 581, 619, 679, 728, 736, 785, 800, 824, 828, 833, 836, 893, 923, 935, 993]",1.553332,0.001863
serie_4,469,"[4, 26, 36, 69, 84, 109, 118, 124, 133, 134, 236, 259, 291, 306, 342, 364, 378, 424, 425, 431, 450, 454, 485, 486, 520, 545, 571, 599, 613, 629, 630, 632, 639, 668, 676, 702, 728, 731, 739, 757, 784, 802, 808, 855, 884, 888, 961, 972, 992]",1.569701,0.001881
serie_4,470,"[12, 35, 72, 78, 105, 113, 149, 156, 166, 209, 251, 254, 286, 336, 345, 348, 408, 415, 432, 439, 493, 501, 509, 518, 592, 604, 614, 622, 632, 670, 687, 705, 733, 744, 755, 762, 819, 828, 867, 883, 903, 913, 920, 948, 949, 950, 951, 981, 998]",1.578180,0.001871
serie_4,471,"[3, 13, 21, 26, 28, 91, 100, 111, 119, 127, 138, 198, 218, 230, 249, 278, 282, 340, 350, 353, 369, 403, 412, 449, 515, 526, 545, 546, 580, 594, 623, 650, 665, 700, 716, 752, 767, 779, 787, 816, 829, 837, 867, 893, 922, 925, 954, 979, 994]",1.572654,0.001883
serie_4,472,"[9, 43, 51, 58, 73, 103, 154, 213, 224, 226, 259, 269, 288, 290, 301, 308, 320, 328, 345, 377, 445, 449, 470, 494, 511, 543, 547, 628, 637, 642, 667, 686, 714, 737, 747, 761, 800, 818, 829, 854, 864, 902, 906, 908, 917, 930, 935, 943, 964]",1.549494,0.001872
serie_4,473,"[69, 76, 84, 92, 101, 107, 112, 123, 178, 206, 283, 316, 349, 352, 359, 390, 442, 445, 463, 479, 492, 513, 516, 523, 533, 562, 564, 602, 603, 630, 652, 672, 740, 766, 773, 791, 808, 871, 879, 885, 897, 925, 928, 941, 942, 966, 977, 983, 999]",1.552640,0.001889
serie_4,474,"[2, 15, 22, 37, 51, 66, 79, 108, 116, 129, 138, 155, 180, 187, 204, 211, 228, 266, 282, 283, 317, 343, 347, 357, 368, 450, 452, 467, 469, 470, 472, 481, 555, 568, 576, 597, 617, 623, 627, 644, 710, 742, 768, 793, 826, 865, 896, 909, 924]",1.586488,0.001910
serie_4,475,"[8, 12, 24, 46, 78, 104, 118, 125, 160, 198, 215, 228, 246, 283, 286, 317, 327, 365, 366, 371, 379, 394, 403, 449, 453, 535, 556, 574, 578, 602, 626, 635, 683, 725, 738, 744, 746, 766, 783, 816, 839, 861, 862, 882, 890, 938, 943, 944, 978]",1.557398,0.001877
serie_4,476,"[55, 129, 132, 176, 212, 222, 225, 229, 244, 264, 270, 291, 299, 315, 318, 333, 336, 358, 387, 413, 416, 442, 517, 545, 552, 569, 616, 648, 650, 672, 693, 715, 738, 784, 791, 802, 812, 827, 848, 862, 880, 910, 911, 925, 956, 964, 966, 967, 985]",1.561973,0.001874
serie_4,477,"[19, 21, 45, 82, 116, 128, 154, 159, 160, 176, 214, 217, 238, 254, 255, 288, 309, 326, 340, 341, 367, 387, 389, 401, 431, 461, 494, 499, 516, 532, 541, 548, 550, 561, 573, 602, 616, 639, 667, 688, 701, 730, 731, 790, 794, 819, 889, 904, 958]",1.567101,0.001878
serie_4,478,"[31, 40, 41, 80, 91, 120, 151, 248, 284, 323, 342, 345, 351, 363, 369, 441, 445, 482, 495, 502, 503, 508, 513, 519, 526, 541, 545, 546, 556, 562, 655, 663, 677, 681, 689, 700, 724, 725, 742, 771, 790, 804, 836, 847, 852, 856, 960, 963, 980]",1.557385,0.001867
serie_4,479,"[2, 20, 27, 69, 75, 86, 122, 154, 212, 217, 219, 254, 278, 279, 298, 304, 325, 327, 329, 378, 386, 428, 492, 510, 513, 525, 559, 584, 593, 596, 636, 641, 648, 659, 669, 694, 695, 705, 707, 731, 735, 755, 786, 799, 824, 866, 872, 913, 959]",1.557893,0.001866
serie_4,480,"[9, 59, 62, 76, 81, 86, 128, 165, 214, 223, 256, 259, 264, 275, 280, 291, 322, 327, 332, 359, 421, 436, 495, 536, 543, 552, 558, 658, 666, 718, 739, 751, 756, 769, 784, 847, 863, 864, 872, 877, 878, 897, 916, 946, 949, 966, 979, 981, 991]",1.567853,0.001876
serie_4,481,"[33, 59, 60, 95, 114, 127, 132, 139, 170, 213, 223, 233, 250, 306, 329, 350, 358, 406, 431, 452, 456, 466, 527, 532, 563, 589, 615, 637, 639, 664, 688, 732, 758, 763, 779, 793, 806, 810, 826, 837, 850, 856, 870, 873, 878, 921, 940, 945, 952]",1.571947,0.001882
serie_4,482,"[19, 28, 66, 91, 105, 118, 145, 157, 204, 216, 256, 283, 294, 305, 322, 371, 411, 415, 427, 429, 432, 436, 477, 512, 558, 567, 588, 613, 631, 633, 673, 677, 683, 721, 731, 744, 749, 763, 832, 850, 859, 879, 891, 896, 941, 965, 970, 978, 982]",1.563480,0.001871
serie_4,483,"[10, 27, 52, 76, 80, 121, 132, 169, 187, 191, 208, 253, 259, 264, 288, 305, 314, 325, 340, 349, 395, 409, 437, 451, 488, 527, 549, 550, 571, 591, 633, 646, 657, 682, 686, 689, 699, 710, 718, 729, 738, 740, 767, 773, 783, 921, 986, 988, 990]",1.564090,0.001815
serie_4,484,"[84, 120, 133, 155, 156, 169, 182, 216, 238, 268, 368, 377, 384, 393, 403, 429, 456, 472, 514, 520, 521, 539, 573, 580, 593, 630, 647, 652, 658, 680, 689, 694, 714, 716, 742, 754, 786, 808, 822, 847, 876, 916, 920, 937, 950, 961, 962, 991, 999]",1.570142,0.001838
serie_4,485,"[3, 6, 22, 34, 46, 48, 59, 64, 82, 96, 131, 137, 138, 143, 161, 174, 183, 195, 203, 207, 283, 288, 303, 311, 312, 370, 393, 411, 465, 468, 489, 507, 522, 526, 571, 603, 677, 691, 721, 722, 725, 746, 774, 807, 811, 923, 926, 972, 976]",1.557594,0.001835
serie_4,486,"[9, 16, 20, 35, 61, 70, 90, 119, 130, 160, 165, 185, 199, 227, 238, 279, 288, 299, 309, 362, 375, 409, 415, 429, 435, 447, 456, 483, 491, 516, 528, 531, 584, 603, 605, 626, 631, 635, 637, 652, 671, 677, 713, 755, 772, 860, 879, 905, 979]",1.581796,0.001823
serie_4,487,"[11, 19, 24, 45, 48, 55, 71, 105, 119, 131, 140, 145, 165, 193, 208, 217, 245, 263, 276, 283, 348, 355, 397, 415, 434, 436, 449, 455, 479, 489, 496, 503, 507, 531, 583, 597, 628, 662, 718, 727, 739, 745, 803, 843, 878, 908, 947, 956, 975]",1.575056,0.001804
serie_4,488,"[12, 35, 66, 103, 129, 138, 170, 207, 221, 259, 264, 265, 311, 332, 371, 378, 402, 412, 460, 471, 485, 488, 514, 516, 532, 534, 551, 570, 573, 580, 588, 593, 610, 651, 664, 668, 677, 723, 729, 762, 765, 778, 801, 809, 822, 832, 840, 850, 962]",1.564500,0.001839
serie_4,489,"[55, 58, 126, 158, 177, 193, 204, 219, 231, 240, 242, 288, 289, 293, 294, 326, 404, 413, 423, 504, 506, 511, 522, 533, 537, 567, 571, 579, 592, 611, 619, 636, 663, 716, 729, 735, 767, 796, 808, 814, 832, 884, 885, 891, 898, 903, 904, 936, 963]",1.550274,0.001873
serie_4,490,"[63, 68, 73, 89, 95, 103, 116, 131, 166, 194, 217, 224, 232, 240, 248, 250, 261, 275, 303, 316, 347, 382, 441, 463, 471, 484, 488, 501, 516, 559, 578, 584, 605, 632, 720, 726, 739, 745, 759, 763, 804, 809, 923, 925, 954, 972, 985, 988, 989]",1.554850,0.001875
serie_4,491,"[32, 37, 43, 56, 67, 84, 100, 129, 154, 170, 186, 197, 215, 256, 273, 279, 280, 287, 290, 307, 348, 349, 351, 355, 460, 503, 505, 518, 527, 528, 531, 556, 574, 593, 602, 607, 622, 623, 672, 699, 700, 724, 770, 771, 832, 882, 935, 954, 997]",1.568445,0.001865
serie_4,492,"[3, 13, 31, 61, 93, 114, 137, 178, 190, 209, 215, 216, 227, 232, 266, 312, 315, 352, 356, 440, 485, 489, 508, 524, 529, 568, 599, 608, 638, 657, 671, 673, 689, 710, 755, 759, 782, 798, 806, 823, 824, 846, 874, 883, 904, 980, 987, 994, 998]",1.565920,0.001888
serie_4,493,"[3, 29, 30, 33, 36, 115, 126, 197, 228, 252, 269, 272, 276, 309, 314, 321, 329, 333, 343, 361, 363, 389, 418, 492, 493, 510, 540, 563, 569, 619, 660, 664, 684, 705, 738, 744, 785, 788, 803, 810, 827, 833, 853, 864, 873, 890, 903, 952, 997]",1.566239,0.001861
serie_4,494,"[6, 23, 60, 107, 109, 120, 128, 146, 165, 181, 202, 227, 252, 262, 290, 294, 336, 390, 393, 408, 440, 442, 475, 476, 505, 516, 533, 536, 557, 600, 620, 623, 624, 635, 687, 710, 716, 771, 775, 784, 860, 885, 890, 901, 950, 962, 970, 973, 983]",1.589537,0.001879
serie_4,495,"[27, 107, 136, 163, 175, 230, 258, 278, 293, 310, 361, 386, 408, 429, 437, 463, 471, 475, 528, 530, 533, 537, 587, 622, 623, 632, 644, 693, 720, 735, 750, 754, 763, 771, 827, 829, 837, 856, 860, 861, 864, 890, 899, 917, 939, 942, 951, 983, 992]",1.587011,0.001877
serie_4,496,"[6, 28, 37, 53, 88, 128, 140, 155, 165, 218, 222, 255, 259, 286, 309, 319, 322, 334, 359, 362, 363, 365, 372, 376, 382, 387, 444, 451, 453, 458, 502, 560, 583, 620, 648, 693, 748, 753, 755, 769, 788, 796, 802, 824, 833, 878, 917, 988, 995]",1.563272,0.001824
serie_4,497,"[23, 42, 59, 74, 77, 121, 151, 208, 241, 292, 305, 315, 327, 331, 428, 451, 483, 497, 500, 520, 522, 550, 560, 563, 594, 606, 719, 730, 731, 755, 756, 757, 795, 807, 812, 848, 853, 857, 860, 861, 877, 897, 907, 911, 914, 924, 945, 978, 986]",1.561244,0.001843
serie_4,498,"[45, 75, 78, 85, 89, 117, 136, 158, 221, 234, 251, 292, 303, 307, 327, 328, 388, 393, 424, 430, 433, 439, 456, 487, 493, 524, 570, 585, 596, 597, 644, 647, 652, 665, 682, 724, 739, 743, 755, 778, 836, 841, 860, 873, 877, 880, 926, 969, 973]",1.548689,0.001795
serie_4,499,"[3, 7, 20, 21, 44, 61, 65, 120, 150, 151, 165, 166, 167, 171, 189, 198, 218, 228, 229, 265, 268, 278, 279, 285, 293, 306, 317, 326, 399, 415, 465, 472, 509, 549, 550, 567, 569, 571, 583, 609, 650, 713, 773, 823, 873, 898, 909, 925, 930]",1.560482,0.001812
serie_4,500,"[35, 42, 104, 118, 124, 127, 147, 166, 167, 222, 225, 233, 235, 240, 279, 331, 337, 339, 353, 384, 389, 419, 433, 443, 448, 455, 533, 559, 574, 601, 653, 658, 741, 771, 783, 789, 819, 842, 846, 849, 880, 884, 903, 909, 943, 959, 982, 983, 992]",1.579425,0.001853
serie_4,501,"[26, 43, 81, 85, 89, 120, 145, 150, 156, 165, 196, 203, 255, 295, 327, 354, 355, 368, 374, 379, 383, 384, 404, 407, 419, 437, 456, 462, 619, 658, 667, 682, 716, 725, 736, 738, 750, 788, 824, 848, 874, 900, 907, 911, 931, 937, 949, 969, 988]",1.563848,0.001827
serie_4,502,"[13, 17, 43, 64, 99, 128, 130, 141, 147, 151, 155, 157, 170, 173, 174, 229, 285, 350, 354, 371, 402, 454, 485, 517, 553, 563, 586, 623, 646, 647, 654, 669, 705, 733, 756, 773, 776, 777, 788, 816, 817, 827, 884, 888, 901, 924, 927, 961, 971]",1.589702,0.001812
serie_4,503,"[12, 27, 54, 58, 71, 76, 79, 108, 130, 131, 161, 163, 169, 193, 206, 216, 225, 230, 257, 260, 266, 288, 299, 304, 335, 339, 343, 377, 465, 474, 475, 537, 603, 641, 661, 667, 680, 698, 715, 720, 789, 801, 874, 879, 887, 906, 913, 969, 999]",1.575066,0.001805
serie_4,504,"[14, 15, 58, 68, 77, 82, 87, 112, 184, 203, 222, 227, 232, 233, 258, 265, 275, 289, 290, 300, 308, 309, 316, 363, 382, 404, 460, 461, 497, 539, 570, 607, 611, 652, 660, 663, 685, 690, 699, 700, 732, 765, 783, 797, 894, 940, 942, 980, 982]",1.551538,0.001821
serie_4,505,"[11, 20, 25, 50, 53, 84, 117, 121, 165, 180, 186, 218, 308, 326, 337, 339, 352, 373, 395, 410, 411, 415, 437, 439, 456, 471, 494, 503, 522, 528, 552, 606, 662, 681, 699, 703, 708, 719, 764, 771, 836, 875, 915, 936, 947, 955, 962, 987, 993]",1.565583,0.001827
serie_4,506,"[41, 49, 81, 109, 126, 129, 130, 141, 153, 172, 194, 208, 218, 313, 315, 329, 340, 348, 374, 376, 403, 408, 411, 457, 474, 476, 565, 586, 591, 603, 613, 620, 686, 693, 704, 705, 713, 729, 751, 768, 780, 808, 816, 879, 920, 932, 960, 987, 989]",1.574122,0.001812
serie_4,507,"[11, 14, 18, 36, 69, 81, 89, 104, 133, 154, 157, 172, 181, 186, 229, 243, 317, 322, 331, 342, 355, 416, 431, 451, 475, 557, 562, 605, 647, 726, 735, 740, 748, 757, 758, 784, 787, 795, 796, 799, 820, 830, 873, 898, 922, 930, 938, 942, 946]",1.569929,0.001812
serie_4,508,"[45, 65, 79, 114, 140, 149, 169, 184, 185, 251, 289, 295, 301, 352, 354, 365, 372, 382, 400, 410, 417, 425, 497, 512, 526, 528, 538, 549, 553, 586, 598, 644, 656, 671, 685, 702, 713, 719, 735, 747, 778, 787, 795, 798, 823, 862, 910, 950, 990]",1.571228,0.001831
serie_4,509,"[3, 5, 8, 20, 33, 66, 92, 94, 109, 124, 151, 218, 248, 257, 260, 268, 272, 276, 304, 320, 337, 350, 379, 393, 395, 416, 423, 446, 489, 509, 530, 573, 593, 690, 710, 722, 733, 739, 757, 758, 773, 774, 778, 782, 812, 827, 839, 930, 950]",1.564094,0.001804
serie_4,510,"[33, 37, 52, 53, 182, 190, 200, 229, 231, 239, 264, 293, 297, 340, 347, 386, 399, 407, 483, 515, 529, 558, 574, 593, 596, 671, 672, 678, 694, 711, 715, 717, 732, 751, 764, 788, 803, 820, 824, 828, 856, 859, 864, 880, 902, 922, 928, 953, 971]",1.576318,0.001813
serie_4,511,"[22, 50, 56, 187, 203, 204, 205, 232, 235, 253, 288, 314, 374, 422, 482, 484, 492, 505, 562, 597, 603, 606, 619, 653, 659, 716, 725, 739, 771, 774, 787, 798, 804, 812, 817, 826, 829, 832, 846, 854, 855, 866, 881, 892, 894, 895, 941, 944, 964]",1.567794,0.001797
serie_4,512,"[5, 41, 43, 49, 53, 134, 141, 148, 149, 164, 189, 213, 235, 237, 291, 292, 298, 327, 351, 384, 398, 425, 429, 438, 532, 546, 611, 659, 668, 670, 678, 685, 702, 711, 745, 749, 752, 754, 767, 774, 790, 800, 853, 873, 908, 927, 933, 938, 991]",1.555058,0.001821
serie_4,513,"[18, 37, 53, 58, 71, 72, 99, 111, 133, 137, 160, 174, 182, 235, 249, 272, 278, 287, 304, 319, 344, 353, 374, 402, 403, 428, 469, 491, 506, 511, 574, 592, 672, 682, 688, 689, 738, 742, 755, 789, 831, 832, 854, 875, 897, 956, 966, 983, 995]",1.566045,0.001812
serie_4,514,"[9, 10, 16, 117, 124, 135, 137, 145, 199, 200, 219, 225, 240, 267, 294, 315, 351, 358, 366, 442, 453, 520, 521, 528, 549, 564, 582, 598, 616, 636, 641, 650, 655, 669, 686, 687, 691, 721, 762, 780, 782, 864, 868, 888, 954, 957, 958, 991, 993]",1.581678,0.001824
serie_4,515,"[31, 34, 73, 92, 111, 136, 183, 190, 200, 202, 210, 226, 231, 256, 262, 297, 320, 322, 324, 338, 343, 348, 371, 484, 486, 491, 515, 563, 612, 638, 694, 732, 733, 748, 767, 778, 793, 796, 821, 865, 875, 879, 898, 902, 910, 936, 938, 979, 982]",1.560664,0.001809
serie_4,516,"[4, 49, 57, 63, 84, 102, 106, 117, 123, 195, 206, 230, 237, 277, 282, 290, 291, 314, 326, 345, 354, 366, 367, 403, 411, 427, 450, 457, 502, 523, 539, 611, 612, 615, 655, 681, 718, 721, 772, 783, 843, 877, 895, 898, 951, 965, 976, 984, 992]",1.570227,0.001815
serie_4,517,"[10, 49, 57, 65, 118, 123, 126, 152, 181, 208, 236, 238, 260, 268, 298, 299, 322, 350, 359, 360, 367, 392, 413, 425, 438, 467, 470, 474, 506, 513, 521, 536, 540, 547, 552, 573, 647, 651, 661, 664, 698, 738, 739, 751, 777, 795, 923, 969, 981]",1.564182,0.001811
serie_4,518,"[7, 11, 124, 130, 134, 137, 159, 165, 184, 196, 210, 219, 240, 298, 311, 334, 336, 351, 372, 405, 408, 477, 479, 480, 487, 497, 506, 532, 533, 544, 562, 572, 601, 626, 667, 680, 684, 713, 730, 748, 757, 761, 778, 873, 879, 901, 931, 940, 984]",1.574417,0.001794
serie_4,519,"[10, 12, 27, 28, 46, 63, 85, 102, 128, 140, 155, 160, 191, 213, 226, 232, 246, 251, 254, 273, 280, 350, 383, 385, 445, 446, 477, 484, 485, 514, 535, 548, 555, 569, 596, 653, 655, 714, 724, 749, 753, 759, 766, 774, 819, 836, 889, 954, 964]",1.591855,0.001808
serie_4,520,"[5, 20, 37, 48, 50, 56, 77, 84, 89, 100, 116, 136, 148, 195, 221, 237, 239, 308, 321, 337, 431, 465, 519, 533, 560, 576, 596, 627, 642, 657, 679, 682, 705, 749, 755, 778, 781, 803, 809, 830, 844, 845, 855, 865, 872, 880, 899, 910, 927]",1.566945,0.001817
serie_4,521,"[17, 26, 47, 63, 109, 111, 112, 114, 116, 131, 147, 171, 204, 209, 237, 246, 285, 299, 322, 333, 383, 392, 398, 411, 414, 423, 430, 444, 476, 478, 479, 488, 508, 512, 547, 644, 686, 691, 728, 737, 739, 757, 798, 810, 934, 949, 961, 963, 995]",1.558839,0.001803
serie_4,522,"[15, 42, 66, 91, 121, 161, 183, 193, 196, 205, 208, 239, 245, 251, 357, 385, 407, 425, 430, 437, 444, 455, 465, 506, 525, 564, 567, 589, 592, 599, 662, 701, 706, 708, 709, 750, 762, 779, 818, 842, 843, 880, 894, 908, 914, 918, 933, 992, 999]",1.578241,0.001826
serie_4,523,"[13, 28, 51, 70, 96, 121, 122, 153, 158, 178, 186, 197, 203, 219, 236, 247, 274, 332, 361, 422, 476, 523, 524, 528, 533, 545, 564, 588, 593, 594, 618, 621, 634, 668, 697, 702, 716, 722, 829, 862, 883, 887, 900, 918, 925, 955, 957, 977, 997]",1.563239,0.001828
serie_4,524,"[128, 171, 184, 186, 190, 254, 279, 281, 302, 330, 331, 336, 395, 418, 463, 468, 520, 529, 545, 553, 566, 600, 620, 625, 635, 644, 666, 681, 722, 739, 749, 755, 756, 771, 774, 775, 802, 805, 820, 844, 854, 863, 888, 908, 940, 962, 966, 989, 997]",1.554989,0.001804
serie_4,525,"[17, 63, 65, 110, 148, 184, 192, 194, 207, 294, 297, 319, 354, 355, 359, 379, 384, 399, 421, 427, 431, 438, 494, 511, 532, 536, 538, 543, 545, 580, 590, 603, 644, 679, 692, 701, 713, 733, 748, 758, 775, 782, 792, 817, 842, 866, 874, 938, 968]",1.580331,0.001813
serie_4,526,"[2, 11, 19, 69, 70, 74, 127, 150, 221, 222, 259, 264, 267, 288, 310, 340, 353, 354, 372, 379, 383, 384, 424, 445, 533, 539, 576, 603, 644, 672, 701, 721, 724, 743, 763, 767, 778, 850, 875, 877, 883, 890, 899, 921, 955, 957, 963, 978, 980]",1.584662,0.001823
serie_4,527,"[32, 41, 56, 97, 103, 104, 111, 113, 115, 121, 128, 158, 180, 222, 237, 256, 269, 288, 302, 317, 337, 375, 379, 393, 423, 435, 469, 594, 606, 642, 686, 687, 722, 736, 805, 809, 847, 870, 878, 891, 905, 923, 927, 932, 934, 960, 974, 981, 985]",1.571600,0.001823
serie_4,528,"[88, 121, 122, 124, 152, 169, 183, 185, 195, 198, 201, 224, 268, 331, 335, 347, 372, 394, 400, 413, 414, 460, 494, 511, 514, 516, 550, 564, 613, 659, 668, 677, 724, 736, 742, 772, 777, 781, 800, 827, 861, 878, 891, 895, 906, 947, 954, 973, 988]",1.560771,0.001810
serie_4,529,"[14, 58, 90, 91, 93, 105, 120, 136, 144, 163, 183, 213, 239, 240, 243, 345, 354, 355, 359, 378, 397, 423, 440, 448, 460, 479, 506, 511, 513, 519, 527, 531, 538, 611, 629, 653, 659, 742, 749, 778, 787, 820, 847, 881, 908, 945, 950, 951, 975]",1.589444,0.001812
serie_4,530,"[3, 27, 33, 35, 38, 52, 69, 73, 96, 109, 122, 140, 157, 159, 170, 199, 244, 252, 279, 363, 364, 376, 416, 430, 442, 487, 494, 499, 509, 513, 544, 552, 606, 628, 630, 654, 658, 750, 774, 783, 816, 906, 914, 920, 923, 931, 936, 940, 978]",1.587634,0.001814
serie_4,531,"[14, 80, 92, 118, 171, 191, 199, 220, 252, 275, 299, 308, 311, 377, 413, 449, 471, 501, 523, 548, 567, 570, 571, 619, 646, 652, 655, 660, 662, 665, 669, 691, 718, 733, 759, 774, 806, 814, 827, 842, 845, 863, 873, 877, 884, 896, 924, 944, 964]",1.562786,0.001814
serie_4,532,"[41, 96, 115, 153, 166, 231, 243, 249, 252, 259, 271, 287, 299, 329, 335, 365, 452, 483, 484, 561, 563, 586, 590, 602, 612, 621, 694, 710, 719, 755, 757, 782, 789, 813, 819, 828, 858, 864, 869, 875, 882, 943, 944, 945, 951, 952, 965, 989, 994]",1.582903,0.001814
serie_4,533,"[16, 29, 39, 56, 59, 61, 88, 91, 115, 125, 130, 146, 164, 233, 245, 296, 310, 313, 324, 365, 417, 421, 443, 464, 482, 517, 521, 549, 584, 608, 611, 634, 650, 652, 663, 690, 721, 791, 805, 814, 821, 835, 896, 898, 905, 923, 933, 948, 966]",1.570173,0.001814
serie_4,534,"[18, 31, 66, 86, 115, 133, 142, 154, 162, 168, 170, 195, 201, 213, 252, 253, 256, 269, 276, 300, 340, 371, 388, 390, 404, 467, 504, 509, 564, 580, 601, 663, 672, 691, 692, 722, 733, 738, 780, 802, 858, 882, 883, 933, 935, 942, 957, 963, 967]",1.578613,0.001827
serie_4,535,"[58, 114, 129, 131, 141, 173, 231, 244, 254, 257, 266, 285, 311, 315, 353, 379, 390, 417, 424, 434, 451, 464, 469, 472, 494, 528, 534, 595, 598, 609, 617, 623, 637, 643, 655, 692, 702, 766, 775, 823, 828, 840, 875, 883, 893, 907, 941, 956, 986]",1.585320,0.001817
serie_4,536,"[20, 36, 92, 100, 133, 139, 141, 162, 170, 179, 195, 198, 262, 287, 297, 305, 312, 313, 328, 333, 357, 365, 384, 415, 419, 447, 451, 463, 504, 520, 524, 568, 572, 574, 579, 589, 620, 660, 727, 733, 850, 858, 861, 871, 896, 924, 929, 935, 992]",1.548086,0.001829
serie_4,537,"[49, 61, 77, 80, 90, 100, 112, 134, 141, 192, 202, 204, 251, 285, 293, 296, 306, 315, 360, 392, 404, 413, 450, 458, 460, 482, 483, 486, 519, 544, 653, 661, 674, 705, 711, 717, 719, 737, 772, 773, 808, 818, 899, 915, 923, 929, 938, 952, 971]",1.552945,0.001817
serie_4,538,"[14, 16, 78, 89, 101, 117, 133, 160, 171, 185, 204, 223, 261, 269, 294, 301, 342, 395, 400, 406, 407, 427, 444, 473, 474, 476, 488, 492, 496, 503, 531, 536, 546, 577, 655, 680, 702, 723, 796, 802, 814, 817, 826, 829, 839, 935, 936, 983, 986]",1.562189,0.001806
serie_4,539,"[39, 89, 128, 149, 174, 192, 196, 197, 203, 220, 258, 288, 304, 316, 336, 391, 420, 431, 449, 473, 483, 489, 502, 517, 526, 543, 545, 570, 678, 740, 755, 764, 767, 806, 815, 824, 832, 843, 855, 866, 875, 878, 896, 910, 913, 923, 927, 937, 968]",1.551294,0.001818
serie_4,540,"[3, 80, 84, 106, 117, 121, 135, 162, 172, 175, 183, 196, 210, 253, 310, 330, 363, 370, 381, 386, 399, 403, 404, 413, 441, 458, 502, 512, 548, 584, 591, 601, 611, 669, 673, 696, 723, 748, 764, 785, 808, 810, 813, 824, 835, 844, 864, 946, 973]",1.564628,0.001822
serie_4,541,"[5, 54, 70, 88, 111, 113, 140, 179, 181, 244, 245, 256, 275, 276, 298, 327, 331, 368, 377, 399, 405, 433, 470, 520, 535, 536, 545, 585, 587, 622, 630, 639, 642, 683, 686, 692, 700, 707, 718, 759, 768, 817, 835, 838, 841, 848, 866, 884, 968]",1.569234,0.001809
serie_4,542,"[15, 25, 35, 38, 71, 81, 88, 98, 139, 165, 180, 266, 285, 312, 337, 343, 351, 377, 380, 385, 397, 403, 411, 427, 448, 516, 544, 561, 565, 599, 602, 633, 648, 676, 679, 689, 697, 738, 775, 782, 786, 792, 799, 811, 826, 864, 893, 904, 989]",1.571422,0.001813
serie_4,543,"[6, 17, 26, 44, 72, 102, 161, 186, 187, 200, 248, 265, 277, 312, 331, 335, 338, 381, 385, 432, 434, 437, 464, 476, 485, 486, 495, 529, 535, 547, 566, 580, 597, 624, 662, 689, 719, 740, 756, 759, 849, 869, 891, 906, 930, 949, 963, 985, 988]",1.571584,0.001824
serie_4,544,"[10, 75, 77, 91, 127, 169, 171, 173, 204, 268, 275, 290, 291, 326, 352, 361, 397, 399, 453, 460, 463, 496, 510, 533, 539, 544, 545, 548, 570, 587, 596, 605, 666, 683, 698, 703, 769, 796, 806, 833, 854, 857, 870, 879, 887, 893, 937, 952, 967]",1.535995,0.001802
serie_4,545,"[5, 9, 11, 16, 46, 52, 112, 113, 121, 150, 153, 165, 209, 211, 215, 278, 279, 339, 388, 401, 406, 411, 476, 477, 511, 513, 543, 567, 636, 645, 661, 675, 684, 712, 719, 743, 747, 769, 780, 800, 825, 855, 862, 873, 916, 919, 931, 968, 992]",1.574825,0.001818
serie_4,546,"[18, 64, 86, 114, 119, 123, 131, 132, 133, 147, 154, 171, 174, 177, 182, 197, 206, 218, 256, 333, 336, 358, 364, 366, 370, 384, 418, 441, 452, 510, 556, 564, 590, 608, 611, 633, 649, 668, 680, 704, 719, 740, 742, 793, 796, 821, 887, 924, 938]",1.579687,0.001805
serie_4,547,"[5, 6, 13, 15, 44, 61, 77, 84, 102, 156, 177, 179, 180, 182, 183, 189, 205, 206, 261, 303, 337, 372, 389, 542, 555, 574, 583, 584, 602, 606, 609, 611, 657, 670, 687, 739, 764, 797, 818, 822, 840, 862, 888, 897, 908, 925, 953, 973, 987]",1.581614,0.001824
serie_4,548,"[76, 116, 165, 209, 213, 215, 218, 220, 244, 302, 304, 318, 377, 384, 395, 412, 456, 458, 484, 486, 490, 507, 519, 527, 561, 631, 645, 652, 670, 672, 697, 718, 749, 751, 771, 773, 782, 795, 809, 883, 902, 904, 924, 947, 971, 972, 977, 979, 991]",1.573297,0.001812
serie_4,549,"[5, 10, 11, 46, 53, 60, 62, 84, 91, 101, 139, 144, 155, 159, 225, 237, 289, 302, 311, 344, 360, 367, 388, 392, 402, 455, 474, 500, 534, 556, 575, 592, 599, 605, 644, 658, 667, 705, 738, 760, 766, 801, 834, 844, 845, 885, 901, 932, 995]",1.560700,0.001839
serie_4,550,"[3, 47, 58, 111, 126, 137, 144, 165, 169, 200, 201, 263, 272, 285, 291, 318, 319, 323, 335, 384, 397, 409, 415, 445, 449, 498, 534, 542, 599, 618, 637, 654, 666, 696, 759, 770, 780, 806, 817, 865, 882, 896, 903, 904, 909, 927, 935, 957, 981]",1.582127,0.001817
serie_4,551,"[9, 37, 49, 85, 117, 120, 135, 140, 143, 146, 154, 167, 210, 256, 294, 309, 313, 345, 354, 360, 366, 400, 408, 496, 555, 564, 576, 587, 591, 628, 643, 661, 665, 693, 718, 719, 723, 749, 780, 832, 851, 881, 907, 924, 928, 935, 973, 987, 995]",1.575230,0.001824
serie_4,552,"[51, 55, 56, 109, 121, 149, 158, 167, 174, 202, 207, 268, 296, 303, 313, 316, 320, 397, 398, 411, 425, 447, 491, 500, 503, 524, 531, 536, 541, 607, 614, 616, 649, 661, 747, 781, 788, 804, 833, 884, 886, 903, 916, 929, 951, 981, 990, 995, 998]",1.560575,0.001796
serie_4,553,"[8, 39, 60, 90, 91, 117, 143, 152, 158, 167, 180, 198, 219, 287, 319, 331, 338, 339, 427, 436, 452, 460, 464, 469, 471, 490, 502, 550, 618, 630, 639, 642, 712, 723, 737, 749, 773, 784, 815, 834, 843, 863, 883, 913, 917, 930, 934, 941, 999]",1.585828,0.001807
serie_4,554,"[83, 93, 103, 107, 126, 166, 168, 198, 203, 218, 241, 255, 259, 260, 269, 274, 294, 345, 393, 397, 414, 426, 456, 500, 508, 511, 533, 537, 545, 576, 598, 601, 623, 688, 701, 702, 723, 738, 745, 752, 782, 834, 836, 935, 938, 949, 957, 971, 972]",1.567144,0.001827
serie_4,555,"[43, 45, 90, 117, 123, 144, 148, 181, 195, 208, 214, 223, 270, 301, 307, 309, 310, 338, 339, 387, 399, 415, 416, 459, 460, 480, 493, 558, 564, 623, 633, 651, 656, 697, 703, 735, 737, 739, 756, 767, 788, 802, 821, 861, 888, 899, 916, 932, 938]",1.570108,0.001823
serie_4,556,"[1, 2, 86, 97, 108, 139, 193, 228, 233, 237, 273, 280, 323, 340, 385, 416, 431, 436, 442, 468, 479, 485, 505, 514, 515, 539, 540, 568, 681, 688, 697, 708, 731, 741, 746, 772, 785, 804, 838, 842, 848, 899, 914, 921, 930, 948, 951, 987, 997]",1.557759,0.001838
serie_4,557,"[13, 51, 63, 66, 74, 150, 151, 170, 223, 229, 271, 316, 334, 347, 370, 392, 396, 419, 426, 476, 488, 514, 542, 607, 611, 626, 639, 663, 701, 731, 748, 754, 757, 762, 769, 775, 783, 788, 794, 803, 811, 821, 844, 881, 890, 902, 935, 957, 980]",1.568950,0.001847
serie_4,558,"[3, 4, 8, 9, 15, 16, 46, 63, 79, 100, 117, 122, 125, 128, 133, 169, 212, 263, 274, 280, 281, 285, 288, 318, 351, 358, 426, 433, 460, 496, 547, 571, 641, 651, 653, 661, 674, 734, 761, 849, 876, 898, 904, 907, 912, 935, 966, 985, 999]",1.554905,0.001826
serie_4,559,"[5, 41, 42, 87, 90, 110, 125, 136, 166, 188, 206, 245, 331, 353, 380, 460, 484, 510, 531, 543, 554, 559, 572, 629, 645, 672, 686, 691, 693, 694, 711, 727, 741, 743, 757, 785, 797, 801, 826, 890, 923, 952, 957, 967, 968, 973, 984, 990, 991]",1.570077,0.001803
serie_4,560,"[9, 57, 66, 68, 119, 137, 157, 202, 208, 224, 227, 316, 323, 371, 373, 374, 379, 457, 466, 471, 483, 501, 523, 574, 632, 638, 647, 662, 680, 698, 719, 722, 729, 738, 752, 761, 767, 778, 784, 792, 795, 831, 873, 879, 904, 910, 922, 973, 997]",1.571902,0.001814
serie_4,561,"[4, 63, 90, 102, 105, 116, 170, 175, 241, 243, 301, 314, 326, 345, 375, 410, 413, 415, 446, 448, 468, 496, 505, 514, 583, 603, 610, 643, 656, 699, 723, 736, 747, 767, 778, 785, 807, 808, 817, 833, 838, 897, 910, 921, 926, 969, 970, 977, 992]",1.567665,0.001816
serie_4,562,"[12, 27, 59, 83, 90, 98, 112, 132, 141, 144, 166, 169, 198, 215, 218, 234, 263, 265, 314, 336, 345, 384, 398, 421, 439, 446, 506, 552, 567, 574, 597, 608, 647, 649, 684, 685, 714, 731, 738, 744, 750, 759, 783, 839, 890, 893, 900, 948, 978]",1.567516,0.001815
serie_4,563,"[20, 55, 78, 99, 101, 114, 115, 151, 167, 170, 187, 206, 233, 241, 255, 263, 274, 304, 343, 344, 394, 403, 416, 423, 427, 428, 443, 478, 506, 527, 576, 577, 670, 682, 684, 721, 737, 743, 815, 826, 852, 878, 889, 912, 916, 955, 967, 973, 997]",1.565001,0.001827
serie_4,564,"[12, 26, 35, 61, 107, 137, 138, 150, 161, 187, 188, 194, 231, 245, 250, 287, 317, 340, 345, 356, 369, 404, 430, 438, 477, 483, 497, 592, 606, 631, 640, 647, 665, 666, 689, 694, 701, 717, 743, 753, 795, 806, 814, 866, 879, 887, 898, 974, 976]",1.578679,0.001835
serie_4,565,"[20, 22, 55, 78, 95, 129, 135, 181, 193, 207, 228, 234, 249, 264, 276, 282, 297, 306, 348, 389, 454, 465, 476, 495, 535, 537, 556, 599, 641, 651, 657, 677, 680, 712, 714, 736, 749, 779, 802, 825, 874, 875, 890, 911, 928, 932, 950, 964, 987]",1.573648,0.001818
serie_4,566,"[28, 68, 79, 83, 94, 100, 102, 112, 117, 123, 162, 201, 229, 230, 251, 279, 284, 301, 310, 312, 329, 352, 377, 389, 390, 409, 433, 442, 472, 478, 512, 553, 554, 606, 624, 663, 673, 676, 699, 711, 742, 777, 824, 864, 894, 951, 971, 985, 993]",1.561162,0.001822
serie_4,567,"[2, 22, 26, 72, 74, 80, 144, 170, 182, 195, 218, 245, 247, 277, 289, 331, 339, 342, 368, 382, 400, 427, 436, 483, 511, 537, 551, 559, 563, 602, 624, 628, 630, 666, 692, 707, 718, 728, 741, 760, 796, 801, 815, 868, 886, 907, 918, 932, 950]",1.562896,0.001820
serie_4,568,"[13, 16, 47, 50, 78, 93, 127, 161, 170, 172, 181, 206, 210, 261, 279, 288, 289, 328, 348, 366, 369, 412, 415, 432, 444, 467, 492, 571, 593, 595, 614, 653, 704, 752, 790, 816, 837, 849, 879, 885, 901, 913, 928, 946, 961, 966, 977, 982, 988]",1.571487,0.001822
serie_4,569,"[6, 97, 106, 114, 115, 117, 135, 136, 145, 159, 174, 188, 189, 204, 211, 315, 329, 333, 340, 363, 368, 377, 384, 413, 422, 441, 480, 493, 501, 537, 555, 568, 582, 650, 651, 655, 663, 665, 673, 679, 712, 737, 770, 797, 878, 899, 927, 944, 990]",1.566587,0.001795
serie_4,570,"[12, 17, 20, 30, 41, 49, 144, 154, 157, 163, 197, 213, 249, 255, 309, 339, 356, 370, 383, 427, 439, 440, 484, 503, 524, 542, 553, 561, 580, 588, 610, 623, 625, 672, 679, 687, 698, 717, 729, 747, 752, 766, 798, 799, 837, 852, 854, 908, 942]",1.582024,0.001805
serie_4,571,"[18, 39, 41, 60, 97, 122, 128, 141, 145, 180, 189, 235, 273, 291, 312, 323, 341, 348, 383, 404, 406, 415, 420, 432, 468, 474, 504, 510, 567, 583, 633, 634, 642, 676, 725, 740, 744, 757, 790, 800, 807, 837, 846, 909, 931, 936, 939, 970, 973]",1.555568,0.001811
serie_4,572,"[37, 77, 108, 117, 132, 139, 143, 173, 179, 180, 195, 220, 254, 293, 318, 329, 337, 345, 360, 363, 364, 379, 381, 397, 453, 468, 471, 487, 488, 558, 560, 577, 589, 592, 619, 623, 645, 658, 662, 764, 769, 770, 785, 794, 799, 818, 842, 858, 914]",1.584965,0.001813
serie_4,573,"[36, 44, 81, 83, 111, 121, 122, 142, 149, 155, 164, 174, 212, 213, 275, 289, 319, 379, 405, 434, 457, 484, 486, 498, 502, 535, 547, 573, 593, 611, 651, 661, 663, 669, 673, 712, 715, 730, 731, 764, 776, 778, 807, 828, 830, 864, 873, 958, 983]",1.579405,0.001837
serie_4,574,"[7, 13, 19, 108, 115, 191, 214, 216, 227, 230, 248, 263, 273, 289, 307, 350, 387, 420, 470, 475, 481, 487, 488, 508, 511, 512, 513, 529, 543, 573, 577, 598, 625, 654, 697, 703, 711, 715, 726, 743, 798, 816, 854, 861, 896, 920, 948, 960, 991]",1.575729,0.001819
serie_4,575,"[25, 29, 50, 56, 69, 75, 85, 147, 157, 205, 208, 238, 241, 327, 329, 336, 385, 412, 418, 427, 436, 462, 503, 529, 547, 558, 583, 612, 616, 636, 637, 661, 683, 693, 700, 705, 741, 743, 770, 833, 852, 858, 872, 892, 899, 906, 913, 927, 989]",1.589982,0.001812
serie_4,576,"[26, 50, 72, 76, 142, 146, 153, 185, 211, 212, 247, 273, 274, 280, 283, 294, 317, 338, 344, 360, 362, 373, 419, 427, 450, 460, 480, 509, 584, 597, 616, 638, 642, 679, 711, 730, 757, 780, 790, 833, 834, 843, 853, 871, 896, 910, 955, 977, 982]",1.586035,0.001817
serie_4,577,"[16, 19, 29, 33, 39, 41, 52, 112, 118, 133, 136, 154, 185, 232, 239, 291, 302, 314, 360, 376, 423, 436, 439, 515, 523, 575, 579, 584, 609, 623, 625, 644, 664, 667, 676, 700, 721, 763, 794, 817, 865, 874, 895, 904, 912, 918, 931, 933, 981]",1.577703,0.001838
serie_4,578,"[26, 47, 50, 51, 67, 95, 99, 119, 135, 224, 225, 253, 267, 268, 309, 311, 315, 333, 364, 453, 474, 507, 514, 527, 534, 536, 572, 576, 586, 628, 681, 718, 727, 729, 735, 770, 821, 824, 831, 834, 840, 861, 863, 864, 936, 944, 961, 984, 987]",1.552578,0.001841
serie_4,579,"[9, 12, 38, 58, 65, 79, 104, 126, 132, 135, 161, 179, 235, 240, 320, 326, 327, 340, 345, 346, 348, 350, 366, 391, 417, 430, 443, 456, 460, 618, 636, 637, 701, 707, 719, 732, 736, 825, 899, 900, 902, 912, 919, 921, 935, 939, 950, 954, 981]",1.575079,0.001824
serie_4,580,"[17, 22, 53, 85, 97, 137, 154, 191, 198, 212, 231, 240, 241, 308, 323, 336, 348, 355, 360, 388, 405, 434, 447, 453, 457, 466, 469, 479, 513, 554, 581, 615, 653, 664, 745, 756, 766, 787, 789, 796, 806, 810, 815, 890, 909, 942, 955, 957, 985]",1.575864,0.001828
serie_4,581,"[22, 32, 48, 69, 121, 150, 152, 157, 164, 176, 184, 211, 220, 241, 262, 288, 323, 350, 387, 389, 390, 419, 435, 444, 505, 506, 509, 531, 536, 553, 565, 624, 633, 653, 680, 701, 761, 778, 804, 809, 840, 846, 852, 879, 918, 933, 943, 960, 999]",1.578590,0.001825
serie_4,582,"[10, 12, 18, 31, 60, 67, 82, 88, 107, 121, 125, 127, 182, 209, 211, 219, 225, 226, 227, 265, 269, 288, 366, 370, 374, 378, 395, 400, 409, 433, 496, 545, 550, 608, 647, 658, 727, 757, 789, 810, 837, 856, 866, 901, 974, 976, 980, 993, 999]",1.581789,0.001856
serie_4,583,"[4, 44, 111, 165, 196, 240, 321, 356, 413, 426, 435, 442, 463, 469, 488, 493, 505, 510, 518, 522, 523, 543, 550, 567, 571, 614, 646, 664, 679, 682, 683, 704, 705, 737, 740, 768, 779, 780, 798, 811, 821, 838, 855, 899, 900, 901, 917, 928, 929]",1.568100,0.001820
serie_4,584,"[6, 28, 38, 43, 44, 74, 94, 112, 120, 152, 164, 202, 214, 219, 242, 256, 261, 289, 295, 309, 339, 344, 355, 362, 363, 371, 382, 408, 409, 416, 426, 481, 503, 522, 546, 562, 623, 640, 733, 742, 785, 805, 865, 878, 907, 909, 932, 955, 981]",1.580643,0.001817
serie_4,585,"[13, 24, 47, 49, 109, 186, 187, 210, 252, 255, 287, 295, 324, 355, 363, 368, 380, 435, 447, 479, 495, 497, 515, 549, 564, 597, 598, 613, 628, 661, 684, 703, 731, 739, 749, 762, 789, 819, 860, 865, 868, 886, 894, 897, 911, 925, 928, 939, 996]",1.571221,0.001822
serie_4,586,"[6, 10, 42, 52, 65, 71, 88, 97, 128, 163, 166, 168, 174, 201, 225, 250, 273, 292, 315, 355, 366, 382, 434, 446, 461, 468, 472, 519, 550, 562, 605, 624, 658, 694, 697, 739, 779, 784, 785, 788, 815, 822, 852, 857, 861, 884, 914, 944, 991]",1.583619,0.001802
serie_4,587,"[2, 35, 43, 67, 85, 150, 165, 176, 213, 221, 224, 228, 230, 245, 247, 270, 305, 320, 321, 340, 367, 429, 439, 475, 507, 537, 542, 564, 566, 577, 579, 582, 603, 632, 638, 639, 651, 687, 716, 735, 748, 777, 778, 788, 800, 830, 871, 912, 997]",1.568613,0.001829
serie_4,588,"[6, 13, 88, 98, 107, 132, 229, 245, 247, 302, 303, 305, 395, 413, 435, 448, 449, 461, 464, 467, 549, 591, 617, 623, 624, 631, 678, 684, 685, 693, 699, 762, 826, 832, 854, 874, 875, 890, 902, 907, 914, 917, 927, 929, 945, 949, 950, 953, 976]",1.594694,0.001820
serie_4,589,"[29, 56, 57, 82, 129, 204, 221, 226, 233, 282, 288, 309, 381, 398, 400, 419, 429, 450, 484, 555, 566, 567, 573, 590, 604, 628, 635, 637, 722, 732, 736, 750, 751, 756, 776, 824, 858, 860, 886, 888, 904, 906, 912, 916, 949, 952, 963, 979, 995]",1.547784,0.001824
serie_4,590,"[6, 51, 86, 93, 97, 108, 151, 175, 190, 226, 233, 236, 241, 323, 368, 377, 384, 406, 496, 500, 515, 530, 553, 563, 577, 583, 607, 617, 620, 649, 661, 679, 681, 688, 735, 756, 763, 815, 833, 836, 869, 877, 897, 907, 923, 964, 966, 974, 988]",1.570172,0.001820
serie_4,591,"[6, 14, 73, 134, 145, 157, 168, 215, 242, 243, 278, 279, 288, 294, 315, 345, 359, 368, 396, 420, 423, 465, 472, 477, 549, 550, 554, 561, 604, 628, 668, 727, 743, 752, 763, 807, 824, 825, 836, 853, 866, 890, 898, 920, 930, 951, 955, 974, 975]",1.582737,0.001820
serie_4,592,"[8, 35, 42, 53, 56, 105, 130, 147, 172, 209, 210, 222, 255, 303, 321, 340, 372, 378, 403, 426, 444, 468, 471, 480, 488, 521, 579, 583, 597, 623, 643, 676, 697, 748, 756, 774, 784, 834, 836, 845, 861, 894, 905, 908, 922, 941, 952, 966, 970]",1.570292,0.001840
serie_4,593,"[8, 9, 17, 37, 145, 155, 156, 177, 191, 210, 228, 255, 273, 276, 284, 292, 317, 353, 377, 411, 418, 439, 442, 478, 525, 531, 567, 599, 600, 635, 662, 723, 728, 737, 738, 762, 769, 770, 785, 799, 807, 866, 871, 908, 915, 927, 959, 968, 992]",1.580723,0.001784
serie_4,594,"[12, 19, 39, 43, 59, 97, 107, 111, 139, 155, 163, 167, 182, 211, 217, 232, 236, 252, 267, 279, 287, 299, 358, 366, 406, 427, 438, 452, 455, 494, 530, 533, 558, 650, 657, 664, 683, 693, 734, 737, 755, 792, 816, 895, 914, 976, 978, 984, 991]",1.578109,0.001774
serie_4,595,"[46, 77, 90, 109, 135, 139, 160, 180, 213, 226, 256, 293, 303, 334, 337, 351, 354, 356, 358, 367, 371, 399, 409, 461, 463, 472, 506, 509, 529, 532, 540, 551, 576, 614, 627, 668, 694, 698, 736, 740, 742, 798, 816, 819, 825, 850, 886, 974, 992]",1.575357,0.001782
serie_4,596,"[12, 17, 24, 26, 29, 89, 113, 158, 168, 244, 252, 264, 277, 319, 320, 353, 358, 368, 396, 417, 438, 469, 484, 499, 511, 523, 555, 597, 630, 701, 720, 752, 753, 754, 756, 774, 775, 798, 836, 837, 839, 917, 920, 925, 928, 937, 942, 959, 963]",1.580039,0.001763
serie_4,597,"[10, 61, 85, 87, 106, 115, 180, 216, 247, 251, 290, 328, 333, 337, 406, 412, 416, 435, 500, 505, 529, 544, 546, 562, 595, 599, 649, 650, 661, 666, 696, 708, 722, 724, 750, 758, 759, 766, 774, 784, 788, 802, 830, 833, 837, 860, 884, 970, 996]",1.571512,0.001752
serie_4,598,"[13, 19, 28, 61, 64, 95, 101, 105, 113, 125, 150, 155, 162, 173, 178, 229, 241, 244, 289, 290, 346, 354, 388, 390, 392, 418, 433, 449, 481, 511, 519, 555, 564, 572, 652, 686, 696, 719, 794, 812, 826, 829, 833, 838, 912, 919, 961, 982, 989]",1.573003,0.001750
serie_4,599,"[3, 15, 23, 63, 76, 81, 94, 128, 151, 164, 223, 257, 272, 278, 289, 293, 334, 336, 353, 386, 390, 398, 400, 421, 488, 505, 515, 547, 557, 564, 565, 586, 640, 643, 679, 688, 715, 716, 754, 760, 771, 773, 779, 806, 872, 874, 877, 889, 945]",1.569516,0.001771
serie_4,600,"[31, 46, 54, 99, 107, 124, 139, 163, 167, 168, 171, 177, 183, 190, 191, 247, 253, 268, 294, 341, 352, 389, 401, 436, 452, 517, 518, 527, 541, 546, 565, 594, 600, 634, 637, 660, 698, 718, 741, 744, 767, 792, 875, 907, 918, 926, 936, 941, 991]",1.575355,0.001777
serie_4,601,"[26, 47, 62, 75, 77, 82, 112, 131, 158, 170, 174, 187, 198, 227, 299, 300, 310, 330, 369, 416, 425, 457, 458, 478, 497, 501, 507, 519, 521, 526, 558, 568, 573, 594, 597, 602, 622, 623, 631, 642, 647, 652, 699, 724, 785, 787, 875, 880, 898]",1.570018,0.001766
serie_4,602,"[14, 48, 86, 89, 98, 109, 113, 116, 136, 144, 202, 204, 213, 230, 239, 245, 253, 318, 331, 332, 414, 446, 454, 461, 465, 502, 508, 558, 608, 611, 613, 623, 663, 673, 678, 679, 680, 689, 719, 734, 744, 752, 767, 796, 814, 866, 961, 971, 981]",1.569507,0.001762
serie_4,603,"[53, 77, 88, 93, 96, 108, 116, 136, 155, 168, 177, 191, 199, 227, 267, 303, 319, 388, 400, 408, 448, 503, 515, 543, 563, 565, 569, 573, 590, 600, 632, 649, 662, 694, 698, 723, 729, 750, 772, 779, 827, 842, 874, 892, 926, 945, 959, 961, 989]",1.566520,0.001786
serie_4,604,"[1, 14, 26, 47, 64, 68, 111, 142, 173, 290, 338, 365, 395, 397, 444, 447, 460, 536, 540, 561, 587, 591, 593, 621, 629, 631, 651, 677, 690, 699, 700, 750, 785, 791, 792, 825, 845, 849, 850, 860, 861, 890, 911, 924, 956, 963, 981, 990, 997]",1.584917,0.001869
serie_4,605,"[9, 10, 11, 21, 26, 29, 37, 89, 156, 157, 182, 206, 288, 294, 298, 312, 313, 347, 349, 355, 356, 375, 378, 391, 404, 408, 474, 489, 499, 516, 528, 541, 612, 625, 674, 692, 734, 770, 805, 817, 824, 854, 873, 913, 919, 927, 969, 980, 998]",1.577737,0.001822
serie_4,606,"[14, 15, 23, 25, 56, 85, 119, 124, 130, 150, 192, 199, 209, 211, 224, 282, 315, 328, 331, 337, 360, 363, 390, 398, 427, 434, 526, 529, 541, 556, 605, 677, 730, 735, 760, 775, 786, 792, 818, 824, 854, 863, 873, 886, 897, 898, 907, 921, 969]",1.545990,0.001818
serie_4,607,"[26, 46, 59, 85, 129, 181, 187, 190, 210, 220, 230, 231, 233, 265, 287, 303, 342, 452, 466, 467, 485, 491, 495, 509, 519, 521, 569, 574, 576, 579, 693, 694, 708, 722, 743, 786, 791, 807, 808, 825, 830, 843, 863, 873, 908, 920, 923, 931, 961]",1.575170,0.001819
serie_4,608,"[3, 47, 82, 91, 103, 108, 128, 142, 188, 214, 216, 235, 280, 312, 330, 358, 367, 394, 399, 405, 409, 423, 442, 452, 476, 487, 491, 493, 503, 567, 596, 628, 635, 667, 673, 674, 678, 739, 740, 745, 797, 812, 836, 909, 913, 915, 921, 972, 974]",1.540098,0.001803
serie_4,609,"[3, 57, 79, 105, 130, 142, 146, 155, 179, 185, 187, 209, 237, 289, 298, 307, 361, 386, 435, 457, 466, 468, 531, 560, 568, 617, 619, 669, 676, 677, 684, 708, 714, 726, 733, 742, 744, 755, 781, 829, 858, 892, 912, 924, 932, 953, 963, 988, 996]",1.566548,0.001824
serie_4,610,"[5, 63, 91, 110, 116, 121, 138, 157, 170, 179, 204, 223, 282, 285, 289, 325, 332, 357, 362, 373, 382, 392, 408, 428, 431, 434, 438, 439, 444, 473, 484, 519, 520, 539, 555, 607, 612, 646, 686, 761, 764, 767, 807, 830, 840, 866, 939, 945, 974]",1.552385,0.001825
serie_4,611,"[7, 21, 102, 128, 152, 157, 165, 166, 191, 208, 209, 214, 233, 243, 246, 282, 299, 303, 308, 313, 318, 335, 373, 396, 412, 442, 460, 476, 479, 486, 524, 533, 543, 584, 670, 694, 700, 707, 732, 750, 795, 821, 852, 874, 948, 952, 991, 994, 997]",1.566578,0.001807
serie_4,612,"[2, 5, 36, 75, 82, 112, 137, 155, 192, 197, 218, 227, 236, 262, 267, 273, 285, 287, 292, 311, 343, 351, 354, 356, 380, 481, 489, 496, 503, 526, 539, 569, 573, 580, 587, 589, 604, 637, 659, 707, 711, 731, 755, 801, 836, 925, 939, 971, 997]",1.544161,0.001801
serie_4,613,"[49, 60, 65, 85, 115, 143, 144, 205, 206, 227, 228, 232, 272, 279, 291, 317, 321, 332, 344, 358, 367, 385, 388, 484, 489, 493, 553, 578, 587, 588, 589, 639, 643, 679, 683, 703, 706, 712, 760, 763, 789, 822, 827, 842, 857, 890, 912, 954, 991]",1.572219,0.001787
serie_4,614,"[42, 54, 58, 74, 82, 86, 113, 115, 122, 126, 156, 157, 176, 217, 287, 344, 349, 356, 398, 426, 448, 522, 526, 545, 575, 582, 615, 665, 711, 746, 754, 795, 805, 820, 848, 851, 871, 876, 877, 886, 895, 911, 937, 951, 972, 973, 979, 986, 991]",1.566141,0.001770
serie_4,615,"[20, 27, 28, 41, 48, 53, 71, 106, 115, 139, 173, 242, 294, 310, 331, 338, 367, 396, 399, 441, 449, 460, 473, 474, 483, 491, 511, 522, 531, 549, 561, 582, 630, 631, 637, 650, 724, 744, 759, 772, 821, 844, 856, 859, 860, 954, 967, 985, 999]",1.579643,0.001787
serie_4,616,"[18, 29, 54, 98, 115, 116, 158, 180, 212, 213, 220, 242, 258, 268, 270, 281, 310, 339, 376, 389, 407, 410, 446, 455, 459, 483, 497, 592, 619, 622, 630, 645, 672, 697, 735, 757, 770, 777, 780, 828, 851, 867, 880, 881, 897, 922, 965, 977, 997]",1.581878,0.001760
serie_4,617,"[53, 89, 90, 94, 138, 139, 162, 195, 214, 246, 283, 286, 289, 334, 388, 389, 392, 399, 401, 402, 403, 406, 412, 413, 427, 441, 475, 494, 502, 510, 552, 572, 598, 612, 668, 698, 741, 751, 792, 801, 838, 840, 842, 895, 913, 920, 957, 968, 975]",1.568825,0.001774
serie_4,618,"[7, 20, 28, 40, 43, 45, 103, 110, 129, 132, 142, 149, 207, 217, 242, 250, 293, 302, 307, 311, 312, 387, 388, 402, 415, 436, 459, 526, 616, 619, 635, 639, 648, 666, 684, 692, 711, 731, 748, 752, 761, 762, 771, 804, 829, 833, 894, 903, 968]",1.587505,0.001777
serie_4,619,"[22, 48, 83, 98, 111, 126, 129, 133, 165, 199, 202, 215, 223, 226, 244, 278, 312, 319, 346, 357, 366, 396, 414, 430, 464, 479, 481, 507, 542, 550, 605, 618, 630, 665, 682, 685, 690, 691, 751, 759, 784, 786, 798, 820, 823, 866, 949, 958, 972]",1.570818,0.001766
serie_4,620,"[12, 50, 76, 108, 113, 132, 157, 161, 167, 194, 204, 218, 224, 236, 251, 267, 277, 337, 341, 345, 360, 383, 390, 423, 431, 433, 451, 565, 592, 604, 640, 654, 659, 660, 670, 733, 735, 796, 799, 801, 809, 841, 843, 875, 919, 920, 948, 984, 991]",1.577623,0.001790
serie_4,621,"[17, 25, 34, 56, 81, 90, 131, 160, 166, 209, 212, 222, 308, 311, 407, 415, 419, 424, 428, 434, 443, 467, 473, 492, 494, 496, 499, 513, 522, 530, 556, 697, 714, 723, 747, 757, 823, 833, 837, 839, 843, 851, 900, 915, 943, 973, 993, 995, 996]",1.574984,0.001760
serie_4,622,"[2, 12, 14, 38, 126, 147, 159, 205, 237, 258, 263, 268, 278, 296, 351, 374, 380, 383, 391, 392, 419, 434, 436, 455, 461, 469, 484, 486, 515, 516, 517, 584, 652, 659, 684, 686, 692, 733, 741, 758, 795, 815, 845, 893, 924, 928, 963, 989, 992]",1.584860,0.001769
serie_4,623,"[20, 63, 65, 110, 140, 156, 178, 202, 220, 221, 259, 280, 300, 314, 317, 348, 403, 415, 417, 437, 444, 489, 509, 529, 592, 600, 602, 656, 664, 675, 690, 693, 720, 736, 741, 777, 796, 804, 807, 810, 815, 829, 843, 901, 940, 946, 967, 975, 991]",1.576216,0.001763
serie_4,624,"[4, 10, 35, 81, 98, 101, 103, 145, 153, 184, 193, 204, 208, 229, 293, 300, 337, 354, 362, 377, 395, 402, 403, 406, 455, 474, 499, 512, 521, 531, 570, 592, 596, 603, 623, 690, 704, 736, 739, 755, 845, 855, 881, 883, 899, 903, 930, 974, 990]",1.560684,0.001763
serie_4,625,"[65, 80, 82, 134, 139, 146, 162, 163, 260, 265, 266, 278, 285, 319, 340, 359, 372, 390, 442, 472, 473, 499, 508, 511, 516, 552, 555, 594, 614, 622, 624, 652, 670, 682, 684, 778, 791, 794, 812, 819, 870, 872, 885, 908, 929, 936, 955, 974, 986]",1.573852,0.001755
serie_4,626,"[24, 27, 100, 116, 117, 137, 168, 178, 189, 191, 214, 218, 237, 242, 256, 265, 270, 283, 311, 320, 331, 344, 356, 370, 389, 434, 450, 506, 510, 518, 524, 542, 546, 609, 631, 641, 666, 681, 722, 770, 785, 812, 871, 878, 893, 918, 923, 959, 966]",1.544117,0.001768
serie_4,627,"[49, 72, 87, 97, 109, 129, 132, 144, 160, 162, 173, 186, 208, 242, 245, 273, 277, 284, 320, 343, 360, 395, 429, 463, 536, 560, 562, 588, 599, 609, 626, 660, 672, 680, 720, 738, 745, 759, 796, 845, 849, 860, 909, 912, 941, 954, 955, 971, 985]",1.551056,0.001765
serie_4,628,"[30, 33, 56, 78, 97, 98, 195, 292, 295, 312, 359, 364, 393, 400, 418, 448, 455, 466, 484, 518, 529, 539, 559, 569, 597, 621, 629, 656, 662, 682, 700, 715, 719, 730, 734, 760, 766, 768, 782, 789, 842, 843, 852, 924, 937, 953, 963, 980, 988]",1.569817,0.001762
serie_4,629,"[38, 43, 81, 101, 107, 132, 140, 142, 152, 165, 172, 202, 227, 236, 246, 264, 304, 336, 367, 386, 395, 419, 422, 427, 467, 473, 491, 501, 502, 590, 629, 637, 674, 685, 692, 729, 758, 767, 783, 792, 794, 800, 817, 831, 873, 909, 911, 915, 979]",1.563507,0.001766
serie_4,630,"[24, 35, 63, 106, 135, 145, 149, 169, 175, 213, 282, 286, 296, 297, 306, 309, 342, 354, 355, 413, 431, 437, 438, 439, 450, 481, 496, 497, 513, 535, 553, 565, 566, 577, 578, 624, 715, 751, 758, 820, 834, 835, 883, 901, 917, 921, 924, 930, 946]",1.581951,0.001856
serie_4,631,"[19, 27, 66, 82, 87, 117, 130, 183, 186, 194, 200, 214, 223, 226, 237, 239, 286, 318, 319, 321, 353, 359, 369, 380, 387, 389, 424, 428, 434, 468, 482, 543, 571, 605, 609, 632, 642, 652, 677, 686, 733, 752, 763, 793, 794, 812, 853, 949, 994]",1.558040,0.001811
serie_4,632,"[40, 50, 56, 65, 106, 109, 120, 179, 274, 292, 299, 301, 329, 332, 335, 363, 421, 433, 451, 454, 480, 487, 501, 511, 546, 559, 575, 603, 669, 675, 687, 696, 714, 737, 759, 763, 782, 815, 820, 827, 850, 876, 888, 891, 908, 934, 966, 972, 975]",1.570088,0.001806
serie_4,633,"[1, 5, 9, 46, 74, 127, 138, 155, 156, 165, 182, 195, 284, 310, 316, 330, 358, 386, 387, 399, 420, 426, 488, 526, 556, 558, 585, 606, 608, 623, 679, 680, 697, 702, 710, 717, 801, 809, 818, 826, 829, 831, 904, 912, 940, 957, 990, 993, 994]",1.568454,0.001809
serie_4,634,"[43, 49, 56, 68, 74, 84, 108, 114, 117, 148, 160, 165, 175, 183, 188, 196, 209, 224, 276, 291, 294, 296, 314, 323, 371, 410, 435, 457, 461, 494, 526, 531, 566, 569, 651, 700, 701, 773, 826, 835, 837, 847, 871, 882, 905, 935, 938, 976, 977]",1.577048,0.001838
serie_4,635,"[1, 39, 60, 64, 94, 102, 104, 108, 142, 158, 167, 193, 194, 202, 229, 255, 274, 294, 301, 328, 350, 436, 451, 465, 472, 481, 489, 592, 624, 626, 638, 644, 656, 686, 688, 690, 730, 743, 748, 792, 799, 817, 915, 941, 953, 957, 973, 979, 999]",1.550409,0.001795
serie_4,636,"[21, 29, 128, 146, 148, 168, 181, 197, 254, 266, 285, 287, 292, 312, 313, 327, 346, 376, 379, 383, 386, 410, 467, 487, 504, 509, 513, 548, 551, 565, 567, 599, 634, 640, 668, 677, 683, 685, 697, 772, 800, 814, 846, 875, 910, 918, 933, 950, 993]",1.568138,0.001773
serie_4,637,"[2, 17, 20, 41, 47, 48, 61, 69, 132, 186, 232, 260, 273, 306, 314, 316, 340, 341, 347, 391, 405, 406, 415, 416, 422, 462, 476, 501, 504, 509, 521, 544, 547, 573, 611, 619, 623, 640, 658, 663, 690, 704, 731, 827, 839, 854, 862, 885, 958]",1.567415,0.001772
serie_4,638,"[5, 10, 26, 82, 114, 129, 138, 156, 163, 167, 182, 215, 266, 271, 285, 346, 368, 435, 506, 520, 533, 537, 542, 587, 610, 620, 631, 649, 654, 655, 656, 675, 686, 721, 730, 731, 812, 827, 828, 838, 944, 954, 961, 967, 972, 974, 982, 988, 997]",1.567952,0.001764
serie_4,639,"[27, 29, 36, 42, 43, 67, 80, 160, 187, 241, 253, 334, 346, 365, 371, 373, 393, 466, 507, 517, 526, 533, 535, 564, 570, 593, 616, 626, 634, 646, 703, 707, 712, 717, 731, 750, 754, 768, 772, 796, 810, 822, 842, 847, 868, 874, 938, 959, 999]",1.562920,0.001772
serie_4,640,"[10, 20, 41, 45, 47, 66, 86, 134, 178, 197, 242, 251, 267, 279, 283, 285, 310, 389, 448, 473, 482, 489, 499, 507, 515, 544, 574, 603, 606, 611, 639, 651, 668, 683, 700, 706, 708, 746, 754, 776, 785, 801, 829, 845, 884, 897, 910, 963, 972]",1.583193,0.001767
serie_4,641,"[5, 12, 20, 33, 119, 161, 172, 197, 262, 278, 301, 305, 323, 324, 330, 364, 380, 390, 434, 448, 454, 455, 457, 468, 485, 499, 529, 531, 542, 593, 710, 729, 733, 746, 750, 753, 757, 760, 773, 790, 801, 813, 853, 878, 918, 950, 980, 996, 999]",1.557284,0.001775
serie_4,642,"[26, 47, 51, 58, 69, 74, 79, 90, 91, 92, 93, 94, 154, 157, 174, 209, 222, 228, 264, 274, 282, 314, 335, 399, 416, 445, 548, 564, 589, 590, 621, 623, 627, 642, 654, 659, 702, 736, 758, 761, 766, 778, 791, 836, 849, 860, 877, 889, 917]",1.575483,0.001770
serie_4,643,"[3, 5, 41, 55, 72, 83, 95, 112, 117, 123, 125, 147, 152, 181, 191, 234, 262, 381, 382, 412, 422, 439, 496, 515, 532, 553, 573, 579, 590, 604, 608, 620, 629, 641, 652, 708, 739, 791, 805, 833, 834, 844, 888, 932, 948, 950, 982, 987, 999]",1.563848,0.001787
serie_4,644,"[33, 37, 57, 62, 70, 91, 95, 103, 180, 185, 198, 202, 235, 239, 325, 338, 344, 354, 359, 379, 382, 386, 390, 393, 435, 449, 509, 528, 535, 540, 553, 577, 582, 660, 682, 703, 707, 750, 753, 810, 823, 874, 901, 912, 932, 934, 948, 956, 967]",1.567320,0.001859
serie_4,645,"[42, 43, 66, 93, 108, 205, 210, 225, 245, 268, 269, 272, 296, 313, 363, 368, 376, 392, 425, 428, 448, 451, 477, 484, 506, 510, 514, 521, 545, 579, 592, 610, 639, 644, 698, 701, 710, 711, 753, 760, 825, 831, 892, 913, 918, 945, 955, 963, 968]",1.568807,0.001811
serie_4,646,"[8, 22, 66, 67, 72, 93, 102, 112, 156, 191, 225, 237, 299, 307, 309, 313, 322, 338, 347, 382, 385, 386, 420, 468, 493, 529, 541, 572, 601, 605, 661, 673, 681, 682, 746, 749, 751, 759, 796, 797, 805, 814, 832, 851, 922, 939, 953, 957, 969]",1.565209,0.001834
serie_4,647,"[2, 36, 73, 96, 100, 105, 132, 136, 154, 176, 207, 238, 241, 270, 275, 285, 310, 314, 368, 369, 377, 401, 403, 411, 428, 443, 461, 472, 474, 480, 513, 573, 574, 577, 608, 609, 618, 651, 703, 724, 737, 782, 795, 823, 874, 880, 889, 891, 954]",1.573052,0.001824
serie_4,648,"[29, 37, 40, 41, 69, 77, 85, 103, 109, 112, 121, 228, 231, 267, 278, 281, 294, 299, 310, 331, 392, 399, 424, 429, 433, 439, 481, 503, 506, 545, 551, 559, 590, 638, 655, 684, 689, 701, 714, 724, 755, 763, 764, 809, 851, 855, 875, 878, 958]",1.571273,0.001846
serie_4,649,"[30, 129, 142, 144, 161, 178, 188, 200, 221, 225, 246, 250, 254, 257, 263, 281, 284, 285, 305, 315, 327, 347, 359, 440, 446, 464, 515, 547, 552, 560, 627, 653, 697, 719, 747, 776, 783, 827, 830, 841, 860, 881, 893, 896, 905, 908, 917, 937, 967]",1.569006,0.001806
serie_4,650,"[19, 36, 59, 85, 98, 104, 108, 116, 127, 130, 144, 206, 221, 228, 247, 254, 262, 283, 285, 371, 400, 409, 473, 510, 582, 583, 584, 609, 617, 631, 661, 669, 670, 671, 687, 696, 735, 782, 785, 806, 828, 863, 877, 894, 933, 955, 961, 995, 998]",1.573483,0.001819
serie_4,651,"[43, 49, 107, 143, 158, 167, 178, 220, 222, 232, 277, 281, 327, 370, 386, 389, 433, 494, 509, 550, 566, 568, 584, 592, 619, 631, 632, 652, 670, 675, 676, 703, 704, 721, 788, 825, 831, 845, 854, 862, 876, 877, 918, 929, 951, 961, 962, 968, 975]",1.562288,0.001812
serie_4,652,"[4, 16, 49, 67, 106, 135, 152, 162, 197, 226, 257, 264, 307, 389, 409, 455, 461, 462, 475, 484, 486, 501, 502, 514, 521, 525, 531, 552, 580, 582, 588, 629, 631, 640, 723, 725, 751, 752, 770, 787, 799, 800, 828, 830, 840, 898, 939, 963, 997]",1.563960,0.001822
serie_4,653,"[11, 49, 75, 101, 139, 159, 163, 168, 196, 208, 214, 226, 232, 242, 257, 258, 312, 403, 438, 444, 478, 497, 520, 561, 621, 638, 645, 646, 663, 668, 679, 727, 731, 747, 751, 778, 786, 790, 826, 828, 843, 864, 875, 880, 892, 917, 930, 942, 945]",1.567009,0.001824
serie_4,654,"[5, 43, 47, 63, 73, 140, 201, 206, 209, 242, 262, 264, 297, 305, 326, 358, 369, 381, 452, 466, 494, 503, 547, 560, 618, 628, 630, 642, 652, 655, 656, 658, 680, 721, 739, 759, 783, 812, 826, 864, 866, 885, 890, 908, 914, 928, 931, 944, 998]",1.551134,0.001840
serie_4,655,"[1, 51, 69, 71, 87, 101, 153, 198, 202, 224, 230, 254, 264, 268, 283, 302, 323, 344, 369, 371, 387, 399, 418, 439, 452, 453, 464, 489, 523, 540, 564, 586, 595, 628, 657, 669, 695, 733, 745, 757, 816, 823, 875, 899, 913, 947, 957, 978, 980]",1.556462,0.001846
serie_4,656,"[14, 35, 38, 42, 50, 62, 86, 101, 103, 151, 159, 221, 238, 246, 255, 293, 298, 317, 319, 322, 329, 337, 340, 408, 420, 434, 438, 591, 610, 633, 637, 645, 656, 691, 702, 741, 770, 773, 786, 788, 804, 806, 834, 849, 851, 852, 944, 964, 975]",1.564575,0.001828
serie_4,657,"[6, 14, 23, 27, 49, 80, 85, 102, 103, 154, 159, 193, 252, 277, 294, 355, 366, 418, 433, 449, 455, 477, 528, 529, 530, 598, 605, 626, 674, 677, 686, 687, 688, 695, 717, 718, 722, 729, 738, 770, 792, 808, 819, 883, 919, 956, 959, 991, 996]",1.568133,0.001815
serie_4,658,"[2, 42, 47, 62, 85, 89, 121, 132, 193, 248, 266, 284, 302, 341, 349, 353, 375, 433, 439, 473, 481, 562, 622, 639, 663, 671, 724, 733, 759, 766, 772, 805, 814, 816, 823, 854, 855, 858, 862, 875, 877, 881, 886, 892, 911, 947, 977, 982, 989]",1.573358,0.001814
serie_4,659,"[9, 17, 20, 71, 95, 104, 115, 182, 191, 196, 209, 213, 249, 267, 286, 288, 297, 325, 336, 375, 386, 392, 408, 433, 435, 479, 488, 500, 532, 540, 554, 592, 600, 606, 612, 621, 649, 660, 736, 768, 784, 786, 794, 841, 875, 882, 910, 937, 985]",1.570082,0.001760
serie_4,660,"[44, 58, 61, 65, 70, 102, 116, 119, 159, 171, 184, 185, 218, 221, 233, 307, 332, 333, 397, 409, 498, 520, 523, 535, 569, 614, 618, 640, 656, 683, 684, 709, 713, 728, 729, 734, 795, 812, 814, 820, 856, 866, 892, 898, 955, 965, 973, 990, 999]",1.558018,0.001760
serie_4,661,"[13, 15, 42, 61, 62, 66, 78, 89, 107, 126, 175, 180, 199, 208, 222, 226, 264, 269, 271, 299, 314, 318, 322, 334, 363, 387, 394, 395, 407, 453, 460, 539, 541, 565, 580, 594, 672, 676, 732, 757, 770, 800, 815, 853, 875, 888, 891, 954, 957]",1.558554,0.001765
serie_4,662,"[52, 75, 78, 108, 123, 127, 136, 140, 147, 152, 280, 299, 301, 329, 372, 390, 396, 407, 415, 434, 439, 487, 500, 517, 523, 578, 586, 598, 617, 631, 652, 659, 666, 667, 671, 696, 712, 717, 734, 770, 783, 804, 807, 808, 850, 863, 883, 924, 987]",1.566408,0.001765
serie_4,663,"[12, 81, 121, 143, 170, 221, 223, 226, 231, 258, 297, 325, 347, 353, 371, 405, 414, 456, 460, 468, 470, 491, 496, 497, 522, 535, 543, 547, 552, 560, 588, 593, 648, 734, 736, 741, 840, 853, 859, 913, 937, 938, 956, 962, 976, 983, 985, 992, 993]",1.556859,0.001749
serie_4,664,"[37, 55, 57, 69, 72, 79, 88, 90, 141, 146, 187, 226, 288, 354, 362, 365, 369, 378, 399, 408, 437, 448, 469, 480, 519, 521, 569, 576, 595, 636, 652, 659, 667, 696, 701, 721, 761, 795, 798, 801, 830, 839, 871, 894, 922, 940, 947, 953, 966]",1.558953,0.001872
serie_4,665,"[44, 55, 86, 93, 107, 108, 161, 172, 177, 185, 210, 246, 271, 281, 289, 295, 322, 362, 412, 417, 430, 440, 464, 469, 473, 493, 523, 533, 555, 595, 622, 647, 655, 734, 747, 779, 794, 813, 816, 826, 847, 862, 865, 866, 913, 918, 921, 949, 993]",1.576259,0.001829
serie_4,666,"[22, 31, 33, 61, 154, 157, 173, 238, 243, 267, 284, 300, 305, 319, 323, 327, 328, 387, 450, 487, 518, 536, 571, 588, 591, 618, 633, 670, 675, 677, 684, 691, 695, 711, 759, 775, 803, 843, 846, 853, 862, 864, 869, 922, 928, 955, 961, 966, 974]",1.569713,0.001805
serie_4,667,"[43, 76, 83, 123, 129, 139, 145, 175, 191, 229, 259, 272, 332, 337, 376, 390, 402, 417, 421, 436, 448, 461, 473, 475, 547, 551, 622, 638, 641, 644, 653, 657, 669, 682, 686, 724, 730, 737, 741, 788, 803, 816, 828, 830, 834, 865, 930, 973, 976]",1.585692,0.001820
serie_4,668,"[3, 6, 21, 25, 34, 49, 82, 111, 133, 176, 189, 201, 262, 264, 270, 287, 292, 316, 328, 332, 358, 366, 429, 461, 477, 492, 518, 526, 546, 565, 572, 630, 642, 668, 677, 742, 787, 833, 838, 853, 862, 868, 874, 891, 930, 932, 981, 987, 991]",1.550062,0.001806
serie_4,669,"[13, 79, 124, 167, 168, 169, 176, 230, 235, 274, 281, 295, 301, 329, 351, 367, 374, 378, 398, 411, 419, 447, 462, 481, 503, 507, 520, 531, 545, 549, 568, 641, 666, 720, 729, 759, 763, 779, 805, 808, 817, 860, 867, 915, 918, 929, 930, 950, 995]",1.548637,0.001830
serie_4,670,"[20, 40, 54, 59, 160, 164, 234, 251, 260, 267, 274, 278, 350, 379, 382, 390, 398, 411, 440, 464, 468, 493, 509, 512, 534, 536, 545, 546, 563, 566, 579, 601, 609, 662, 678, 694, 708, 745, 748, 828, 829, 843, 845, 864, 894, 922, 956, 969, 996]",1.563585,0.001817
serie_4,671,"[3, 33, 43, 84, 105, 110, 128, 143, 159, 183, 189, 192, 223, 232, 247, 252, 267, 276, 278, 280, 288, 303, 332, 352, 366, 368, 375, 397, 449, 468, 503, 540, 556, 558, 585, 725, 771, 783, 803, 843, 847, 857, 885, 891, 904, 914, 967, 974, 995]",1.579542,0.001830
serie_4,672,"[47, 51, 59, 63, 84, 85, 93, 135, 178, 204, 211, 218, 230, 235, 293, 297, 308, 310, 311, 315, 369, 376, 387, 397, 470, 476, 480, 533, 538, 568, 589, 597, 689, 691, 735, 736, 750, 773, 785, 792, 821, 824, 854, 861, 900, 916, 958, 994, 995]",1.581779,0.001819
serie_4,673,"[33, 48, 118, 121, 155, 190, 205, 210, 231, 235, 277, 329, 379, 380, 391, 396, 442, 465, 495, 521, 527, 566, 577, 596, 598, 606, 632, 657, 665, 709, 732, 740, 757, 759, 779, 818, 828, 834, 851, 865, 893, 895, 899, 915, 935, 937, 940, 977, 994]",1.556904,0.001826
serie_4,674,"[15, 49, 69, 109, 122, 126, 153, 164, 172, 178, 214, 215, 227, 228, 264, 273, 303, 307, 308, 316, 324, 333, 360, 363, 389, 402, 477, 480, 483, 504, 540, 570, 586, 642, 655, 684, 697, 738, 783, 834, 841, 859, 866, 872, 899, 945, 963, 992, 997]",1.553856,0.001778
serie_4,675,"[2, 28, 36, 70, 113, 134, 135, 142, 189, 194, 219, 224, 237, 241, 286, 297, 330, 373, 377, 396, 404, 407, 434, 494, 500, 511, 512, 526, 535, 536, 608, 613, 614, 629, 646, 707, 734, 763, 781, 789, 831, 844, 864, 868, 888, 942, 946, 954, 957]",1.570766,0.001757
serie_4,676,"[47, 64, 117, 126, 145, 148, 164, 165, 174, 205, 214, 224, 293, 330, 334, 344, 426, 480, 500, 507, 511, 596, 615, 635, 663, 664, 726, 732, 760, 765, 780, 796, 797, 807, 817, 824, 839, 844, 848, 877, 890, 896, 925, 936, 952, 954, 960, 988, 998]",1.562853,0.001761
serie_4,677,"[2, 27, 75, 88, 117, 120, 127, 133, 147, 166, 174, 179, 208, 221, 231, 306, 320, 332, 356, 390, 396, 442, 456, 464, 473, 478, 483, 502, 529, 533, 540, 592, 599, 626, 670, 702, 714, 734, 741, 756, 764, 786, 789, 841, 852, 857, 902, 929, 957]",1.562726,0.001769
serie_4,678,"[4, 21, 24, 32, 39, 45, 48, 58, 60, 126, 144, 179, 185, 241, 250, 270, 338, 375, 385, 409, 461, 483, 540, 542, 559, 566, 575, 587, 636, 638, 648, 651, 675, 711, 730, 770, 776, 793, 803, 837, 844, 860, 873, 890, 918, 923, 983, 988, 990]",1.578116,0.001766
serie_4,679,"[37, 43, 45, 51, 58, 74, 86, 106, 183, 246, 256, 278, 301, 304, 312, 323, 354, 363, 382, 398, 411, 412, 424, 428, 438, 533, 545, 554, 555, 640, 691, 701, 748, 751, 767, 804, 814, 819, 833, 837, 845, 883, 895, 914, 923, 934, 981, 991, 998]",1.575138,0.001808
serie_4,680,"[55, 73, 93, 99, 106, 113, 141, 150, 170, 173, 176, 188, 228, 247, 269, 318, 332, 333, 344, 356, 360, 395, 404, 510, 526, 529, 548, 569, 591, 619, 628, 644, 669, 671, 710, 717, 750, 783, 811, 831, 842, 850, 859, 895, 919, 926, 945, 960, 980]",1.578382,0.001856
serie_4,681,"[3, 30, 67, 97, 147, 175, 187, 217, 222, 239, 250, 273, 286, 343, 408, 410, 438, 439, 480, 487, 493, 507, 512, 556, 561, 563, 577, 617, 647, 669, 687, 699, 703, 722, 723, 733, 748, 751, 762, 777, 814, 850, 857, 860, 878, 921, 922, 970, 977]",1.571629,0.001799
serie_4,682,"[3, 48, 72, 112, 123, 133, 134, 144, 155, 168, 169, 206, 220, 253, 267, 277, 289, 322, 337, 339, 374, 377, 382, 390, 398, 423, 452, 458, 459, 478, 574, 586, 602, 630, 631, 640, 664, 724, 733, 815, 833, 869, 873, 877, 913, 916, 930, 939, 992]",1.578192,0.001826
serie_4,683,"[3, 19, 61, 85, 94, 132, 139, 145, 155, 161, 175, 179, 193, 194, 208, 217, 249, 267, 294, 306, 315, 368, 372, 393, 399, 416, 444, 466, 474, 507, 509, 520, 523, 536, 542, 545, 552, 623, 636, 684, 706, 766, 790, 792, 832, 857, 872, 933, 973]",1.561100,0.001824
serie_4,684,"[23, 24, 36, 50, 57, 83, 100, 107, 129, 159, 163, 173, 181, 192, 204, 224, 240, 280, 305, 310, 316, 380, 400, 434, 445, 450, 451, 467, 482, 523, 578, 593, 609, 612, 618, 653, 662, 711, 723, 735, 771, 813, 822, 824, 825, 941, 957, 983, 989]",1.549880,0.001804
serie_4,685,"[27, 40, 45, 48, 49, 117, 142, 153, 161, 166, 182, 224, 242, 268, 274, 317, 321, 334, 354, 367, 381, 382, 414, 421, 488, 504, 506, 518, 531, 575, 582, 593, 607, 608, 630, 684, 685, 700, 718, 720, 726, 731, 733, 753, 833, 834, 891, 918, 944]",1.546452,0.001834
serie_4,686,"[22, 42, 45, 91, 104, 192, 240, 244, 247, 268, 323, 338, 349, 369, 384, 399, 411, 415, 423, 434, 441, 443, 522, 534, 575, 592, 599, 600, 619, 636, 644, 651, 664, 698, 732, 734, 760, 773, 775, 799, 827, 840, 846, 848, 888, 910, 934, 935, 972]",1.561591,0.001804
serie_4,687,"[13, 22, 42, 51, 52, 124, 167, 209, 225, 246, 255, 309, 316, 339, 349, 404, 407, 409, 450, 464, 484, 497, 498, 507, 521, 531, 542, 549, 560, 564, 572, 584, 594, 617, 644, 649, 687, 699, 712, 738, 771, 789, 798, 801, 809, 811, 874, 915, 960]",1.559499,0.001768
serie_4,688,"[31, 39, 48, 49, 66, 122, 136, 163, 174, 175, 186, 187, 203, 267, 284, 420, 424, 467, 479, 490, 497, 500, 503, 508, 529, 557, 587, 601, 672, 686, 690, 694, 703, 713, 716, 775, 788, 794, 817, 819, 883, 887, 910, 950, 954, 973, 980, 994, 996]",1.588339,0.001770
serie_4,689,"[32, 79, 90, 196, 248, 286, 315, 320, 327, 366, 375, 379, 387, 412, 441, 442, 473, 498, 499, 520, 533, 604, 613, 620, 634, 639, 653, 661, 664, 696, 700, 722, 723, 728, 729, 734, 736, 743, 745, 774, 797, 801, 834, 836, 855, 878, 959, 970, 979]",1.532609,0.001779
serie_4,690,"[28, 31, 51, 96, 118, 126, 148, 155, 157, 203, 206, 227, 233, 243, 249, 251, 255, 311, 317, 361, 405, 430, 440, 470, 500, 509, 536, 549, 559, 590, 595, 600, 626, 639, 650, 670, 769, 780, 789, 834, 836, 857, 861, 886, 910, 919, 932, 957, 972]",1.592022,0.001860
serie_4,691,"[11, 16, 28, 50, 63, 107, 137, 157, 186, 208, 231, 237, 248, 285, 290, 295, 310, 368, 419, 440, 443, 468, 504, 509, 515, 520, 540, 559, 565, 576, 587, 589, 605, 620, 630, 636, 652, 660, 688, 707, 759, 818, 827, 864, 932, 935, 951, 965, 984]",1.577761,0.001812
serie_4,692,"[26, 35, 61, 101, 109, 116, 134, 146, 154, 175, 184, 195, 201, 205, 231, 291, 321, 322, 332, 341, 345, 352, 439, 452, 478, 572, 594, 599, 615, 630, 631, 645, 655, 657, 665, 693, 714, 721, 764, 818, 832, 857, 868, 948, 956, 969, 972, 983, 988]",1.571423,0.001825
serie_4,693,"[6, 13, 49, 53, 64, 104, 125, 128, 141, 217, 225, 293, 297, 333, 336, 354, 433, 434, 446, 458, 486, 491, 492, 558, 578, 595, 599, 634, 636, 672, 702, 737, 746, 748, 753, 795, 858, 861, 887, 894, 921, 950, 958, 960, 961, 980, 988, 996, 998]",1.571908,0.001829
serie_4,694,"[6, 55, 61, 73, 79, 95, 133, 153, 200, 215, 244, 254, 310, 321, 415, 468, 483, 502, 518, 523, 526, 577, 580, 599, 603, 617, 620, 626, 646, 648, 660, 675, 699, 756, 785, 787, 798, 836, 837, 842, 860, 862, 898, 905, 957, 964, 991, 992, 998]",1.569549,0.001777
serie_4,695,"[52, 84, 104, 107, 134, 138, 211, 212, 215, 242, 246, 247, 273, 293, 299, 317, 329, 335, 447, 457, 542, 558, 570, 586, 591, 592, 594, 596, 617, 620, 631, 655, 696, 715, 742, 743, 750, 763, 791, 799, 825, 838, 851, 854, 929, 954, 957, 975, 995]",1.562565,0.001769
serie_4,696,"[2, 17, 65, 106, 144, 150, 188, 227, 250, 259, 264, 272, 319, 328, 361, 365, 377, 397, 427, 428, 462, 522, 570, 582, 608, 627, 634, 650, 700, 704, 708, 728, 734, 739, 753, 755, 770, 818, 838, 845, 856, 858, 882, 887, 889, 909, 915, 957, 971]",1.568047,0.001766
serie_4,697,"[10, 41, 46, 61, 77, 157, 164, 175, 186, 187, 196, 203, 228, 236, 248, 266, 278, 279, 285, 288, 297, 300, 312, 333, 357, 359, 403, 429, 433, 459, 476, 494, 500, 566, 612, 637, 658, 672, 676, 699, 703, 715, 725, 745, 777, 778, 789, 976, 985]",1.575149,0.001773
serie_4,698,"[31, 43, 72, 75, 83, 91, 103, 132, 197, 204, 214, 235, 245, 248, 286, 288, 308, 330, 421, 423, 481, 491, 500, 518, 587, 627, 633, 640, 643, 644, 652, 677, 699, 706, 716, 736, 749, 761, 782, 794, 802, 806, 812, 813, 835, 889, 910, 931, 984]",1.582188,0.001768
serie_4,699,"[6, 80, 99, 118, 127, 128, 134, 182, 183, 186, 214, 230, 237, 261, 266, 317, 329, 333, 353, 391, 409, 426, 500, 512, 551, 556, 563, 579, 590, 602, 637, 640, 641, 649, 657, 661, 677, 692, 760, 773, 788, 797, 803, 805, 855, 859, 878, 881, 926]",1.574811,0.001865
serie_4,700,"[28, 41, 62, 72, 90, 96, 137, 153, 159, 188, 210, 216, 241, 249, 309, 353, 395, 414, 438, 487, 535, 551, 554, 568, 578, 596, 632, 651, 662, 664, 665, 690, 693, 694, 739, 774, 800, 803, 808, 813, 826, 831, 853, 879, 882, 893, 895, 905, 921]",1.594911,0.001816
serie_4,701,"[100, 102, 120, 130, 184, 216, 228, 304, 382, 385, 396, 419, 443, 454, 486, 515, 520, 524, 527, 529, 565, 576, 587, 611, 613, 651, 693, 702, 715, 723, 727, 729, 733, 739, 769, 777, 800, 809, 818, 825, 839, 855, 860, 866, 898, 912, 917, 938, 964]",1.553688,0.001818
serie_4,702,"[13, 58, 115, 119, 127, 177, 189, 191, 194, 228, 229, 241, 242, 247, 248, 254, 275, 284, 333, 344, 361, 367, 441, 489, 504, 521, 545, 587, 599, 609, 632, 642, 670, 731, 733, 737, 756, 797, 820, 837, 842, 851, 884, 895, 927, 936, 978, 985, 988]",1.557348,0.001818
serie_4,703,"[17, 31, 39, 47, 117, 122, 123, 162, 176, 200, 202, 210, 217, 229, 232, 239, 243, 270, 273, 274, 280, 304, 337, 356, 371, 392, 398, 432, 450, 463, 494, 515, 551, 561, 605, 635, 639, 642, 663, 714, 722, 765, 780, 807, 815, 818, 876, 945, 959]",1.573640,0.001826
serie_4,704,"[48, 67, 77, 102, 117, 119, 127, 175, 212, 241, 262, 296, 307, 342, 344, 346, 392, 397, 409, 422, 428, 432, 478, 493, 500, 509, 516, 558, 573, 649, 650, 652, 659, 693, 727, 731, 739, 810, 811, 827, 863, 916, 932, 959, 965, 967, 973, 974, 983]",1.567727,0.001784
serie_4,705,"[9, 27, 34, 42, 72, 79, 90, 123, 137, 146, 151, 152, 222, 236, 268, 269, 272, 275, 294, 345, 359, 443, 450, 452, 458, 495, 518, 529, 543, 564, 582, 583, 621, 651, 652, 658, 672, 715, 825, 826, 838, 847, 869, 881, 905, 907, 951, 986, 999]",1.577540,0.001813
serie_4,706,"[6, 29, 43, 46, 59, 71, 104, 163, 165, 204, 245, 246, 283, 291, 313, 324, 348, 349, 351, 364, 394, 397, 424, 439, 463, 466, 487, 515, 531, 570, 588, 613, 622, 661, 662, 688, 743, 776, 815, 823, 826, 837, 847, 865, 894, 919, 931, 975, 996]",1.583818,0.001792
serie_4,707,"[12, 25, 51, 58, 59, 133, 149, 160, 183, 197, 207, 260, 267, 301, 319, 324, 334, 336, 367, 392, 408, 440, 479, 493, 506, 517, 549, 587, 592, 603, 606, 610, 615, 659, 689, 716, 726, 733, 748, 758, 827, 867, 885, 910, 935, 943, 948, 959, 988]",1.572512,0.001778
serie_4,708,"[11, 20, 35, 40, 55, 85, 96, 98, 103, 163, 164, 165, 175, 205, 249, 262, 263, 272, 297, 317, 343, 361, 453, 479, 483, 499, 547, 553, 554, 593, 596, 676, 690, 698, 700, 718, 738, 749, 756, 761, 798, 881, 916, 923, 930, 939, 958, 970, 992]",1.582389,0.001768
serie_4,709,"[5, 7, 49, 76, 87, 92, 132, 146, 150, 152, 162, 184, 185, 201, 226, 245, 259, 261, 271, 310, 330, 357, 380, 417, 432, 445, 457, 468, 472, 496, 505, 511, 527, 555, 563, 582, 584, 655, 682, 709, 733, 781, 870, 938, 969, 977, 982, 989, 999]",1.569580,0.001779
serie_4,710,"[29, 34, 50, 62, 120, 123, 130, 150, 215, 247, 285, 299, 300, 311, 326, 335, 380, 391, 400, 431, 484, 522, 545, 573, 587, 590, 605, 606, 608, 611, 673, 689, 699, 734, 743, 761, 783, 798, 832, 846, 854, 857, 865, 878, 899, 904, 984, 989, 991]",1.543087,0.001766
serie_4,711,"[9, 15, 20, 33, 43, 47, 115, 123, 136, 144, 153, 190, 192, 216, 226, 237, 259, 297, 346, 354, 360, 395, 415, 417, 419, 436, 479, 480, 487, 526, 538, 558, 565, 606, 610, 616, 625, 645, 668, 669, 685, 691, 703, 776, 811, 813, 854, 873, 938]",1.597249,0.001777
serie_4,712,"[7, 15, 71, 87, 113, 122, 143, 147, 164, 177, 178, 197, 250, 251, 253, 254, 307, 322, 325, 330, 338, 347, 367, 384, 422, 441, 472, 508, 510, 518, 524, 534, 608, 629, 643, 659, 808, 814, 818, 824, 842, 855, 869, 900, 906, 933, 936, 963, 994]",1.560254,0.001863
serie_4,713,"[14, 17, 37, 54, 55, 93, 108, 126, 134, 138, 165, 168, 192, 271, 286, 314, 351, 357, 377, 400, 410, 428, 450, 487, 509, 525, 537, 591, 605, 612, 619, 621, 641, 685, 687, 699, 707, 710, 722, 766, 777, 778, 828, 870, 901, 935, 947, 949, 981]",1.576398,0.001829
serie_4,714,"[11, 102, 120, 161, 170, 177, 190, 213, 261, 262, 264, 319, 327, 365, 383, 385, 407, 410, 462, 489, 491, 521, 529, 535, 539, 595, 603, 693, 715, 733, 740, 754, 766, 773, 776, 786, 792, 798, 805, 818, 831, 876, 896, 909, 918, 923, 931, 981, 991]",1.561843,0.001822
serie_4,715,"[13, 39, 53, 80, 91, 107, 111, 118, 140, 143, 171, 172, 211, 216, 225, 245, 246, 253, 265, 271, 326, 329, 332, 353, 360, 399, 407, 421, 452, 467, 485, 489, 513, 642, 647, 755, 756, 759, 789, 804, 821, 829, 836, 846, 875, 925, 928, 930, 977]",1.580372,0.001814
serie_4,716,"[3, 42, 63, 69, 71, 97, 101, 147, 150, 153, 175, 227, 239, 241, 246, 285, 326, 338, 357, 370, 372, 381, 384, 385, 404, 444, 517, 539, 560, 568, 613, 653, 664, 666, 673, 676, 690, 693, 694, 711, 768, 775, 809, 832, 837, 846, 933, 975, 977]",1.556663,0.001827
serie_4,717,"[8, 16, 25, 59, 93, 108, 118, 119, 142, 146, 161, 163, 170, 192, 207, 214, 223, 241, 259, 328, 384, 391, 476, 483, 489, 501, 508, 514, 523, 615, 625, 643, 673, 687, 699, 717, 758, 760, 774, 796, 854, 902, 911, 926, 935, 949, 950, 983, 984]",1.562701,0.001793
serie_4,718,"[61, 63, 114, 120, 133, 134, 227, 232, 235, 239, 247, 249, 265, 282, 305, 323, 365, 373, 375, 451, 510, 542, 561, 567, 585, 602, 623, 624, 632, 638, 649, 679, 682, 688, 710, 717, 739, 814, 816, 834, 858, 860, 897, 909, 919, 928, 950, 954, 973]",1.583319,0.001749
serie_4,719,"[10, 50, 113, 123, 144, 184, 190, 197, 202, 214, 221, 222, 224, 256, 260, 273, 302, 318, 324, 343, 347, 371, 391, 427, 455, 477, 514, 518, 543, 547, 563, 585, 632, 636, 721, 728, 737, 753, 755, 761, 790, 844, 879, 885, 913, 977, 981, 992, 993]",1.578077,0.001772
serie_4,720,"[18, 38, 59, 97, 117, 122, 131, 145, 177, 179, 196, 198, 211, 218, 219, 228, 241, 283, 310, 323, 332, 334, 347, 388, 398, 410, 415, 416, 429, 434, 470, 483, 505, 513, 521, 555, 563, 631, 723, 727, 755, 810, 813, 888, 898, 900, 919, 981, 999]",1.559255,0.001772
serie_4,721,"[20, 32, 33, 67, 88, 92, 102, 116, 146, 154, 166, 179, 182, 222, 244, 265, 269, 276, 281, 328, 358, 366, 368, 373, 377, 378, 396, 441, 444, 502, 522, 525, 539, 543, 565, 576, 595, 612, 630, 689, 737, 746, 768, 787, 835, 846, 863, 979, 990]",1.571318,0.001768
serie_4,722,"[20, 39, 47, 98, 135, 154, 175, 178, 181, 199, 243, 311, 385, 408, 412, 416, 438, 479, 482, 512, 524, 526, 527, 580, 588, 590, 626, 627, 633, 680, 694, 719, 737, 774, 784, 794, 813, 820, 849, 854, 865, 874, 882, 888, 893, 900, 912, 967, 986]",1.582647,0.001768
serie_4,723,"[23, 27, 36, 38, 39, 58, 81, 126, 163, 205, 227, 230, 246, 284, 301, 322, 330, 343, 381, 397, 411, 412, 417, 437, 445, 455, 469, 487, 500, 507, 608, 626, 663, 702, 706, 722, 733, 742, 806, 815, 819, 822, 874, 876, 883, 905, 964, 974, 997]",1.566467,0.001767
serie_4,724,"[3, 32, 61, 84, 90, 102, 128, 134, 147, 148, 205, 248, 308, 312, 317, 322, 335, 346, 349, 392, 437, 440, 445, 492, 494, 544, 559, 616, 628, 644, 685, 688, 691, 703, 738, 747, 749, 813, 814, 820, 828, 846, 865, 870, 896, 898, 914, 931, 971]",1.579282,0.001850
serie_4,725,"[21, 29, 34, 51, 57, 63, 84, 110, 111, 112, 147, 163, 166, 183, 199, 213, 244, 311, 333, 352, 353, 363, 379, 385, 400, 423, 440, 447, 473, 510, 549, 557, 567, 586, 596, 629, 674, 692, 733, 748, 784, 809, 812, 824, 875, 898, 924, 967, 984]",1.582034,0.001829
serie_4,726,"[12, 41, 71, 113, 137, 162, 183, 186, 190, 209, 217, 245, 274, 281, 290, 304, 330, 331, 369, 371, 373, 376, 394, 401, 405, 435, 456, 458, 484, 508, 511, 579, 639, 668, 685, 693, 769, 816, 831, 854, 878, 884, 906, 907, 943, 957, 963, 988, 990]",1.578234,0.001836
serie_4,727,"[27, 39, 88, 92, 119, 145, 218, 237, 246, 259, 284, 309, 314, 324, 340, 382, 401, 413, 424, 462, 491, 492, 493, 527, 528, 596, 615, 620, 655, 694, 708, 739, 764, 786, 800, 809, 811, 822, 829, 832, 855, 909, 910, 941, 944, 945, 946, 956, 995]",1.563373,0.001815
serie_4,728,"[37, 42, 54, 58, 72, 84, 100, 113, 145, 176, 203, 258, 270, 320, 329, 330, 345, 386, 411, 436, 437, 472, 474, 490, 551, 602, 640, 682, 692, 697, 719, 737, 758, 769, 780, 804, 815, 820, 874, 875, 895, 922, 933, 934, 956, 957, 989, 995, 996]",1.570734,0.001785
serie_4,729,"[5, 66, 93, 135, 136, 211, 219, 236, 240, 274, 288, 321, 368, 377, 383, 398, 424, 503, 510, 519, 520, 533, 551, 593, 605, 606, 611, 617, 628, 631, 677, 719, 740, 743, 768, 776, 790, 794, 806, 810, 815, 827, 853, 872, 877, 904, 941, 946, 964]",1.556322,0.001759
serie_4,730,"[6, 7, 13, 43, 45, 50, 62, 90, 96, 120, 134, 136, 152, 170, 173, 179, 212, 249, 272, 288, 300, 334, 342, 347, 349, 361, 370, 376, 404, 414, 421, 438, 466, 475, 514, 527, 581, 604, 625, 715, 728, 729, 735, 799, 823, 832, 937, 945, 972]",1.578887,0.001776
serie_4,731,"[1, 33, 47, 56, 79, 182, 183, 184, 204, 227, 270, 274, 289, 301, 302, 328, 341, 388, 389, 424, 440, 451, 456, 473, 476, 493, 502, 514, 534, 536, 541, 567, 613, 617, 621, 636, 754, 797, 827, 840, 866, 882, 885, 886, 927, 937, 949, 976, 999]",1.576330,0.001779
serie_4,732,"[28, 50, 85, 96, 98, 101, 143, 186, 197, 255, 258, 297, 318, 333, 359, 361, 370, 371, 382, 383, 430, 438, 446, 452, 490, 492, 508, 513, 555, 595, 626, 635, 668, 704, 705, 743, 748, 755, 778, 796, 844, 854, 929, 962, 975, 985, 996, 997, 999]",1.562720,0.001770
serie_4,733,"[5, 6, 27, 48, 64, 80, 113, 166, 172, 198, 223, 283, 316, 351, 378, 392, 405, 429, 447, 457, 458, 532, 539, 542, 583, 584, 588, 597, 605, 629, 682, 692, 693, 709, 722, 726, 737, 776, 777, 802, 805, 831, 849, 854, 860, 863, 893, 907, 948]",1.576619,0.001769
serie_4,734,"[27, 35, 56, 86, 90, 112, 162, 173, 217, 257, 276, 299, 302, 313, 323, 337, 346, 347, 401, 422, 474, 484, 521, 567, 584, 601, 607, 611, 613, 621, 622, 624, 625, 643, 689, 697, 723, 737, 748, 759, 760, 775, 788, 826, 829, 848, 865, 905, 917]",1.574455,0.001767
serie_4,735,"[58, 66, 71, 77, 80, 84, 103, 107, 125, 176, 186, 187, 282, 284, 341, 388, 398, 422, 423, 438, 455, 463, 466, 494, 508, 510, 518, 537, 547, 586, 601, 627, 664, 707, 749, 785, 789, 798, 834, 860, 865, 877, 885, 902, 911, 956, 983, 990, 992]",1.559957,0.001756
serie_4,736,"[21, 41, 45, 50, 78, 88, 125, 169, 175, 183, 191, 221, 245, 249, 257, 286, 305, 307, 330, 335, 344, 368, 417, 423, 455, 488, 491, 503, 536, 539, 553, 618, 621, 639, 649, 669, 687, 703, 720, 796, 806, 810, 845, 865, 867, 914, 960, 979, 992]",1.552816,0.001762
serie_4,737,"[4, 40, 41, 58, 63, 76, 77, 86, 104, 128, 142, 153, 204, 210, 211, 235, 246, 248, 308, 454, 469, 491, 498, 513, 538, 539, 571, 593, 614, 622, 637, 748, 749, 783, 789, 793, 818, 899, 906, 911, 923, 924, 947, 949, 950, 951, 957, 967, 997]",1.577632,0.001770
serie_4,738,"[13, 18, 29, 36, 47, 119, 134, 147, 160, 168, 181, 229, 259, 275, 293, 306, 309, 322, 350, 363, 368, 375, 413, 431, 456, 486, 490, 501, 525, 535, 563, 585, 604, 611, 663, 709, 747, 752, 755, 810, 820, 822, 853, 898, 913, 939, 964, 968, 996]",1.574752,0.001751
serie_4,739,"[8, 35, 37, 51, 54, 58, 65, 99, 171, 184, 198, 249, 294, 317, 378, 481, 517, 527, 542, 544, 574, 575, 587, 619, 655, 667, 680, 690, 697, 708, 718, 725, 752, 754, 760, 761, 769, 802, 803, 824, 825, 877, 901, 914, 932, 934, 951, 961, 966]",1.580939,0.001791
serie_4,740,"[47, 73, 88, 115, 135, 148, 166, 185, 188, 234, 261, 277, 311, 314, 321, 328, 375, 395, 397, 405, 430, 458, 507, 521, 527, 537, 573, 593, 611, 649, 653, 678, 717, 729, 747, 811, 839, 842, 853, 865, 866, 885, 893, 902, 911, 956, 967, 987, 993]",1.554869,0.001755
serie_4,741,"[40, 93, 97, 103, 127, 193, 199, 202, 205, 216, 235, 243, 268, 287, 294, 304, 306, 307, 309, 337, 367, 393, 447, 485, 494, 505, 513, 517, 563, 623, 635, 663, 697, 736, 757, 769, 774, 820, 828, 865, 886, 896, 899, 902, 908, 942, 948, 984, 996]",1.570367,0.001785
serie_4,742,"[5, 71, 100, 102, 161, 189, 215, 218, 269, 282, 301, 306, 315, 332, 363, 396, 398, 442, 445, 462, 469, 494, 557, 573, 574, 582, 584, 597, 624, 634, 641, 688, 691, 693, 707, 712, 747, 789, 801, 820, 821, 828, 829, 830, 895, 898, 933, 963, 973]",1.557431,0.001770
serie_4,743,"[14, 18, 23, 44, 45, 62, 83, 91, 175, 181, 185, 208, 229, 230, 270, 332, 360, 391, 392, 396, 427, 472, 495, 559, 588, 592, 636, 647, 659, 669, 673, 675, 676, 681, 688, 730, 754, 768, 774, 795, 854, 855, 877, 902, 915, 938, 948, 979, 992]",1.568039,0.001766
serie_4,744,"[7, 20, 28, 120, 136, 155, 164, 178, 205, 222, 244, 288, 294, 300, 301, 317, 361, 378, 453, 503, 518, 565, 573, 577, 590, 606, 612, 631, 640, 650, 724, 791, 817, 825, 855, 890, 892, 903, 907, 915, 935, 941, 961, 971, 976, 978, 981, 995, 998]",1.571319,0.001774
serie_4,745,"[48, 49, 54, 71, 83, 124, 126, 132, 134, 173, 174, 191, 207, 236, 241, 242, 248, 296, 332, 354, 375, 379, 407, 440, 443, 455, 487, 494, 545, 572, 615, 617, 622, 636, 638, 647, 650, 683, 684, 711, 753, 776, 802, 812, 831, 869, 870, 915, 927]",1.588669,0.001756
serie_4,746,"[3, 16, 27, 55, 108, 113, 127, 141, 153, 176, 199, 211, 223, 238, 249, 279, 309, 313, 323, 349, 376, 397, 399, 436, 465, 481, 501, 508, 525, 539, 558, 561, 566, 601, 617, 634, 639, 673, 679, 685, 687, 764, 842, 849, 862, 906, 912, 917, 927]",1.564891,0.001757
serie_4,747,"[16, 19, 31, 54, 72, 77, 84, 93, 122, 123, 134, 171, 225, 242, 252, 253, 258, 264, 281, 295, 311, 326, 343, 347, 369, 377, 380, 388, 446, 457, 496, 530, 554, 604, 616, 670, 678, 680, 681, 683, 718, 722, 747, 788, 884, 898, 917, 940, 994]",1.557509,0.001759
serie_4,748,"[23, 26, 31, 48, 69, 73, 95, 96, 183, 196, 226, 227, 231, 247, 280, 288, 292, 311, 316, 328, 333, 349, 382, 430, 463, 471, 521, 564, 571, 577, 586, 592, 621, 625, 634, 676, 716, 767, 785, 807, 819, 831, 844, 864, 885, 891, 905, 932, 946]",1.571263,0.001764
serie_4,749,"[1, 2, 6, 12, 51, 61, 68, 76, 126, 175, 188, 199, 209, 226, 286, 311, 313, 318, 358, 401, 405, 420, 455, 459, 483, 553, 573, 604, 607, 650, 665, 677, 697, 704, 705, 735, 756, 759, 769, 779, 781, 807, 811, 817, 819, 889, 901, 943, 986]",1.573944,0.001762
serie_4,750,"[32, 33, 40, 110, 137, 147, 155, 188, 208, 213, 246, 261, 272, 282, 340, 354, 378, 391, 406, 414, 420, 452, 453, 454, 457, 467, 489, 510, 518, 523, 525, 535, 545, 574, 620, 635, 647, 671, 674, 681, 705, 774, 804, 805, 806, 824, 848, 923, 946]",1.577616,0.001746
serie_4,751,"[2, 37, 89, 98, 124, 130, 147, 181, 217, 287, 312, 375, 382, 404, 415, 429, 442, 466, 486, 512, 515, 544, 549, 555, 573, 578, 582, 585, 587, 596, 628, 630, 655, 659, 686, 786, 810, 815, 843, 849, 850, 884, 902, 916, 925, 936, 984, 993, 995]",1.574630,0.001769
serie_4,752,"[8, 64, 71, 76, 78, 80, 86, 127, 143, 156, 182, 187, 201, 206, 212, 238, 270, 292, 317, 344, 362, 372, 394, 439, 468, 480, 485, 503, 506, 516, 533, 540, 580, 609, 681, 691, 696, 710, 791, 812, 832, 863, 925, 931, 933, 973, 983, 995, 997]",1.544414,0.001858
serie_4,753,"[28, 29, 48, 92, 95, 109, 116, 117, 128, 148, 224, 239, 242, 250, 285, 297, 299, 308, 309, 316, 320, 402, 446, 491, 495, 500, 503, 511, 513, 529, 549, 572, 582, 598, 629, 674, 725, 729, 732, 749, 809, 819, 880, 902, 904, 905, 923, 955, 969]",1.562498,0.001805
serie_4,754,"[28, 30, 80, 99, 131, 140, 166, 169, 205, 243, 268, 275, 283, 288, 329, 342, 371, 399, 415, 479, 500, 544, 584, 588, 602, 605, 659, 690, 702, 704, 705, 727, 730, 731, 740, 758, 762, 763, 776, 787, 794, 801, 841, 846, 851, 858, 880, 943, 975]",1.569677,0.001808
serie_4,755,"[5, 25, 46, 50, 90, 107, 118, 128, 129, 130, 147, 209, 211, 233, 284, 322, 329, 336, 364, 391, 398, 402, 416, 428, 438, 454, 540, 570, 596, 616, 632, 649, 664, 685, 690, 695, 742, 767, 769, 770, 783, 805, 833, 841, 871, 873, 923, 958, 985]",1.571466,0.001813
serie_4,756,"[20, 44, 101, 125, 126, 128, 135, 141, 148, 161, 179, 180, 183, 232, 263, 278, 288, 342, 372, 403, 434, 438, 445, 446, 455, 466, 485, 494, 554, 610, 620, 638, 709, 715, 742, 745, 756, 779, 783, 798, 855, 869, 881, 942, 953, 957, 967, 969, 971]",1.571782,0.001796
serie_4,757,"[27, 32, 34, 51, 62, 86, 102, 110, 187, 214, 243, 248, 342, 372, 390, 439, 454, 484, 495, 500, 501, 523, 537, 548, 550, 552, 559, 583, 609, 612, 698, 707, 716, 719, 727, 735, 742, 786, 802, 820, 831, 855, 864, 874, 883, 892, 932, 961, 980]",1.580991,0.001811
serie_4,758,"[7, 15, 59, 78, 89, 103, 153, 232, 254, 265, 306, 326, 349, 355, 373, 379, 381, 412, 436, 464, 470, 479, 487, 499, 524, 551, 619, 663, 665, 696, 714, 724, 772, 773, 797, 806, 832, 833, 862, 872, 875, 884, 891, 904, 924, 939, 949, 966, 992]",1.554516,0.001790
serie_4,759,"[10, 12, 18, 49, 94, 98, 111, 114, 117, 154, 158, 187, 208, 228, 259, 277, 296, 342, 358, 423, 444, 451, 465, 481, 519, 536, 552, 554, 567, 583, 609, 618, 649, 655, 663, 668, 678, 685, 728, 734, 758, 761, 779, 791, 797, 814, 844, 927, 952]",1.577223,0.001824
serie_4,760,"[17, 60, 86, 94, 100, 123, 141, 147, 176, 228, 251, 262, 292, 296, 297, 336, 384, 388, 424, 440, 476, 478, 482, 504, 522, 556, 563, 565, 578, 581, 610, 705, 709, 731, 754, 757, 780, 846, 857, 870, 873, 876, 877, 884, 894, 936, 959, 983, 985]",1.579093,0.001814
serie_4,761,"[24, 57, 88, 89, 110, 139, 150, 172, 178, 192, 193, 215, 218, 235, 239, 244, 249, 258, 265, 302, 303, 327, 340, 364, 379, 396, 407, 415, 496, 529, 532, 534, 539, 647, 680, 688, 715, 717, 729, 737, 797, 833, 837, 841, 870, 895, 897, 953, 973]",1.578953,0.001771
serie_4,762,"[8, 34, 37, 42, 65, 94, 148, 158, 190, 275, 280, 321, 345, 347, 387, 390, 428, 429, 439, 457, 501, 502, 525, 540, 559, 564, 575, 599, 605, 607, 624, 671, 699, 719, 732, 744, 753, 757, 758, 759, 792, 807, 860, 865, 925, 928, 950, 957, 967]",1.567142,0.001752
serie_4,763,"[17, 47, 54, 104, 121, 155, 159, 164, 185, 191, 209, 217, 265, 267, 275, 309, 314, 315, 353, 356, 372, 385, 439, 528, 559, 604, 636, 701, 725, 728, 729, 730, 758, 773, 776, 794, 810, 814, 820, 821, 841, 867, 894, 902, 921, 931, 949, 989, 995]",1.572957,0.001769
serie_4,764,"[21, 74, 78, 107, 114, 139, 152, 248, 274, 304, 307, 357, 368, 370, 381, 401, 417, 446, 452, 496, 508, 529, 552, 560, 578, 579, 633, 636, 662, 679, 684, 687, 713, 753, 754, 811, 835, 845, 864, 875, 898, 918, 930, 933, 937, 945, 946, 949, 953]",1.569353,0.001788
serie_4,765,"[10, 26, 33, 36, 51, 63, 108, 109, 116, 131, 160, 201, 242, 244, 317, 329, 376, 392, 407, 417, 428, 444, 449, 458, 558, 604, 650, 672, 677, 680, 701, 712, 716, 740, 741, 789, 808, 813, 844, 856, 883, 897, 899, 905, 912, 929, 932, 946, 991]",1.582505,0.001764
serie_4,766,"[19, 45, 80, 115, 125, 133, 142, 155, 173, 208, 253, 262, 297, 300, 327, 360, 365, 366, 386, 402, 434, 445, 451, 507, 510, 520, 540, 541, 548, 596, 667, 670, 673, 713, 740, 744, 749, 750, 760, 761, 793, 806, 871, 885, 898, 901, 911, 925, 981]",1.542846,0.001776
serie_4,767,"[6, 53, 73, 81, 88, 96, 100, 120, 138, 147, 183, 208, 210, 226, 251, 270, 275, 292, 302, 323, 345, 349, 368, 385, 418, 424, 425, 442, 504, 555, 585, 589, 614, 647, 653, 665, 696, 750, 755, 764, 862, 868, 891, 892, 894, 900, 945, 962, 963]",1.563780,0.001771
serie_4,768,"[7, 17, 29, 42, 108, 113, 136, 183, 206, 212, 237, 258, 260, 261, 291, 301, 334, 349, 373, 374, 395, 409, 467, 502, 504, 535, 550, 562, 625, 632, 655, 665, 675, 678, 691, 716, 723, 727, 734, 737, 769, 774, 876, 887, 901, 920, 964, 967, 995]",1.555925,0.001814
serie_4,769,"[8, 11, 16, 21, 46, 48, 70, 107, 109, 123, 159, 162, 190, 195, 219, 223, 229, 290, 305, 319, 325, 327, 329, 346, 411, 438, 476, 492, 498, 537, 555, 639, 645, 689, 690, 757, 758, 766, 770, 776, 800, 836, 868, 883, 930, 940, 943, 967, 997]",1.557100,0.001770
serie_4,770,"[31, 37, 85, 108, 136, 149, 178, 181, 192, 197, 199, 203, 219, 241, 269, 272, 313, 333, 337, 339, 340, 341, 342, 349, 405, 450, 473, 485, 532, 559, 567, 583, 594, 596, 597, 633, 644, 652, 666, 682, 685, 692, 717, 723, 761, 797, 923, 951, 982]",1.587891,0.001767
serie_4,771,"[12, 17, 72, 80, 93, 106, 110, 120, 131, 159, 160, 175, 203, 218, 221, 256, 266, 293, 394, 433, 434, 452, 455, 487, 504, 507, 529, 539, 545, 546, 551, 580, 611, 664, 665, 669, 685, 717, 753, 757, 767, 768, 776, 790, 864, 881, 905, 930, 991]",1.578559,0.001765
serie_4,772,"[11, 21, 35, 105, 116, 225, 244, 251, 261, 282, 293, 304, 309, 328, 350, 353, 357, 374, 407, 429, 465, 474, 525, 530, 544, 556, 566, 626, 633, 656, 687, 694, 707, 721, 737, 742, 763, 774, 786, 808, 863, 867, 872, 886, 895, 926, 975, 988, 998]",1.579255,0.001762
serie_4,773,"[64, 74, 87, 98, 108, 119, 127, 135, 157, 185, 203, 209, 228, 229, 230, 242, 265, 309, 362, 372, 395, 399, 423, 431, 470, 493, 528, 531, 537, 543, 554, 601, 603, 658, 666, 667, 698, 709, 724, 742, 749, 760, 803, 817, 828, 841, 852, 909, 967]",1.582627,0.001764
serie_4,774,"[42, 43, 53, 57, 97, 108, 136, 148, 150, 216, 284, 286, 340, 403, 413, 414, 415, 431, 436, 442, 444, 459, 539, 559, 643, 661, 665, 666, 668, 670, 696, 710, 740, 746, 754, 797, 855, 859, 872, 879, 886, 889, 902, 921, 929, 932, 942, 965, 980]",1.562646,0.001750
serie_4,775,"[18, 66, 92, 103, 118, 119, 126, 129, 166, 183, 188, 201, 249, 278, 284, 308, 402, 424, 432, 448, 473, 528, 537, 540, 564, 565, 567, 571, 574, 583, 592, 629, 671, 690, 705, 746, 749, 756, 789, 819, 835, 845, 854, 876, 924, 948, 951, 963, 967]",1.576110,0.001794
serie_4,776,"[34, 50, 75, 89, 111, 115, 131, 135, 140, 145, 187, 198, 203, 241, 334, 372, 391, 411, 430, 432, 510, 522, 532, 550, 575, 581, 629, 641, 657, 664, 707, 739, 748, 749, 805, 808, 816, 819, 826, 851, 860, 870, 900, 934, 939, 953, 971, 978, 988]",1.573695,0.001773
serie_4,777,"[17, 54, 55, 73, 83, 107, 110, 127, 134, 148, 169, 170, 200, 205, 266, 272, 274, 275, 314, 315, 321, 326, 337, 379, 390, 396, 420, 440, 451, 548, 560, 580, 581, 592, 595, 611, 680, 689, 718, 746, 764, 770, 773, 807, 832, 894, 954, 957, 988]",1.553575,0.001871
serie_4,778,"[27, 86, 88, 92, 137, 164, 196, 216, 266, 267, 284, 293, 312, 363, 366, 392, 411, 418, 440, 479, 483, 484, 527, 554, 560, 581, 593, 611, 614, 632, 673, 679, 709, 735, 742, 745, 748, 765, 768, 810, 839, 851, 861, 914, 939, 950, 959, 965, 971]",1.552891,0.001820
serie_4,779,"[13, 78, 147, 179, 188, 223, 232, 248, 255, 257, 285, 292, 295, 307, 316, 335, 347, 359, 378, 379, 411, 487, 493, 495, 506, 560, 604, 632, 641, 650, 669, 689, 710, 716, 717, 729, 731, 747, 748, 759, 777, 789, 818, 839, 844, 893, 901, 954, 998]",1.571463,0.001816
serie_4,780,"[21, 23, 65, 98, 103, 117, 122, 141, 144, 152, 167, 187, 228, 247, 300, 301, 328, 401, 419, 425, 465, 468, 515, 521, 523, 550, 553, 564, 570, 577, 595, 601, 652, 658, 669, 672, 685, 692, 713, 722, 747, 770, 792, 874, 896, 915, 922, 968, 987]",1.551822,0.001817
serie_4,781,"[14, 76, 84, 92, 123, 125, 128, 148, 164, 177, 228, 267, 278, 294, 326, 329, 334, 359, 421, 439, 457, 471, 484, 514, 519, 530, 541, 572, 583, 588, 592, 618, 631, 670, 684, 705, 751, 783, 794, 819, 867, 871, 884, 889, 895, 923, 927, 940, 943]",1.560892,0.001833
serie_4,782,"[27, 86, 106, 131, 146, 158, 164, 223, 237, 247, 271, 274, 277, 280, 301, 341, 351, 369, 370, 406, 434, 475, 496, 530, 534, 573, 586, 630, 634, 647, 688, 700, 715, 728, 729, 734, 756, 779, 790, 823, 877, 881, 903, 941, 945, 950, 957, 979, 988]",1.579072,0.001779
serie_4,783,"[46, 60, 63, 119, 122, 127, 134, 162, 217, 253, 259, 327, 331, 342, 360, 376, 406, 412, 474, 489, 496, 497, 517, 519, 549, 560, 566, 577, 587, 640, 650, 717, 738, 746, 752, 755, 768, 782, 806, 810, 842, 870, 913, 939, 945, 962, 967, 986, 988]",1.556485,0.001765
serie_4,784,"[1, 12, 61, 64, 97, 101, 106, 114, 162, 210, 238, 257, 265, 283, 303, 314, 336, 381, 384, 435, 456, 468, 474, 478, 480, 498, 503, 546, 556, 562, 603, 627, 706, 711, 715, 718, 729, 735, 751, 754, 757, 759, 776, 885, 926, 938, 950, 981, 987]",1.567677,0.001766
serie_4,785,"[1, 87, 120, 130, 139, 154, 166, 168, 202, 207, 223, 233, 236, 277, 278, 310, 343, 381, 389, 393, 430, 449, 463, 487, 493, 504, 530, 536, 546, 551, 575, 577, 594, 607, 612, 639, 650, 674, 722, 737, 757, 769, 814, 841, 884, 922, 927, 962, 987]",1.550037,0.001776
serie_4,786,"[12, 25, 42, 45, 72, 99, 101, 190, 196, 203, 205, 222, 260, 271, 277, 298, 303, 312, 327, 409, 412, 448, 472, 486, 492, 529, 537, 552, 600, 646, 690, 742, 744, 752, 756, 773, 809, 857, 870, 897, 898, 908, 914, 917, 927, 940, 963, 967, 994]",1.535523,0.001765
serie_4,787,"[18, 21, 63, 75, 77, 89, 103, 106, 119, 166, 186, 233, 237, 293, 294, 327, 361, 375, 408, 445, 446, 453, 465, 471, 475, 520, 540, 542, 548, 573, 582, 618, 646, 658, 686, 690, 701, 731, 740, 823, 841, 872, 889, 898, 936, 939, 949, 970, 985]",1.567502,0.001778
serie_4,788,"[29, 37, 43, 58, 69, 70, 113, 125, 133, 153, 176, 186, 198, 207, 211, 241, 250, 259, 279, 287, 315, 348, 355, 379, 506, 513, 538, 550, 598, 657, 660, 661, 668, 718, 725, 731, 733, 754, 807, 826, 839, 869, 877, 879, 904, 930, 950, 961, 979]",1.570599,0.001759
serie_4,789,"[13, 17, 18, 32, 45, 55, 62, 65, 72, 79, 87, 91, 124, 142, 188, 215, 238, 278, 306, 324, 334, 352, 366, 380, 389, 393, 423, 441, 479, 572, 590, 594, 635, 638, 643, 663, 676, 680, 737, 761, 795, 814, 819, 836, 874, 905, 950, 959, 970]",1.569066,0.001769
serie_4,790,"[26, 69, 81, 122, 128, 141, 186, 218, 221, 237, 246, 258, 274, 299, 320, 345, 402, 443, 456, 469, 493, 498, 521, 533, 552, 563, 571, 578, 604, 607, 636, 675, 698, 747, 750, 756, 767, 786, 791, 809, 857, 859, 881, 884, 920, 948, 953, 986, 999]",1.546939,0.001764
serie_4,791,"[4, 42, 45, 65, 74, 119, 127, 135, 137, 144, 162, 190, 195, 206, 225, 244, 282, 285, 293, 302, 341, 344, 356, 400, 421, 467, 499, 522, 537, 546, 600, 663, 695, 702, 716, 756, 848, 851, 852, 865, 874, 876, 887, 888, 905, 930, 932, 940, 962]",1.572473,0.001765
serie_4,792,"[28, 81, 87, 129, 152, 163, 171, 185, 186, 187, 251, 252, 257, 263, 268, 349, 369, 373, 414, 438, 445, 452, 547, 554, 580, 652, 656, 679, 684, 697, 706, 710, 724, 750, 756, 765, 789, 819, 822, 836, 842, 860, 878, 890, 901, 904, 906, 935, 965]",1.596298,0.001757
serie_4,793,"[1, 4, 10, 48, 86, 90, 98, 99, 105, 122, 130, 164, 165, 176, 190, 262, 272, 277, 285, 305, 369, 384, 386, 407, 424, 448, 450, 451, 463, 472, 487, 500, 549, 561, 580, 675, 679, 711, 732, 736, 743, 757, 766, 854, 856, 883, 891, 922, 967]",1.553573,0.001752
serie_4,794,"[5, 7, 27, 37, 48, 52, 54, 83, 123, 132, 138, 170, 243, 252, 257, 261, 267, 286, 306, 419, 423, 440, 525, 535, 567, 604, 623, 642, 699, 721, 743, 759, 828, 829, 842, 847, 850, 858, 890, 894, 899, 909, 912, 919, 940, 956, 958, 973, 988]",1.590886,0.001755
serie_4,795,"[1, 22, 48, 74, 88, 147, 160, 180, 195, 205, 246, 253, 269, 289, 309, 311, 334, 384, 469, 490, 532, 552, 577, 607, 611, 614, 631, 634, 647, 659, 680, 682, 704, 711, 744, 751, 758, 779, 788, 809, 828, 831, 838, 848, 879, 892, 927, 951, 973]",1.573486,0.001773
serie_4,796,"[4, 19, 40, 55, 69, 77, 93, 104, 143, 168, 169, 189, 232, 233, 295, 341, 379, 391, 402, 406, 430, 433, 450, 459, 500, 506, 509, 538, 545, 603, 610, 639, 692, 694, 722, 730, 758, 768, 793, 843, 847, 850, 886, 889, 927, 936, 943, 948, 972]",1.580166,0.001761
serie_4,797,"[24, 31, 67, 73, 81, 82, 90, 110, 116, 120, 124, 125, 149, 150, 184, 228, 239, 244, 273, 279, 318, 321, 350, 351, 385, 396, 406, 418, 496, 513, 519, 524, 570, 649, 653, 695, 719, 776, 777, 780, 858, 866, 897, 904, 937, 940, 946, 950, 998]",1.557077,0.001768
serie_4,798,"[39, 40, 48, 51, 58, 73, 75, 82, 121, 143, 172, 200, 226, 252, 298, 307, 319, 373, 392, 425, 456, 464, 474, 517, 547, 553, 563, 573, 575, 578, 607, 617, 625, 632, 637, 681, 688, 692, 712, 773, 790, 833, 863, 875, 891, 910, 914, 945, 972]",1.574839,0.001754
serie_4,799,"[36, 37, 60, 80, 131, 258, 272, 278, 310, 317, 370, 394, 440, 447, 453, 459, 470, 476, 483, 532, 540, 549, 560, 563, 586, 595, 596, 603, 630, 633, 636, 672, 707, 714, 716, 760, 779, 793, 809, 814, 856, 861, 869, 927, 938, 953, 962, 969, 973]",1.586272,0.001764
serie_4,800,"[13, 16, 47, 58, 61, 81, 102, 113, 128, 140, 166, 201, 232, 241, 296, 302, 325, 330, 392, 525, 529, 530, 545, 546, 568, 598, 643, 657, 673, 681, 711, 731, 733, 737, 739, 769, 791, 845, 870, 872, 894, 908, 909, 928, 941, 948, 964, 968, 992]",1.558959,0.001757
serie_4,801,"[23, 154, 155, 184, 192, 201, 312, 313, 323, 348, 371, 388, 389, 439, 445, 454, 475, 489, 509, 552, 569, 573, 583, 584, 587, 611, 630, 651, 654, 684, 687, 712, 733, 767, 768, 792, 804, 810, 829, 836, 853, 865, 878, 916, 920, 933, 945, 948, 975]",1.569480,0.001767
serie_4,802,"[40, 88, 99, 125, 171, 180, 212, 221, 230, 231, 233, 237, 250, 333, 381, 405, 417, 419, 420, 440, 443, 455, 462, 467, 472, 482, 490, 512, 536, 569, 595, 618, 628, 655, 659, 695, 749, 751, 770, 778, 787, 843, 852, 861, 890, 891, 962, 965, 990]",1.584948,0.001760
serie_4,803,"[1, 10, 12, 21, 24, 35, 52, 55, 101, 131, 202, 214, 239, 246, 266, 309, 337, 392, 404, 405, 410, 416, 427, 441, 446, 455, 464, 491, 524, 563, 586, 599, 602, 613, 678, 679, 723, 755, 768, 854, 868, 879, 881, 893, 907, 912, 939, 945, 992]",1.566591,0.001769
serie_4,804,"[38, 62, 91, 106, 177, 227, 230, 237, 273, 277, 284, 287, 323, 368, 395, 406, 412, 414, 425, 429, 511, 557, 563, 568, 584, 598, 652, 699, 703, 718, 740, 742, 753, 765, 769, 808, 826, 846, 847, 851, 869, 883, 912, 924, 928, 940, 969, 977, 999]",1.568069,0.001761
serie_4,805,"[4, 8, 31, 58, 94, 95, 143, 162, 166, 179, 180, 205, 213, 228, 256, 264, 277, 281, 398, 413, 417, 442, 449, 461, 497, 542, 543, 548, 574, 575, 589, 630, 663, 674, 687, 765, 780, 817, 819, 835, 839, 863, 883, 890, 896, 949, 952, 956, 966]",1.598651,0.001762
serie_4,806,"[2, 8, 27, 48, 58, 66, 99, 119, 137, 167, 175, 182, 203, 224, 231, 235, 246, 314, 321, 332, 352, 364, 366, 411, 417, 454, 489, 501, 563, 578, 610, 644, 648, 697, 705, 728, 730, 768, 787, 806, 833, 839, 840, 927, 937, 947, 955, 977, 978]",1.569402,0.001757
serie_4,807,"[1, 13, 18, 23, 65, 89, 91, 101, 136, 150, 151, 160, 175, 191, 196, 217, 255, 263, 299, 310, 360, 365, 369, 398, 422, 423, 485, 486, 522, 569, 638, 640, 671, 686, 692, 734, 806, 809, 850, 869, 886, 898, 900, 911, 923, 944, 963, 972, 983]",1.573035,0.001768
serie_4,808,"[4, 14, 23, 61, 86, 132, 140, 153, 173, 219, 228, 265, 301, 390, 396, 399, 402, 439, 441, 445, 490, 515, 552, 555, 588, 614, 657, 690, 695, 714, 729, 753, 760, 762, 765, 774, 783, 786, 821, 853, 875, 884, 962, 965, 973, 977, 984, 992, 997]",1.580973,0.001752
serie_4,809,"[67, 73, 106, 108, 121, 143, 159, 166, 196, 197, 216, 254, 270, 289, 295, 339, 346, 374, 403, 432, 457, 470, 477, 527, 561, 568, 569, 578, 591, 610, 659, 707, 716, 743, 751, 771, 806, 826, 827, 856, 893, 898, 927, 935, 947, 948, 954, 987, 990]",1.581613,0.001753
serie_4,810,"[18, 25, 28, 35, 46, 108, 112, 125, 129, 137, 146, 149, 160, 166, 237, 260, 266, 288, 315, 345, 352, 363, 365, 464, 478, 483, 531, 538, 550, 588, 596, 628, 633, 638, 643, 652, 665, 703, 761, 762, 775, 814, 823, 845, 867, 925, 939, 977, 997]",1.583122,0.001763
serie_4,811,"[37, 40, 48, 73, 91, 93, 103, 168, 183, 197, 219, 314, 330, 346, 349, 354, 362, 371, 372, 422, 440, 446, 460, 462, 463, 475, 486, 567, 592, 597, 630, 633, 650, 665, 699, 739, 782, 783, 797, 804, 817, 842, 848, 861, 862, 913, 938, 991, 992]",1.577886,0.001762
serie_4,812,"[9, 13, 47, 51, 71, 84, 94, 107, 120, 123, 127, 137, 141, 148, 200, 211, 261, 297, 303, 304, 328, 354, 381, 384, 399, 404, 422, 457, 480, 528, 538, 567, 568, 600, 695, 696, 749, 789, 790, 832, 834, 842, 872, 889, 905, 920, 950, 966, 979]",1.559844,0.001798
serie_4,813,"[33, 60, 75, 119, 132, 174, 191, 192, 194, 214, 216, 223, 261, 298, 305, 352, 367, 371, 376, 378, 386, 395, 411, 442, 446, 454, 519, 522, 578, 653, 657, 672, 685, 694, 700, 774, 797, 800, 813, 839, 873, 890, 891, 899, 911, 935, 944, 948, 965]",1.574195,0.001758
serie_4,814,"[1, 13, 68, 110, 140, 237, 238, 247, 279, 300, 313, 327, 364, 380, 390, 443, 478, 480, 499, 510, 515, 520, 521, 527, 553, 555, 556, 609, 613, 622, 648, 653, 656, 659, 669, 733, 752, 806, 810, 817, 829, 861, 885, 887, 939, 950, 978, 981, 996]",1.542622,0.001750
serie_4,815,"[1, 4, 11, 61, 72, 140, 153, 156, 217, 226, 242, 262, 307, 351, 359, 368, 375, 391, 403, 404, 423, 433, 434, 437, 486, 508, 511, 580, 587, 597, 624, 637, 643, 656, 684, 713, 750, 755, 767, 803, 814, 857, 908, 924, 933, 959, 960, 962, 992]",1.569992,0.001766
serie_4,816,"[18, 68, 71, 108, 119, 125, 145, 155, 165, 168, 177, 182, 192, 194, 198, 262, 272, 294, 297, 314, 338, 352, 426, 466, 540, 565, 587, 590, 591, 673, 701, 705, 711, 722, 767, 775, 783, 812, 824, 826, 849, 859, 885, 923, 927, 956, 965, 980, 997]",1.571397,0.001750
serie_4,817,"[10, 26, 30, 32, 50, 67, 71, 72, 80, 100, 154, 188, 261, 284, 340, 387, 414, 442, 470, 493, 497, 517, 521, 542, 546, 552, 554, 563, 575, 592, 617, 626, 639, 657, 673, 686, 693, 702, 718, 744, 750, 787, 802, 809, 832, 862, 867, 925, 991]",1.552299,0.001775
serie_4,818,"[10, 17, 30, 38, 45, 71, 113, 125, 152, 185, 194, 229, 330, 366, 395, 413, 445, 450, 477, 480, 491, 537, 563, 575, 582, 636, 645, 646, 651, 677, 699, 700, 704, 706, 738, 755, 778, 790, 807, 810, 811, 812, 819, 829, 902, 937, 950, 996, 997]",1.572291,0.001760
serie_4,819,"[37, 55, 75, 89, 105, 126, 134, 145, 156, 199, 203, 234, 238, 254, 269, 308, 315, 330, 359, 392, 459, 509, 515, 531, 560, 614, 627, 639, 640, 699, 724, 726, 728, 774, 779, 790, 795, 803, 812, 817, 830, 840, 873, 879, 922, 925, 954, 963, 968]",1.574215,0.001760
serie_4,820,"[5, 54, 98, 101, 132, 152, 173, 179, 194, 197, 214, 275, 288, 296, 298, 301, 336, 337, 354, 372, 388, 491, 512, 513, 514, 539, 547, 556, 582, 626, 671, 715, 723, 733, 751, 755, 786, 796, 800, 805, 806, 810, 853, 886, 910, 924, 978, 979, 984]",1.579024,0.001794
serie_4,821,"[6, 13, 22, 23, 35, 42, 52, 88, 109, 120, 134, 153, 171, 173, 178, 227, 251, 299, 300, 306, 308, 316, 330, 332, 379, 401, 453, 482, 497, 545, 551, 585, 624, 701, 748, 768, 770, 787, 790, 809, 815, 837, 854, 867, 909, 926, 943, 969, 993]",1.575338,0.001800
serie_4,822,"[52, 55, 72, 75, 82, 87, 122, 143, 146, 155, 158, 190, 191, 193, 238, 241, 249, 264, 285, 292, 313, 336, 369, 395, 396, 431, 446, 485, 510, 518, 589, 601, 616, 617, 699, 725, 736, 761, 776, 816, 833, 839, 866, 867, 893, 928, 955, 956, 994]",1.575038,0.001759
serie_4,823,"[24, 26, 42, 59, 62, 76, 97, 112, 118, 125, 158, 183, 211, 212, 248, 286, 311, 357, 373, 430, 439, 462, 476, 477, 483, 499, 511, 520, 550, 555, 570, 630, 644, 653, 672, 695, 729, 770, 786, 849, 857, 907, 932, 948, 963, 967, 979, 990, 997]",1.556943,0.001771
serie_4,824,"[22, 33, 47, 101, 121, 127, 129, 133, 148, 149, 152, 168, 170, 188, 198, 227, 250, 259, 266, 292, 325, 365, 366, 367, 395, 399, 456, 476, 511, 540, 566, 619, 645, 658, 685, 686, 689, 698, 719, 729, 777, 801, 841, 875, 886, 919, 957, 970, 991]",1.579748,0.001755
serie_4,825,"[27, 34, 46, 99, 111, 129, 144, 153, 158, 163, 225, 260, 298, 301, 304, 323, 327, 338, 367, 387, 407, 439, 460, 515, 529, 593, 600, 625, 653, 678, 723, 730, 749, 754, 759, 762, 767, 769, 818, 829, 832, 848, 856, 886, 888, 967, 977, 985, 988]",1.574661,0.001757
serie_4,826,"[5, 8, 20, 21, 49, 79, 109, 114, 143, 183, 193, 219, 223, 251, 254, 269, 293, 335, 348, 362, 377, 384, 407, 417, 420, 468, 492, 516, 529, 543, 552, 597, 604, 621, 629, 641, 744, 773, 788, 793, 804, 836, 865, 913, 918, 924, 939, 992, 998]",1.570534,0.001763
serie_4,827,"[16, 38, 54, 59, 78, 110, 149, 164, 174, 210, 239, 247, 255, 268, 281, 295, 303, 304, 309, 344, 350, 415, 425, 466, 471, 574, 600, 656, 668, 670, 671, 673, 713, 717, 721, 727, 737, 752, 755, 771, 787, 794, 851, 862, 897, 931, 982, 987, 990]",1.587578,0.001755
serie_4,828,"[29, 52, 69, 101, 108, 112, 130, 184, 188, 200, 236, 256, 282, 295, 314, 322, 330, 348, 411, 416, 441, 455, 464, 467, 482, 498, 522, 526, 568, 574, 639, 685, 720, 737, 738, 750, 757, 771, 781, 791, 847, 901, 918, 924, 930, 945, 960, 966, 976]",1.560608,0.001753
serie_4,829,"[1, 31, 107, 115, 118, 140, 145, 156, 198, 248, 289, 313, 328, 331, 364, 377, 386, 432, 483, 535, 537, 540, 542, 569, 580, 581, 587, 613, 632, 648, 686, 714, 735, 740, 748, 764, 774, 812, 829, 858, 865, 876, 920, 922, 936, 959, 966, 967, 977]",1.572775,0.001754
serie_4,830,"[3, 22, 30, 85, 102, 138, 181, 193, 202, 205, 225, 234, 279, 304, 310, 316, 318, 323, 397, 455, 462, 481, 510, 540, 551, 567, 571, 583, 595, 596, 607, 623, 670, 712, 723, 754, 788, 804, 840, 857, 858, 859, 896, 899, 919, 921, 940, 952, 989]",1.574150,0.001788
serie_4,831,"[25, 38, 51, 73, 84, 137, 141, 146, 176, 200, 229, 250, 278, 293, 302, 346, 364, 373, 378, 398, 434, 436, 443, 494, 496, 540, 596, 601, 606, 607, 619, 628, 642, 650, 682, 697, 720, 743, 754, 773, 908, 918, 931, 947, 952, 953, 977, 979, 980]",1.574074,0.001775
serie_4,832,"[17, 35, 52, 68, 89, 114, 127, 156, 166, 181, 184, 198, 206, 246, 259, 301, 307, 313, 325, 331, 333, 336, 378, 380, 389, 412, 447, 474, 483, 492, 538, 566, 567, 595, 638, 666, 672, 753, 755, 761, 775, 786, 856, 867, 935, 939, 982, 986, 998]",1.574882,0.001770
serie_4,833,"[20, 33, 75, 117, 126, 132, 194, 199, 238, 246, 249, 273, 322, 366, 367, 380, 384, 405, 414, 451, 453, 461, 470, 473, 483, 531, 566, 608, 619, 626, 629, 643, 663, 664, 681, 708, 713, 752, 761, 780, 793, 833, 851, 852, 867, 920, 947, 953, 988]",1.594546,0.001774
serie_4,834,"[25, 49, 96, 118, 122, 130, 154, 166, 195, 215, 217, 224, 258, 270, 275, 320, 322, 391, 395, 405, 419, 438, 452, 472, 478, 515, 526, 535, 543, 557, 566, 579, 608, 613, 620, 639, 644, 676, 679, 684, 705, 715, 727, 750, 785, 829, 832, 875, 957]",1.540929,0.001762
serie_4,835,"[13, 14, 18, 31, 50, 53, 87, 88, 108, 132, 150, 226, 274, 297, 318, 322, 370, 414, 431, 433, 435, 472, 491, 522, 526, 535, 553, 637, 645, 647, 681, 687, 705, 706, 716, 746, 767, 774, 876, 884, 890, 913, 927, 941, 951, 959, 961, 983, 990]",1.562929,0.001781
serie_4,836,"[28, 30, 33, 58, 72, 88, 91, 94, 168, 176, 186, 188, 191, 197, 216, 234, 241, 254, 290, 291, 340, 353, 424, 436, 456, 466, 485, 493, 503, 511, 518, 556, 566, 588, 593, 708, 750, 753, 838, 840, 884, 894, 898, 919, 924, 928, 937, 939, 940]",1.581260,0.001769
serie_4,837,"[33, 39, 66, 100, 165, 175, 195, 236, 256, 273, 281, 314, 315, 345, 369, 392, 394, 409, 426, 447, 450, 453, 466, 509, 510, 518, 528, 533, 573, 605, 611, 668, 698, 735, 764, 774, 797, 810, 828, 832, 839, 876, 880, 902, 940, 946, 956, 964, 982]",1.554435,0.001774
serie_4,838,"[26, 33, 43, 64, 116, 121, 122, 132, 138, 162, 179, 187, 209, 222, 228, 242, 256, 268, 284, 285, 305, 338, 341, 374, 411, 438, 467, 476, 478, 500, 529, 537, 550, 648, 683, 707, 713, 746, 759, 762, 801, 810, 847, 849, 882, 922, 932, 937, 984]",1.570216,0.001785
serie_4,839,"[67, 121, 126, 139, 203, 222, 224, 240, 241, 267, 268, 287, 303, 305, 306, 333, 355, 356, 367, 440, 442, 451, 478, 491, 496, 516, 528, 530, 541, 575, 619, 624, 650, 758, 760, 783, 801, 832, 851, 860, 875, 889, 896, 901, 926, 932, 945, 962, 978]",1.572626,0.001762
serie_4,840,"[11, 21, 23, 67, 115, 121, 151, 171, 206, 227, 235, 236, 275, 317, 323, 349, 357, 389, 439, 466, 475, 485, 499, 510, 538, 544, 549, 575, 582, 591, 604, 652, 677, 691, 705, 706, 732, 751, 761, 809, 821, 848, 871, 907, 920, 939, 959, 962, 991]",1.566543,0.001769
serie_4,841,"[15, 26, 29, 43, 64, 79, 89, 99, 111, 119, 121, 188, 252, 267, 293, 308, 309, 314, 322, 342, 380, 431, 502, 526, 527, 553, 580, 609, 614, 634, 642, 662, 670, 704, 705, 710, 726, 731, 737, 743, 772, 826, 829, 866, 875, 891, 896, 912, 922]",1.572737,0.001781
serie_4,842,"[16, 26, 36, 53, 84, 128, 151, 158, 160, 162, 178, 187, 217, 245, 276, 292, 326, 329, 372, 384, 392, 396, 432, 434, 437, 445, 539, 541, 584, 611, 626, 651, 657, 670, 674, 737, 761, 775, 789, 792, 801, 851, 856, 861, 929, 932, 944, 989, 996]",1.557184,0.001776
serie_4,843,"[13, 41, 65, 75, 85, 93, 102, 108, 145, 156, 162, 172, 177, 189, 207, 215, 224, 270, 287, 302, 351, 367, 383, 388, 410, 416, 427, 463, 473, 486, 487, 554, 583, 603, 629, 644, 666, 668, 782, 803, 828, 836, 855, 862, 864, 895, 951, 980, 993]",1.587167,0.001785
serie_4,844,"[4, 19, 77, 82, 86, 153, 183, 235, 236, 256, 257, 289, 291, 313, 357, 375, 411, 445, 446, 469, 499, 527, 529, 554, 561, 568, 616, 676, 679, 694, 696, 712, 723, 778, 797, 802, 813, 834, 858, 874, 877, 894, 908, 913, 921, 956, 977, 979, 993]",1.570958,0.001782
serie_4,845,"[20, 36, 62, 66, 68, 76, 110, 114, 120, 146, 147, 150, 162, 169, 186, 200, 204, 215, 221, 226, 227, 298, 360, 366, 429, 437, 472, 477, 495, 555, 556, 608, 617, 620, 674, 675, 712, 718, 746, 758, 770, 789, 793, 827, 829, 843, 923, 948, 981]",1.582685,0.001783
serie_4,846,"[38, 57, 89, 99, 115, 123, 140, 153, 187, 223, 250, 255, 259, 271, 277, 280, 287, 335, 360, 371, 388, 411, 437, 547, 581, 612, 616, 618, 622, 624, 625, 632, 651, 682, 719, 737, 738, 740, 743, 747, 776, 799, 809, 845, 871, 888, 931, 935, 991]",1.567684,0.001774
serie_4,847,"[13, 61, 78, 99, 123, 130, 137, 145, 150, 175, 185, 186, 204, 208, 225, 278, 297, 301, 314, 335, 338, 342, 396, 418, 428, 437, 472, 512, 514, 579, 627, 634, 713, 716, 721, 732, 746, 766, 774, 782, 789, 862, 870, 878, 893, 925, 937, 942, 977]",1.567795,0.001778
serie_4,848,"[9, 46, 47, 57, 69, 100, 102, 107, 147, 152, 168, 176, 212, 226, 257, 341, 353, 359, 379, 419, 422, 456, 469, 475, 481, 509, 523, 544, 586, 620, 638, 648, 663, 670, 672, 674, 679, 681, 760, 777, 802, 809, 848, 860, 875, 890, 973, 984, 985]",1.581001,0.001769
serie_4,849,"[9, 15, 42, 57, 83, 92, 100, 114, 125, 150, 155, 185, 186, 187, 224, 225, 233, 236, 253, 279, 280, 281, 289, 326, 330, 334, 381, 392, 446, 461, 462, 540, 545, 576, 593, 622, 633, 659, 660, 673, 696, 774, 779, 800, 805, 813, 828, 898, 940]",1.562479,0.001762
serie_4,850,"[42, 45, 47, 56, 77, 80, 110, 178, 183, 204, 225, 234, 237, 293, 323, 333, 347, 376, 411, 419, 426, 450, 454, 465, 532, 541, 555, 570, 617, 636, 679, 685, 694, 702, 713, 724, 738, 750, 752, 756, 773, 847, 866, 881, 900, 931, 939, 941, 978]",1.563823,0.001765
serie_4,851,"[6, 12, 19, 40, 42, 68, 77, 82, 83, 103, 110, 128, 187, 191, 250, 281, 301, 308, 347, 392, 402, 464, 468, 473, 474, 494, 516, 531, 582, 623, 629, 643, 646, 648, 654, 669, 697, 701, 741, 749, 823, 828, 843, 864, 897, 943, 969, 986, 990]",1.573058,0.001781
serie_4,852,"[12, 42, 65, 67, 92, 106, 126, 130, 139, 177, 263, 304, 307, 312, 335, 348, 355, 387, 403, 404, 421, 496, 531, 547, 572, 579, 580, 622, 652, 654, 655, 666, 688, 695, 713, 721, 724, 740, 758, 796, 812, 827, 840, 852, 886, 899, 922, 935, 968]",1.571645,0.001770
serie_4,853,"[89, 116, 136, 153, 196, 213, 230, 234, 250, 257, 265, 299, 305, 323, 330, 364, 394, 440, 453, 454, 460, 494, 508, 512, 518, 535, 541, 591, 606, 607, 611, 618, 619, 675, 684, 707, 717, 735, 740, 752, 794, 819, 822, 828, 833, 874, 894, 957, 989]",1.568771,0.001778
serie_4,854,"[13, 15, 57, 80, 94, 102, 109, 113, 170, 172, 203, 212, 213, 267, 274, 307, 324, 362, 405, 411, 438, 442, 443, 454, 463, 469, 480, 492, 502, 509, 528, 551, 555, 562, 654, 705, 718, 730, 734, 770, 791, 836, 856, 867, 885, 962, 969, 983, 993]",1.575150,0.001750
serie_4,855,"[43, 44, 59, 79, 150, 155, 169, 188, 202, 203, 205, 207, 229, 253, 340, 347, 350, 359, 364, 402, 406, 430, 469, 505, 626, 627, 629, 641, 649, 651, 730, 766, 778, 806, 817, 825, 850, 851, 853, 855, 887, 891, 898, 902, 903, 905, 925, 926, 949]",1.589464,0.001772
serie_4,856,"[10, 13, 17, 27, 54, 66, 115, 124, 149, 164, 189, 250, 262, 263, 312, 328, 333, 356, 389, 402, 429, 433, 456, 493, 507, 520, 539, 557, 566, 572, 604, 633, 652, 691, 693, 718, 722, 743, 783, 801, 849, 862, 912, 920, 924, 934, 944, 987, 997]",1.570527,0.001781
serie_4,857,"[72, 97, 99, 104, 112, 118, 121, 149, 184, 191, 193, 210, 232, 264, 281, 295, 313, 317, 322, 326, 327, 332, 357, 358, 401, 457, 476, 533, 542, 550, 589, 594, 600, 606, 607, 610, 664, 733, 758, 778, 793, 870, 886, 897, 902, 909, 910, 944, 983]",1.550103,0.001770
serie_4,858,"[16, 46, 80, 100, 102, 123, 131, 135, 160, 184, 232, 283, 297, 325, 328, 333, 335, 352, 358, 391, 393, 453, 459, 470, 489, 514, 538, 568, 631, 691, 705, 744, 746, 748, 761, 798, 801, 812, 813, 821, 828, 842, 867, 903, 912, 922, 927, 946, 966]",1.555639,0.001768
serie_4,859,"[49, 114, 122, 186, 194, 207, 220, 221, 224, 236, 271, 277, 304, 311, 324, 334, 382, 390, 432, 446, 452, 501, 537, 542, 546, 551, 554, 592, 602, 618, 627, 642, 668, 700, 744, 783, 790, 823, 828, 835, 848, 884, 918, 924, 941, 943, 957, 962, 977]",1.552536,0.001770
serie_4,860,"[53, 63, 79, 80, 92, 135, 141, 181, 186, 214, 242, 243, 270, 279, 339, 347, 349, 350, 368, 374, 376, 447, 462, 483, 494, 539, 582, 605, 614, 632, 633, 649, 653, 680, 682, 686, 696, 736, 745, 795, 813, 886, 896, 907, 917, 935, 943, 961, 972]",1.576506,0.001770
serie_4,861,"[74, 115, 124, 157, 173, 202, 208, 209, 224, 225, 236, 250, 262, 270, 299, 344, 369, 379, 428, 460, 462, 479, 491, 524, 592, 593, 665, 666, 669, 672, 679, 697, 698, 699, 709, 727, 767, 798, 805, 823, 831, 851, 920, 937, 942, 949, 957, 959, 997]",1.564227,0.001782
serie_4,862,"[14, 45, 86, 103, 123, 135, 249, 257, 271, 416, 428, 439, 457, 496, 508, 510, 512, 514, 519, 568, 605, 608, 632, 635, 663, 681, 695, 719, 726, 745, 746, 756, 759, 796, 815, 820, 822, 856, 870, 887, 900, 905, 915, 942, 960, 983, 986, 991, 995]",1.556532,0.001775
serie_4,863,"[2, 7, 44, 59, 77, 92, 99, 126, 128, 135, 146, 149, 195, 213, 221, 224, 245, 253, 272, 304, 321, 328, 373, 405, 416, 418, 459, 461, 492, 527, 534, 628, 664, 670, 746, 814, 843, 850, 873, 881, 886, 894, 909, 913, 933, 981, 984, 989, 992]",1.569929,0.001779
serie_4,864,"[3, 4, 14, 28, 68, 75, 83, 114, 122, 151, 166, 173, 200, 216, 272, 315, 351, 353, 355, 365, 366, 381, 425, 466, 478, 494, 495, 498, 526, 541, 558, 566, 603, 606, 646, 660, 691, 725, 736, 746, 754, 770, 793, 803, 807, 846, 861, 898, 968]",1.565890,0.001765
serie_4,865,"[86, 98, 106, 109, 111, 149, 156, 169, 179, 184, 189, 191, 193, 219, 281, 290, 294, 399, 401, 445, 464, 473, 481, 484, 488, 508, 538, 556, 595, 642, 648, 702, 721, 734, 742, 775, 780, 797, 823, 831, 870, 887, 891, 901, 920, 922, 925, 955, 982]",1.589043,0.001758
serie_4,866,"[2, 73, 84, 107, 114, 116, 123, 141, 153, 171, 213, 244, 257, 267, 270, 276, 305, 324, 341, 348, 391, 405, 431, 437, 442, 448, 469, 516, 518, 527, 534, 535, 544, 559, 597, 627, 628, 644, 671, 678, 685, 721, 724, 726, 754, 779, 843, 916, 978]",1.561237,0.001764
serie_4,867,"[9, 30, 45, 86, 101, 112, 123, 134, 140, 207, 244, 247, 269, 281, 345, 365, 369, 395, 400, 424, 443, 489, 506, 511, 552, 554, 580, 581, 587, 603, 607, 608, 613, 627, 630, 681, 685, 692, 730, 737, 741, 794, 802, 820, 877, 905, 945, 984, 992]",1.580619,0.001782
serie_4,868,"[12, 61, 65, 78, 94, 95, 97, 100, 101, 117, 118, 123, 129, 162, 171, 228, 265, 285, 296, 300, 308, 346, 359, 416, 469, 490, 515, 530, 536, 541, 557, 594, 597, 644, 687, 695, 713, 756, 762, 788, 793, 805, 840, 841, 886, 894, 972, 984, 991]",1.582728,0.001754
serie_4,869,"[15, 20, 41, 59, 91, 128, 129, 136, 142, 149, 176, 195, 207, 217, 224, 225, 227, 237, 264, 273, 279, 282, 284, 291, 308, 337, 356, 379, 380, 391, 425, 437, 459, 471, 616, 649, 661, 700, 724, 737, 740, 782, 840, 863, 876, 945, 949, 971, 982]",1.569521,0.001786
serie_4,870,"[8, 18, 66, 73, 80, 91, 145, 176, 197, 211, 214, 247, 249, 276, 286, 287, 302, 336, 344, 359, 372, 373, 445, 463, 471, 478, 479, 484, 505, 514, 541, 564, 580, 582, 620, 635, 649, 690, 720, 724, 740, 765, 772, 835, 867, 890, 952, 982, 999]",1.579179,0.001764
serie_4,871,"[10, 64, 68, 80, 90, 118, 149, 150, 170, 171, 173, 199, 203, 209, 213, 259, 300, 352, 376, 411, 412, 431, 478, 491, 507, 530, 548, 551, 562, 574, 585, 664, 673, 696, 714, 718, 742, 745, 760, 795, 807, 812, 828, 853, 867, 898, 916, 949, 958]",1.560671,0.001768
serie_4,872,"[36, 47, 67, 111, 136, 156, 157, 161, 168, 197, 203, 204, 252, 253, 290, 307, 319, 333, 348, 368, 373, 395, 397, 441, 460, 471, 472, 538, 539, 544, 579, 591, 615, 634, 681, 691, 706, 711, 771, 773, 780, 796, 807, 877, 892, 920, 923, 946, 976]",1.579796,0.001760
serie_4,873,"[6, 40, 57, 95, 112, 124, 140, 145, 169, 209, 254, 256, 261, 268, 273, 316, 321, 324, 337, 380, 396, 398, 437, 450, 466, 486, 541, 578, 586, 589, 606, 635, 646, 676, 700, 709, 712, 762, 768, 774, 867, 882, 888, 898, 919, 961, 965, 968, 999]",1.562556,0.001774
serie_4,874,"[7, 23, 27, 59, 61, 62, 77, 92, 135, 136, 154, 169, 177, 181, 198, 211, 236, 267, 275, 280, 287, 296, 338, 352, 428, 429, 464, 503, 521, 545, 548, 583, 604, 639, 647, 661, 667, 688, 711, 712, 717, 748, 758, 813, 816, 897, 933, 961, 970]",1.569151,0.001765
serie_4,875,"[3, 24, 32, 49, 94, 120, 126, 140, 143, 204, 235, 268, 271, 288, 298, 321, 329, 336, 347, 400, 453, 461, 464, 467, 489, 500, 564, 581, 582, 604, 630, 698, 713, 731, 756, 762, 764, 835, 839, 840, 859, 860, 891, 924, 948, 950, 956, 980, 996]",1.583786,0.001766
serie_4,876,"[5, 65, 83, 86, 91, 135, 146, 157, 167, 189, 199, 245, 262, 267, 283, 331, 339, 344, 413, 416, 425, 488, 530, 533, 541, 571, 578, 591, 604, 615, 630, 653, 657, 685, 708, 718, 727, 781, 786, 808, 816, 823, 843, 857, 871, 915, 931, 957, 981]",1.568135,0.001769
serie_4,877,"[4, 65, 97, 107, 121, 150, 151, 158, 166, 232, 246, 260, 277, 329, 360, 397, 406, 424, 450, 515, 534, 543, 544, 563, 570, 579, 628, 635, 642, 646, 678, 680, 703, 720, 724, 748, 788, 798, 799, 811, 814, 815, 820, 842, 849, 895, 935, 969, 974]",1.579315,0.001767
serie_4,878,"[5, 16, 20, 28, 47, 97, 133, 137, 160, 164, 192, 247, 281, 307, 324, 346, 380, 381, 425, 479, 482, 487, 516, 517, 531, 551, 580, 587, 599, 636, 638, 709, 715, 723, 726, 760, 800, 838, 844, 877, 885, 888, 914, 915, 943, 945, 967, 976, 994]",1.570498,0.001751
serie_4,879,"[16, 39, 91, 115, 130, 161, 173, 182, 192, 230, 250, 272, 300, 314, 338, 355, 373, 374, 381, 415, 418, 457, 474, 490, 495, 496, 511, 548, 551, 555, 567, 572, 585, 618, 645, 693, 696, 706, 737, 814, 846, 851, 854, 856, 870, 908, 939, 979, 991]",1.559971,0.001762
serie_4,880,"[11, 49, 53, 109, 131, 138, 141, 153, 182, 186, 280, 292, 297, 361, 364, 369, 383, 452, 458, 469, 544, 550, 572, 576, 594, 640, 655, 677, 689, 703, 723, 730, 731, 764, 781, 798, 801, 825, 826, 864, 867, 878, 880, 913, 925, 926, 933, 940, 956]",1.569795,0.001744
serie_4,881,"[12, 33, 46, 69, 74, 77, 207, 210, 255, 279, 296, 307, 318, 322, 352, 421, 491, 495, 504, 511, 522, 574, 591, 594, 615, 623, 649, 688, 699, 700, 710, 731, 752, 814, 845, 847, 853, 855, 887, 910, 926, 953, 954, 958, 962, 968, 970, 973, 994]",1.549439,0.001760
serie_4,882,"[28, 32, 54, 62, 63, 111, 125, 158, 167, 169, 173, 174, 179, 188, 218, 288, 289, 292, 298, 316, 334, 335, 378, 398, 405, 415, 447, 448, 449, 461, 467, 479, 520, 535, 539, 556, 603, 617, 634, 667, 694, 730, 731, 747, 794, 830, 858, 950, 954]",1.568472,0.001760
serie_4,883,"[2, 6, 7, 10, 16, 30, 38, 100, 123, 135, 136, 171, 173, 277, 295, 304, 338, 361, 408, 409, 415, 433, 435, 440, 447, 451, 453, 545, 558, 577, 586, 633, 642, 667, 683, 704, 715, 730, 739, 745, 797, 809, 812, 841, 896, 904, 931, 993, 994]",1.563955,0.001773
serie_4,884,"[66, 67, 97, 113, 135, 142, 151, 152, 158, 186, 205, 242, 248, 275, 285, 303, 323, 367, 372, 378, 390, 401, 439, 454, 495, 522, 562, 566, 572, 582, 610, 622, 669, 721, 729, 735, 777, 804, 810, 831, 842, 857, 893, 911, 923, 968, 973, 984, 999]",1.564050,0.001755
serie_4,885,"[97, 98, 135, 149, 162, 165, 185, 190, 208, 229, 318, 342, 343, 353, 356, 400, 415, 426, 433, 473, 509, 539, 597, 598, 600, 645, 648, 676, 690, 693, 717, 718, 737, 758, 775, 780, 791, 823, 842, 886, 889, 927, 941, 957, 963, 965, 970, 972, 992]",1.575636,0.001763
serie_4,886,"[27, 95, 138, 139, 166, 169, 194, 215, 228, 248, 278, 289, 307, 316, 318, 322, 325, 339, 342, 358, 388, 400, 463, 476, 477, 491, 496, 499, 542, 557, 568, 572, 574, 601, 644, 688, 703, 717, 732, 737, 754, 812, 819, 840, 852, 890, 896, 950, 951]",1.539129,0.001781
serie_4,887,"[3, 13, 39, 63, 85, 105, 186, 231, 233, 242, 247, 250, 262, 273, 277, 297, 309, 364, 374, 385, 442, 460, 476, 501, 509, 560, 586, 587, 599, 664, 669, 687, 715, 726, 727, 766, 767, 771, 790, 834, 841, 866, 879, 880, 883, 907, 928, 939, 992]",1.554987,0.001779
serie_4,888,"[25, 51, 61, 80, 83, 91, 101, 103, 126, 128, 149, 226, 282, 319, 354, 430, 449, 488, 500, 532, 542, 552, 560, 564, 569, 570, 584, 609, 614, 624, 628, 633, 640, 648, 655, 669, 675, 681, 688, 753, 784, 828, 840, 844, 861, 865, 871, 912, 927]",1.564070,0.001760
serie_4,889,"[14, 38, 57, 61, 104, 113, 137, 154, 158, 173, 187, 203, 206, 264, 266, 274, 278, 289, 299, 313, 323, 324, 345, 357, 417, 425, 449, 483, 528, 550, 568, 570, 579, 580, 594, 626, 648, 649, 667, 718, 745, 763, 873, 877, 912, 914, 916, 918, 967]",1.564860,0.001759
serie_4,890,"[5, 25, 57, 86, 129, 132, 173, 175, 186, 221, 223, 240, 254, 256, 258, 262, 272, 309, 322, 334, 366, 395, 411, 427, 446, 455, 466, 478, 496, 506, 512, 536, 605, 615, 616, 646, 658, 661, 665, 680, 743, 744, 766, 818, 844, 887, 945, 968, 978]",1.557676,0.001750
serie_4,891,"[8, 36, 80, 105, 112, 125, 138, 143, 175, 178, 198, 229, 236, 261, 268, 302, 312, 357, 376, 387, 414, 440, 443, 498, 520, 583, 585, 599, 607, 644, 648, 649, 662, 686, 709, 722, 729, 742, 754, 799, 823, 825, 862, 875, 899, 905, 911, 913, 937]",1.558953,0.001764
serie_4,892,"[75, 100, 142, 151, 171, 175, 197, 203, 272, 283, 311, 324, 334, 410, 420, 446, 456, 461, 492, 497, 502, 525, 527, 530, 531, 560, 617, 622, 633, 657, 679, 739, 747, 778, 796, 805, 849, 857, 860, 873, 891, 906, 912, 936, 938, 955, 965, 980, 986]",1.554375,0.001754
serie_4,893,"[24, 38, 40, 47, 73, 74, 150, 163, 164, 169, 170, 182, 199, 208, 211, 227, 241, 243, 262, 270, 321, 324, 390, 392, 432, 434, 455, 491, 569, 602, 605, 637, 649, 653, 663, 707, 727, 739, 760, 776, 803, 823, 857, 897, 901, 917, 921, 940, 997]",1.579074,0.001762
serie_4,894,"[39, 58, 68, 108, 118, 138, 163, 164, 165, 170, 193, 196, 207, 219, 241, 247, 253, 269, 272, 306, 309, 335, 346, 354, 409, 485, 496, 504, 526, 532, 549, 567, 607, 640, 677, 689, 699, 755, 797, 800, 806, 818, 821, 844, 878, 926, 935, 950, 999]",1.573770,0.002324
serie_4,895,"[70, 93, 118, 121, 124, 173, 177, 189, 239, 263, 265, 267, 290, 308, 316, 320, 333, 353, 416, 434, 436, 438, 447, 467, 479, 496, 499, 518, 569, 604, 641, 707, 741, 743, 747, 756, 800, 802, 825, 827, 847, 859, 865, 890, 901, 972, 983, 991, 996]",1.543761,0.001757
serie_4,896,"[21, 38, 52, 54, 72, 75, 123, 124, 126, 165, 193, 252, 274, 342, 358, 364, 395, 397, 422, 469, 476, 485, 500, 518, 529, 560, 567, 575, 580, 601, 614, 663, 682, 683, 723, 727, 728, 785, 787, 832, 850, 858, 864, 920, 941, 947, 955, 957, 962]",1.591147,0.001766
serie_4,897,"[1, 32, 39, 75, 84, 94, 106, 159, 172, 222, 236, 238, 245, 249, 272, 303, 311, 339, 396, 406, 415, 431, 459, 469, 484, 500, 564, 581, 592, 596, 605, 623, 635, 654, 682, 745, 771, 828, 872, 885, 895, 927, 933, 935, 947, 949, 951, 970, 998]",1.569260,0.001767
serie_4,898,"[10, 114, 139, 157, 160, 162, 177, 211, 219, 255, 277, 328, 329, 344, 346, 371, 391, 419, 421, 442, 443, 448, 488, 494, 502, 575, 579, 582, 596, 621, 625, 644, 667, 686, 689, 694, 697, 755, 773, 794, 823, 845, 865, 902, 914, 919, 941, 961, 982]",1.569240,0.001774
serie_4,899,"[23, 31, 40, 41, 42, 55, 83, 116, 128, 133, 205, 211, 242, 254, 257, 262, 267, 320, 327, 356, 395, 397, 405, 468, 491, 506, 536, 549, 558, 570, 656, 669, 677, 702, 732, 747, 788, 861, 862, 878, 881, 888, 893, 911, 917, 936, 947, 957, 988]",1.561113,0.001768
serie_4,900,"[41, 42, 44, 53, 74, 88, 115, 206, 229, 231, 236, 277, 299, 325, 335, 357, 358, 385, 420, 432, 490, 517, 531, 540, 551, 556, 585, 597, 602, 618, 627, 635, 645, 648, 654, 656, 679, 709, 719, 720, 732, 756, 760, 823, 827, 832, 941, 970, 974]",1.561038,0.001770
serie_4,901,"[27, 85, 124, 143, 164, 171, 172, 199, 205, 209, 309, 318, 333, 371, 379, 414, 443, 447, 460, 527, 549, 568, 588, 596, 606, 613, 633, 642, 667, 688, 691, 701, 708, 712, 728, 747, 756, 793, 816, 825, 861, 875, 909, 920, 940, 959, 970, 972, 982]",1.573540,0.001775
serie_4,902,"[61, 63, 71, 82, 90, 100, 108, 122, 123, 124, 153, 154, 172, 237, 244, 274, 275, 311, 319, 333, 339, 342, 378, 411, 434, 435, 446, 517, 599, 633, 635, 692, 698, 699, 713, 717, 731, 732, 794, 803, 807, 818, 833, 879, 880, 895, 910, 964, 991]",1.559356,0.001767
serie_4,903,"[13, 17, 106, 137, 168, 219, 278, 287, 302, 310, 326, 330, 345, 379, 395, 410, 420, 434, 457, 476, 504, 511, 557, 568, 582, 596, 610, 637, 648, 657, 674, 704, 707, 709, 718, 732, 756, 778, 803, 832, 840, 849, 870, 888, 944, 952, 973, 987, 988]",1.558180,0.001770
serie_4,904,"[20, 24, 30, 76, 104, 140, 148, 158, 161, 167, 168, 176, 194, 200, 202, 248, 251, 283, 426, 430, 431, 522, 598, 606, 637, 651, 661, 663, 675, 683, 698, 716, 762, 791, 808, 811, 816, 825, 834, 852, 860, 880, 885, 886, 913, 989, 991, 992, 995]",1.572080,0.001776
serie_4,905,"[12, 24, 26, 48, 55, 61, 71, 83, 124, 156, 159, 168, 170, 199, 228, 256, 275, 317, 340, 343, 405, 410, 413, 456, 465, 486, 500, 511, 517, 567, 573, 597, 653, 657, 660, 662, 693, 726, 745, 772, 791, 859, 870, 889, 912, 939, 966, 979, 999]",1.554806,0.001790
serie_4,906,"[8, 32, 54, 58, 126, 141, 146, 157, 165, 167, 175, 203, 211, 223, 252, 317, 344, 352, 386, 398, 399, 404, 419, 450, 458, 491, 509, 514, 520, 558, 559, 563, 569, 583, 597, 610, 675, 706, 709, 728, 748, 755, 856, 859, 870, 887, 938, 964, 987]",1.543121,0.001755
serie_4,907,"[3, 16, 25, 49, 50, 83, 89, 103, 104, 126, 146, 162, 172, 178, 199, 237, 269, 270, 272, 282, 291, 311, 345, 356, 390, 408, 427, 446, 476, 495, 514, 515, 543, 572, 592, 604, 631, 651, 691, 729, 733, 782, 855, 911, 935, 952, 953, 959, 979]",1.570495,0.001777
serie_4,908,"[54, 57, 85, 145, 146, 179, 200, 214, 220, 228, 245, 249, 258, 265, 272, 358, 385, 404, 413, 416, 425, 438, 444, 445, 450, 469, 482, 497, 563, 588, 592, 597, 604, 634, 642, 643, 673, 707, 755, 766, 869, 872, 885, 908, 913, 916, 934, 973, 996]",1.596112,0.001750
serie_4,909,"[18, 33, 43, 69, 85, 95, 128, 169, 197, 204, 205, 208, 217, 236, 249, 261, 285, 294, 311, 326, 331, 338, 400, 423, 431, 464, 472, 570, 600, 630, 638, 649, 653, 676, 698, 700, 731, 732, 738, 754, 804, 819, 824, 841, 933, 953, 955, 983, 997]",1.554221,0.001784
serie_4,910,"[23, 24, 29, 43, 71, 101, 121, 189, 203, 209, 217, 235, 240, 271, 286, 318, 334, 338, 344, 351, 374, 379, 405, 407, 432, 460, 473, 519, 528, 529, 582, 593, 598, 637, 689, 692, 743, 830, 865, 869, 891, 899, 901, 922, 932, 953, 962, 983, 985]",1.572549,0.001776
serie_4,911,"[11, 24, 66, 80, 90, 134, 137, 237, 291, 327, 352, 378, 380, 393, 403, 435, 444, 453, 462, 484, 519, 528, 534, 555, 582, 622, 645, 681, 686, 696, 708, 713, 720, 734, 739, 766, 793, 806, 836, 872, 881, 882, 896, 925, 928, 936, 949, 977, 988]",1.554398,0.001764
serie_4,912,"[2, 34, 47, 125, 139, 140, 159, 160, 161, 190, 207, 263, 287, 297, 312, 330, 381, 385, 454, 465, 474, 477, 536, 553, 572, 593, 604, 621, 635, 636, 637, 644, 662, 681, 705, 745, 769, 814, 827, 863, 883, 912, 940, 943, 950, 954, 972, 978, 983]",1.579786,0.001774
serie_4,913,"[66, 80, 91, 94, 143, 176, 217, 229, 272, 273, 279, 288, 300, 329, 379, 403, 419, 434, 449, 469, 478, 510, 515, 530, 533, 575, 606, 624, 630, 636, 663, 669, 688, 715, 717, 723, 746, 749, 785, 814, 843, 845, 859, 900, 921, 933, 968, 975, 984]",1.558481,0.001775
serie_4,914,"[20, 59, 92, 109, 132, 136, 164, 166, 192, 220, 239, 251, 319, 359, 379, 381, 386, 399, 410, 438, 447, 460, 479, 491, 499, 515, 546, 566, 581, 645, 668, 692, 702, 708, 728, 740, 800, 822, 826, 844, 850, 899, 917, 921, 935, 936, 937, 975, 988]",1.577354,0.001785
serie_4,915,"[8, 9, 57, 93, 101, 116, 123, 146, 156, 177, 199, 247, 255, 292, 333, 338, 348, 369, 379, 402, 415, 421, 502, 600, 634, 662, 709, 712, 726, 758, 759, 760, 766, 784, 786, 790, 853, 874, 906, 915, 923, 934, 943, 948, 951, 956, 959, 961, 986]",1.588876,0.001774
serie_4,916,"[3, 9, 42, 81, 128, 171, 174, 208, 229, 259, 269, 284, 288, 300, 302, 330, 355, 370, 371, 408, 427, 443, 446, 462, 476, 487, 527, 530, 561, 567, 570, 575, 596, 602, 605, 618, 629, 745, 753, 777, 778, 813, 821, 832, 866, 894, 910, 917, 959]",1.573613,0.001778
serie_4,917,"[2, 81, 84, 95, 107, 171, 180, 192, 196, 197, 203, 244, 259, 282, 292, 322, 329, 330, 336, 396, 447, 458, 460, 501, 517, 522, 535, 538, 539, 588, 627, 648, 707, 720, 739, 780, 781, 795, 799, 818, 825, 904, 906, 912, 924, 929, 932, 987, 997]",1.553950,0.001766
serie_4,918,"[3, 15, 63, 76, 80, 99, 100, 110, 133, 140, 190, 238, 262, 271, 305, 314, 318, 324, 360, 416, 447, 457, 472, 474, 496, 511, 531, 532, 536, 540, 541, 554, 615, 666, 700, 704, 749, 761, 762, 785, 810, 822, 827, 849, 862, 912, 937, 969, 994]",1.567455,0.001781
serie_4,919,"[46, 55, 72, 136, 170, 177, 188, 240, 276, 298, 314, 322, 349, 364, 368, 369, 371, 373, 405, 454, 471, 488, 500, 513, 528, 573, 585, 589, 614, 615, 616, 629, 656, 684, 687, 700, 705, 707, 768, 774, 814, 819, 825, 864, 881, 905, 994, 995, 998]",1.581065,0.001784
serie_4,920,"[4, 13, 15, 26, 35, 40, 49, 72, 88, 100, 116, 135, 151, 172, 186, 204, 211, 243, 321, 356, 362, 379, 380, 408, 409, 414, 422, 455, 457, 473, 480, 577, 627, 630, 641, 656, 683, 709, 711, 717, 721, 731, 795, 861, 887, 938, 947, 948, 951]",1.579696,0.001772
serie_4,921,"[15, 16, 21, 51, 53, 74, 98, 111, 159, 161, 169, 176, 187, 214, 226, 283, 292, 301, 325, 387, 388, 396, 498, 517, 519, 528, 551, 561, 562, 597, 637, 687, 693, 738, 757, 782, 786, 791, 816, 830, 841, 863, 873, 922, 936, 961, 973, 989, 991]",1.568953,0.001775
serie_4,922,"[10, 14, 38, 49, 50, 73, 88, 133, 137, 174, 177, 187, 216, 224, 243, 249, 293, 298, 341, 380, 420, 458, 468, 475, 503, 522, 548, 557, 561, 564, 567, 576, 605, 608, 613, 614, 619, 660, 727, 728, 762, 797, 811, 815, 817, 839, 893, 950, 992]",1.574561,0.001781
serie_4,923,"[10, 31, 33, 34, 38, 83, 91, 112, 126, 131, 156, 183, 192, 195, 238, 245, 259, 269, 304, 312, 325, 327, 354, 364, 409, 415, 421, 445, 463, 509, 521, 523, 552, 564, 568, 632, 639, 643, 719, 722, 748, 759, 857, 861, 941, 969, 975, 986, 994]",1.551847,0.001756
serie_4,924,"[2, 31, 49, 60, 73, 97, 100, 127, 158, 177, 210, 227, 251, 254, 257, 267, 292, 294, 308, 322, 325, 346, 394, 400, 447, 462, 474, 477, 526, 531, 538, 573, 579, 640, 649, 654, 662, 664, 677, 694, 708, 728, 760, 784, 844, 899, 906, 915, 923]",1.577892,0.001775
serie_4,925,"[25, 28, 47, 48, 100, 103, 112, 138, 143, 151, 169, 170, 192, 209, 242, 314, 316, 329, 337, 342, 355, 356, 386, 396, 411, 415, 421, 428, 460, 465, 507, 514, 523, 527, 531, 566, 580, 622, 632, 653, 696, 713, 750, 757, 887, 893, 917, 966, 999]",1.560963,0.001775
serie_4,926,"[10, 39, 53, 94, 103, 110, 151, 167, 202, 211, 230, 273, 301, 335, 341, 344, 352, 361, 413, 414, 455, 502, 538, 576, 599, 604, 620, 638, 639, 660, 682, 692, 696, 708, 739, 741, 752, 787, 814, 816, 839, 844, 848, 870, 881, 886, 889, 905, 940]",1.571570,0.001775
serie_4,927,"[61, 66, 71, 89, 90, 116, 183, 216, 272, 300, 302, 325, 330, 334, 361, 370, 403, 447, 452, 485, 523, 570, 584, 617, 631, 642, 648, 652, 678, 689, 690, 713, 743, 769, 787, 793, 815, 819, 845, 847, 868, 898, 900, 907, 909, 915, 932, 947, 977]",1.565809,0.001774
serie_4,928,"[24, 33, 42, 44, 86, 102, 103, 121, 143, 175, 192, 213, 215, 233, 247, 251, 257, 292, 301, 315, 361, 369, 385, 390, 411, 428, 494, 508, 547, 595, 606, 642, 647, 648, 697, 701, 770, 797, 801, 811, 814, 829, 830, 872, 968, 971, 989, 992, 993]",1.580135,0.001777
serie_4,929,"[17, 26, 57, 82, 102, 121, 135, 154, 173, 177, 181, 192, 201, 220, 230, 243, 319, 329, 377, 397, 406, 464, 476, 488, 492, 556, 568, 580, 597, 603, 620, 625, 639, 642, 650, 716, 728, 730, 740, 742, 768, 779, 790, 845, 875, 878, 886, 952, 976]",1.559663,0.001788
serie_4,930,"[5, 84, 104, 105, 112, 147, 177, 224, 247, 277, 286, 297, 316, 322, 338, 382, 401, 415, 438, 440, 505, 510, 514, 531, 537, 538, 558, 559, 562, 581, 584, 617, 628, 648, 674, 678, 698, 726, 775, 783, 819, 836, 839, 886, 899, 900, 914, 939, 949]",1.566293,0.001770
serie_4,931,"[3, 9, 15, 37, 73, 111, 149, 175, 217, 231, 251, 256, 261, 271, 301, 309, 351, 414, 458, 486, 500, 503, 504, 507, 512, 515, 535, 537, 565, 574, 611, 666, 693, 703, 724, 735, 740, 757, 787, 789, 809, 817, 831, 851, 855, 875, 920, 952, 974]",1.550648,0.001772
serie_4,932,"[4, 11, 42, 70, 95, 122, 138, 157, 205, 238, 272, 307, 328, 345, 351, 361, 434, 452, 454, 489, 547, 558, 581, 608, 633, 635, 648, 684, 694, 707, 713, 733, 734, 735, 745, 760, 769, 778, 798, 803, 822, 839, 851, 867, 882, 906, 932, 949, 954]",1.558692,0.001780
serie_4,933,"[5, 35, 42, 47, 81, 115, 123, 124, 163, 171, 186, 218, 255, 256, 263, 307, 314, 339, 366, 393, 407, 413, 440, 480, 482, 605, 623, 632, 638, 641, 669, 709, 730, 761, 762, 764, 786, 800, 804, 810, 829, 835, 910, 937, 938, 958, 966, 975, 990]",1.568395,0.001759
serie_4,934,"[22, 30, 40, 59, 75, 82, 85, 96, 178, 242, 243, 247, 250, 270, 298, 319, 341, 369, 384, 385, 394, 411, 416, 432, 455, 482, 509, 524, 578, 604, 658, 678, 687, 703, 707, 725, 739, 745, 751, 794, 801, 874, 883, 897, 899, 913, 925, 966, 972]",1.567098,0.001750
serie_4,935,"[36, 69, 76, 96, 105, 130, 157, 167, 195, 197, 205, 223, 287, 291, 297, 320, 363, 373, 385, 386, 411, 431, 451, 453, 462, 482, 512, 547, 575, 593, 647, 661, 673, 697, 808, 817, 821, 832, 839, 850, 859, 884, 905, 919, 949, 954, 962, 969, 982]",1.581726,0.001792
serie_4,936,"[1, 10, 15, 18, 20, 31, 35, 36, 61, 72, 87, 95, 104, 155, 170, 182, 187, 207, 212, 223, 239, 240, 241, 285, 302, 313, 336, 402, 405, 416, 571, 581, 588, 603, 638, 651, 660, 674, 714, 738, 765, 778, 790, 796, 814, 863, 864, 890, 917]",1.572531,0.001783
serie_4,937,"[15, 20, 124, 175, 198, 205, 210, 255, 272, 277, 339, 343, 356, 383, 416, 475, 477, 511, 513, 587, 607, 628, 649, 658, 674, 675, 682, 698, 716, 745, 748, 785, 792, 800, 802, 812, 847, 878, 888, 906, 911, 940, 943, 945, 946, 958, 964, 965, 983]",1.574307,0.001758
serie_4,938,"[4, 35, 71, 81, 84, 88, 102, 130, 135, 137, 140, 221, 222, 241, 251, 265, 274, 325, 354, 364, 378, 380, 422, 432, 433, 453, 471, 486, 499, 503, 520, 567, 674, 718, 722, 771, 778, 809, 820, 830, 841, 844, 853, 882, 905, 925, 962, 963, 974]",1.571862,0.001748
serie_4,939,"[54, 68, 78, 80, 99, 153, 160, 176, 180, 194, 220, 238, 256, 273, 281, 304, 316, 325, 338, 400, 435, 438, 440, 442, 483, 500, 512, 534, 540, 542, 547, 549, 570, 585, 588, 602, 608, 654, 670, 708, 724, 725, 740, 766, 860, 893, 904, 915, 921]",1.542915,0.001749
serie_4,940,"[19, 21, 22, 38, 45, 59, 71, 92, 103, 111, 147, 166, 170, 180, 185, 192, 193, 205, 211, 263, 284, 309, 331, 333, 352, 368, 383, 407, 442, 451, 457, 508, 604, 615, 619, 628, 644, 666, 668, 678, 747, 776, 791, 797, 851, 853, 858, 954, 977]",1.573847,0.001758
serie_4,941,"[47, 52, 56, 73, 75, 92, 143, 204, 214, 219, 231, 234, 242, 271, 273, 292, 325, 372, 400, 403, 406, 422, 442, 485, 497, 521, 566, 573, 579, 600, 621, 637, 681, 704, 705, 717, 821, 823, 877, 882, 890, 893, 900, 911, 947, 962, 963, 984, 992]",1.565908,0.001781
serie_4,942,"[1, 13, 91, 108, 138, 144, 146, 157, 181, 191, 197, 209, 234, 247, 255, 272, 278, 357, 365, 405, 407, 445, 448, 497, 507, 544, 548, 553, 581, 593, 595, 598, 602, 606, 644, 672, 686, 698, 707, 709, 753, 766, 790, 805, 869, 903, 929, 942, 988]",1.586920,0.001774
serie_4,943,"[2, 28, 33, 43, 54, 105, 108, 169, 170, 228, 237, 247, 269, 333, 335, 337, 350, 372, 423, 453, 464, 468, 473, 484, 502, 515, 528, 543, 560, 607, 620, 623, 673, 679, 745, 820, 823, 826, 841, 845, 848, 863, 870, 892, 919, 922, 924, 938, 985]",1.570642,0.001768
serie_4,944,"[3, 20, 51, 58, 103, 121, 137, 150, 183, 190, 223, 256, 273, 301, 341, 343, 344, 353, 402, 414, 453, 483, 488, 504, 506, 548, 566, 618, 627, 630, 651, 671, 685, 715, 728, 735, 749, 758, 775, 835, 843, 874, 904, 919, 927, 943, 961, 971, 975]",1.575677,0.001920
serie_4,945,"[6, 20, 28, 45, 60, 101, 116, 165, 170, 218, 227, 279, 280, 288, 312, 335, 343, 371, 387, 414, 420, 434, 453, 475, 489, 493, 498, 509, 527, 537, 551, 578, 596, 602, 633, 644, 712, 773, 779, 784, 840, 862, 885, 897, 907, 909, 926, 955, 970]",1.573667,0.001771
serie_4,946,"[26, 39, 41, 49, 54, 56, 68, 103, 133, 180, 184, 188, 192, 201, 206, 223, 227, 358, 397, 448, 478, 505, 508, 517, 535, 544, 566, 584, 589, 590, 622, 661, 684, 714, 716, 737, 756, 785, 802, 812, 830, 838, 857, 870, 871, 888, 894, 953, 978]",1.585241,0.001766
serie_4,947,"[1, 14, 30, 41, 66, 85, 87, 149, 159, 200, 204, 261, 276, 294, 311, 315, 318, 362, 368, 373, 382, 423, 519, 544, 547, 549, 557, 576, 599, 605, 609, 625, 629, 632, 650, 668, 708, 739, 752, 767, 818, 844, 867, 888, 895, 915, 963, 970, 989]",1.573159,0.001779
serie_4,948,"[1, 35, 39, 52, 63, 134, 157, 205, 217, 255, 265, 323, 346, 362, 380, 396, 449, 467, 531, 539, 553, 562, 577, 579, 627, 652, 660, 665, 721, 722, 739, 743, 746, 766, 786, 799, 834, 836, 850, 864, 870, 881, 910, 937, 962, 970, 974, 981, 991]",1.571612,0.001762
serie_4,949,"[4, 35, 39, 45, 55, 71, 132, 137, 151, 190, 194, 215, 238, 268, 275, 277, 290, 318, 341, 343, 366, 412, 499, 533, 539, 555, 558, 566, 572, 587, 593, 607, 610, 612, 615, 624, 671, 674, 678, 763, 797, 842, 851, 866, 884, 888, 921, 938, 996]",1.551680,0.001753
serie_4,950,"[7, 13, 16, 26, 28, 45, 87, 98, 106, 127, 144, 150, 224, 290, 325, 326, 339, 341, 349, 391, 406, 413, 422, 423, 430, 481, 487, 531, 629, 636, 660, 662, 664, 697, 734, 735, 746, 759, 772, 795, 813, 885, 891, 899, 901, 926, 956, 965, 994]",1.552129,0.001714
serie_4,951,"[11, 33, 55, 62, 64, 76, 78, 90, 100, 206, 231, 321, 327, 406, 438, 442, 459, 475, 495, 508, 535, 538, 574, 591, 599, 617, 621, 631, 639, 644, 719, 746, 748, 755, 792, 813, 826, 827, 853, 859, 872, 897, 902, 917, 964, 980, 981, 991, 992]",1.551874,0.001720
serie_4,952,"[7, 48, 60, 85, 97, 108, 109, 113, 121, 180, 187, 189, 199, 202, 207, 208, 224, 289, 292, 344, 395, 402, 410, 466, 489, 494, 495, 594, 621, 637, 665, 766, 780, 783, 784, 797, 800, 823, 827, 840, 857, 861, 888, 893, 901, 912, 981, 990, 998]",1.576817,0.001711
serie_4,953,"[1, 6, 8, 25, 33, 55, 60, 62, 117, 129, 162, 180, 218, 232, 256, 296, 312, 314, 345, 376, 379, 380, 438, 464, 472, 485, 496, 501, 518, 528, 529, 566, 568, 598, 630, 638, 729, 736, 762, 764, 812, 815, 865, 896, 933, 939, 947, 986, 992]",1.574585,0.001852
serie_4,954,"[13, 16, 30, 41, 59, 67, 69, 131, 175, 220, 224, 226, 249, 261, 307, 315, 337, 356, 378, 429, 437, 454, 468, 504, 506, 517, 520, 541, 549, 580, 588, 637, 640, 672, 676, 694, 698, 713, 722, 797, 817, 835, 838, 861, 880, 889, 934, 952, 999]",1.547772,0.001754
serie_4,955,"[91, 102, 114, 118, 122, 140, 141, 149, 161, 173, 175, 217, 235, 246, 263, 306, 307, 317, 325, 333, 344, 374, 422, 430, 465, 495, 507, 571, 676, 684, 721, 733, 737, 758, 769, 786, 793, 809, 843, 848, 866, 874, 897, 904, 926, 933, 951, 972, 981]",1.569309,0.001767
serie_4,956,"[47, 80, 86, 92, 94, 102, 104, 107, 148, 214, 243, 252, 295, 311, 316, 323, 341, 347, 429, 451, 477, 501, 513, 520, 527, 555, 569, 571, 572, 603, 619, 630, 674, 678, 712, 786, 794, 816, 839, 848, 853, 860, 862, 866, 905, 907, 910, 928, 984]",1.551612,0.001761
serie_4,957,"[6, 13, 59, 63, 72, 76, 91, 166, 189, 206, 209, 210, 223, 226, 257, 276, 291, 292, 306, 309, 323, 327, 330, 333, 377, 436, 437, 461, 485, 560, 567, 572, 581, 588, 609, 619, 636, 652, 678, 692, 698, 722, 809, 813, 843, 850, 867, 884, 908]",1.573076,0.001782
serie_4,958,"[7, 44, 84, 90, 97, 98, 119, 144, 147, 165, 168, 185, 191, 243, 248, 264, 269, 286, 308, 354, 359, 374, 403, 410, 434, 439, 444, 446, 456, 483, 500, 502, 616, 630, 657, 710, 714, 753, 770, 799, 813, 862, 876, 899, 941, 951, 953, 990, 997]",1.575304,0.001765
serie_4,959,"[21, 51, 62, 78, 83, 95, 126, 131, 148, 151, 232, 246, 286, 307, 317, 400, 405, 408, 449, 451, 488, 497, 506, 513, 529, 531, 539, 546, 562, 581, 645, 669, 702, 709, 731, 740, 754, 762, 775, 783, 827, 830, 832, 892, 906, 918, 956, 961, 993]",1.559615,0.001765
serie_4,960,"[4, 15, 45, 99, 162, 210, 222, 227, 236, 318, 331, 354, 356, 358, 365, 411, 425, 428, 444, 460, 479, 494, 500, 519, 523, 559, 584, 585, 597, 625, 633, 641, 643, 661, 684, 701, 744, 754, 758, 787, 803, 834, 849, 851, 853, 859, 899, 955, 967]",1.568826,0.001761
serie_4,961,"[87, 95, 115, 152, 169, 175, 225, 263, 286, 294, 350, 353, 375, 378, 392, 396, 404, 426, 485, 563, 567, 575, 582, 611, 657, 678, 693, 702, 713, 719, 725, 727, 730, 746, 758, 766, 767, 773, 815, 824, 851, 872, 900, 902, 909, 928, 949, 965, 983]",1.576180,0.001765
serie_4,962,"[10, 33, 39, 55, 58, 70, 116, 144, 156, 206, 223, 243, 252, 258, 260, 271, 293, 307, 355, 406, 419, 430, 438, 538, 545, 548, 551, 565, 583, 610, 645, 649, 697, 731, 736, 737, 739, 784, 789, 791, 798, 813, 889, 916, 922, 962, 967, 971, 993]",1.561124,0.001773
serie_4,963,"[1, 17, 25, 45, 51, 91, 121, 142, 155, 157, 183, 187, 198, 211, 246, 248, 279, 281, 291, 326, 331, 351, 353, 381, 472, 505, 506, 522, 558, 559, 565, 585, 623, 633, 663, 668, 700, 713, 766, 795, 842, 849, 866, 871, 918, 919, 923, 945, 992]",1.572126,0.001793
serie_4,964,"[3, 21, 68, 83, 86, 109, 111, 112, 123, 164, 167, 177, 178, 199, 202, 212, 214, 216, 259, 271, 286, 295, 305, 358, 422, 430, 437, 457, 484, 527, 597, 599, 604, 616, 637, 662, 664, 703, 706, 707, 788, 815, 849, 876, 878, 906, 910, 920, 940]",1.575772,0.001760
serie_4,965,"[1, 18, 30, 45, 49, 90, 108, 134, 180, 187, 198, 203, 238, 254, 262, 289, 305, 320, 328, 348, 354, 372, 404, 406, 410, 411, 419, 425, 436, 480, 506, 521, 537, 540, 552, 590, 592, 601, 602, 650, 668, 716, 719, 735, 775, 807, 847, 945, 962]",1.571402,0.001781
serie_4,966,"[17, 36, 54, 57, 70, 110, 113, 142, 156, 172, 199, 214, 278, 289, 303, 319, 347, 360, 382, 387, 445, 469, 490, 511, 519, 569, 582, 617, 628, 646, 654, 684, 688, 702, 713, 782, 797, 845, 853, 868, 905, 917, 921, 940, 945, 951, 957, 973, 996]",1.576103,0.001758
serie_4,967,"[49, 57, 81, 95, 100, 131, 170, 184, 185, 210, 233, 247, 277, 282, 287, 317, 340, 354, 358, 363, 395, 405, 426, 469, 490, 494, 519, 538, 565, 576, 589, 638, 654, 665, 667, 673, 679, 683, 744, 792, 797, 798, 865, 908, 915, 944, 945, 966, 974]",1.548466,0.001772
serie_4,968,"[4, 25, 33, 47, 57, 85, 98, 110, 141, 144, 147, 150, 167, 183, 207, 221, 225, 236, 242, 244, 249, 250, 262, 266, 276, 291, 293, 295, 310, 341, 361, 389, 412, 425, 443, 453, 490, 510, 538, 580, 609, 615, 625, 714, 887, 903, 975, 979, 987]",1.574725,0.002235
serie_4,969,"[35, 116, 117, 119, 128, 151, 158, 170, 174, 183, 202, 208, 225, 238, 303, 342, 439, 472, 485, 508, 515, 536, 552, 571, 583, 606, 625, 627, 629, 634, 649, 656, 685, 699, 704, 724, 728, 735, 741, 748, 772, 804, 832, 835, 836, 934, 946, 957, 989]",1.576189,0.001729
serie_4,970,"[60, 75, 78, 134, 145, 165, 169, 180, 199, 218, 224, 236, 251, 252, 255, 262, 274, 309, 347, 350, 368, 398, 402, 403, 428, 439, 455, 472, 473, 494, 495, 496, 549, 550, 569, 579, 590, 614, 624, 644, 664, 709, 770, 784, 813, 879, 881, 912, 918]",1.581243,0.001709
serie_4,971,"[2, 28, 48, 71, 105, 114, 116, 141, 189, 252, 263, 285, 286, 351, 369, 382, 384, 406, 419, 421, 438, 443, 455, 482, 568, 573, 580, 595, 598, 607, 632, 640, 643, 703, 729, 763, 772, 779, 785, 799, 812, 819, 825, 839, 884, 886, 918, 936, 982]",1.583613,0.001721
serie_4,972,"[13, 41, 54, 70, 105, 117, 184, 227, 236, 249, 270, 275, 276, 294, 301, 332, 336, 363, 415, 429, 447, 456, 495, 503, 530, 543, 546, 559, 580, 617, 695, 700, 726, 727, 741, 805, 813, 838, 868, 885, 891, 893, 919, 921, 925, 940, 980, 985, 986]",1.579255,0.001835
serie_4,973,"[39, 65, 70, 84, 88, 119, 127, 138, 149, 161, 200, 202, 203, 211, 212, 225, 229, 250, 253, 255, 290, 305, 337, 363, 443, 456, 488, 517, 541, 543, 562, 569, 571, 579, 596, 656, 670, 775, 777, 778, 786, 790, 791, 834, 927, 942, 951, 959, 998]",1.582022,0.003811
serie_4,974,"[28, 39, 47, 71, 111, 144, 145, 160, 168, 177, 217, 270, 272, 302, 303, 324, 346, 378, 385, 417, 435, 438, 452, 471, 487, 535, 537, 557, 630, 648, 668, 692, 701, 769, 776, 789, 790, 796, 850, 870, 884, 887, 904, 912, 917, 930, 933, 945, 986]",1.587638,0.003453
serie_4,975,"[33, 49, 57, 65, 78, 103, 130, 137, 144, 150, 196, 216, 240, 242, 315, 319, 345, 392, 396, 427, 428, 432, 437, 466, 502, 504, 519, 531, 562, 617, 661, 663, 665, 669, 682, 710, 736, 800, 824, 839, 871, 878, 883, 898, 913, 916, 921, 940, 993]",1.567389,0.002556
serie_4,976,"[21, 39, 40, 43, 50, 90, 150, 221, 239, 240, 254, 260, 307, 333, 349, 354, 370, 381, 395, 434, 440, 474, 477, 486, 565, 583, 596, 597, 671, 704, 706, 729, 747, 749, 762, 784, 814, 823, 836, 841, 857, 863, 871, 874, 898, 937, 953, 996, 999]",1.576418,0.001722
serie_4,977,"[40, 76, 106, 140, 162, 187, 192, 213, 257, 268, 283, 284, 317, 323, 348, 361, 363, 366, 404, 418, 464, 518, 525, 549, 551, 553, 561, 575, 600, 631, 682, 701, 727, 730, 736, 776, 781, 792, 798, 802, 809, 811, 820, 829, 845, 859, 906, 944, 996]",1.571101,0.001748
serie_4,978,"[22, 31, 64, 119, 128, 166, 174, 222, 223, 228, 240, 247, 273, 286, 289, 290, 323, 324, 332, 338, 347, 351, 379, 381, 384, 396, 402, 406, 423, 427, 510, 513, 564, 572, 585, 586, 618, 691, 702, 704, 730, 751, 758, 761, 765, 787, 804, 856, 985]",1.569448,0.001742
serie_4,979,"[38, 63, 77, 109, 123, 152, 163, 205, 217, 277, 301, 307, 331, 340, 347, 394, 427, 467, 469, 479, 496, 501, 504, 517, 521, 526, 527, 557, 575, 577, 610, 639, 640, 641, 658, 663, 693, 751, 752, 839, 885, 918, 941, 944, 946, 962, 969, 990, 992]",1.542601,0.001780
serie_4,980,"[8, 18, 31, 32, 54, 63, 92, 96, 100, 127, 132, 159, 175, 213, 217, 218, 234, 266, 275, 280, 282, 303, 374, 393, 400, 413, 417, 421, 482, 483, 493, 512, 547, 571, 660, 662, 678, 686, 746, 756, 767, 770, 773, 864, 874, 957, 976, 990, 998]",1.574935,0.001768
serie_4,981,"[25, 26, 31, 53, 88, 105, 121, 144, 197, 307, 328, 330, 341, 346, 356, 358, 371, 383, 389, 391, 437, 466, 483, 486, 515, 536, 537, 588, 606, 612, 620, 628, 646, 662, 681, 687, 700, 727, 748, 752, 756, 813, 846, 870, 902, 906, 947, 948, 952]",1.576493,0.001761
serie_4,982,"[3, 5, 17, 35, 69, 101, 252, 263, 285, 286, 300, 304, 312, 409, 416, 426, 464, 499, 502, 526, 544, 571, 578, 602, 613, 628, 630, 634, 669, 686, 696, 702, 717, 741, 750, 755, 765, 769, 782, 827, 855, 867, 888, 889, 891, 917, 940, 969, 981]",1.570929,0.001772
serie_4,983,"[2, 48, 54, 58, 79, 89, 90, 130, 139, 140, 154, 173, 176, 205, 211, 221, 248, 271, 272, 274, 291, 305, 336, 340, 361, 379, 415, 430, 433, 434, 447, 453, 459, 473, 513, 667, 680, 703, 709, 726, 740, 792, 808, 809, 861, 897, 907, 949, 992]",1.580827,0.001743
serie_4,984,"[18, 60, 82, 97, 102, 154, 225, 268, 274, 323, 331, 339, 349, 361, 370, 373, 403, 404, 408, 414, 422, 431, 442, 456, 471, 474, 510, 517, 522, 534, 544, 568, 574, 581, 637, 682, 736, 738, 802, 817, 824, 829, 835, 865, 889, 920, 921, 971, 992]",1.556789,0.001751
serie_4,985,"[37, 68, 86, 101, 103, 122, 135, 168, 174, 193, 241, 285, 321, 336, 362, 363, 390, 428, 441, 464, 479, 483, 485, 517, 519, 550, 552, 609, 617, 667, 671, 703, 714, 740, 747, 748, 749, 757, 799, 829, 830, 831, 841, 856, 859, 868, 896, 958, 991]",1.543137,0.001766
serie_4,986,"[23, 37, 38, 53, 117, 146, 157, 201, 208, 230, 242, 265, 278, 284, 290, 297, 304, 316, 318, 331, 344, 354, 382, 435, 444, 447, 508, 563, 565, 571, 597, 671, 683, 689, 725, 751, 761, 806, 817, 819, 821, 847, 854, 885, 897, 918, 954, 969, 970]",1.578570,0.001770
serie_4,987,"[32, 37, 60, 98, 100, 102, 115, 169, 183, 186, 209, 247, 250, 270, 294, 307, 313, 320, 364, 366, 375, 395, 549, 558, 584, 611, 617, 622, 631, 639, 652, 666, 667, 673, 681, 699, 705, 715, 730, 768, 799, 888, 930, 941, 957, 966, 976, 991, 995]",1.556079,0.001757
serie_4,988,"[6, 10, 14, 57, 87, 113, 156, 171, 192, 198, 217, 239, 261, 274, 293, 299, 322, 336, 337, 351, 359, 378, 423, 425, 453, 459, 462, 469, 478, 512, 524, 528, 556, 562, 583, 587, 659, 698, 726, 770, 787, 798, 810, 840, 841, 858, 868, 944, 955]",1.575586,0.001789
serie_4,989,"[18, 25, 38, 52, 106, 131, 152, 205, 211, 217, 243, 265, 270, 289, 316, 343, 348, 354, 379, 406, 410, 412, 442, 445, 454, 482, 491, 494, 533, 562, 603, 606, 612, 614, 633, 700, 704, 722, 725, 730, 737, 744, 768, 776, 805, 869, 921, 966, 975]",1.584321,0.001761
serie_4,990,"[14, 19, 27, 45, 58, 107, 121, 153, 217, 223, 227, 229, 236, 239, 297, 346, 347, 353, 362, 404, 406, 425, 481, 495, 499, 500, 532, 534, 539, 543, 547, 558, 583, 665, 667, 685, 714, 727, 729, 745, 759, 780, 781, 813, 836, 837, 839, 875, 922]",1.580777,0.001761
serie_4,991,"[23, 40, 112, 124, 143, 147, 158, 164, 173, 197, 223, 229, 230, 249, 300, 367, 422, 433, 436, 437, 455, 462, 487, 541, 543, 546, 555, 563, 565, 665, 691, 696, 698, 770, 789, 806, 823, 829, 851, 868, 869, 871, 873, 879, 892, 895, 924, 934, 959]",1.579444,0.001774
serie_4,992,"[2, 6, 27, 28, 35, 66, 75, 76, 78, 99, 108, 110, 124, 141, 254, 256, 274, 278, 292, 333, 341, 355, 392, 409, 420, 422, 424, 431, 471, 496, 564, 582, 618, 677, 747, 799, 850, 860, 867, 868, 885, 892, 907, 910, 937, 944, 948, 949, 987]",1.571438,0.001774
serie_4,993,"[51, 97, 108, 113, 136, 147, 159, 174, 204, 287, 294, 296, 297, 338, 341, 347, 386, 388, 401, 409, 427, 433, 465, 480, 482, 503, 532, 548, 569, 580, 585, 625, 630, 640, 748, 766, 787, 799, 804, 810, 821, 824, 867, 897, 906, 925, 963, 981, 992]",1.585286,0.001782
serie_4,994,"[15, 29, 44, 74, 84, 130, 155, 157, 163, 174, 216, 224, 232, 287, 322, 348, 355, 361, 375, 381, 397, 502, 509, 517, 522, 526, 543, 592, 650, 675, 682, 696, 726, 769, 770, 797, 801, 811, 813, 876, 921, 926, 931, 933, 944, 946, 959, 964, 988]",1.546434,0.001768
serie_4,995,"[34, 42, 57, 78, 92, 119, 123, 163, 168, 238, 240, 242, 243, 260, 261, 274, 290, 323, 330, 341, 344, 379, 386, 410, 419, 436, 451, 462, 522, 524, 553, 558, 565, 592, 603, 615, 640, 659, 665, 714, 725, 786, 807, 828, 910, 924, 958, 991, 999]",1.560498,0.001766
serie_4,996,"[7, 60, 74, 76, 101, 107, 122, 132, 141, 155, 200, 204, 222, 255, 256, 277, 279, 304, 310, 361, 368, 393, 404, 423, 465, 498, 510, 529, 547, 563, 568, 632, 673, 676, 686, 711, 741, 798, 800, 808, 825, 827, 829, 831, 845, 888, 967, 969, 987]",1.556216,0.001763
serie_4,997,"[4, 31, 43, 74, 79, 98, 148, 167, 168, 230, 340, 342, 345, 364, 372, 376, 387, 420, 442, 470, 482, 491, 493, 499, 509, 516, 532, 600, 606, 608, 614, 670, 695, 708, 766, 790, 808, 811, 812, 815, 831, 837, 839, 863, 882, 893, 906, 963, 976]",1.567026,0.001794
serie_4,998,"[26, 42, 62, 70, 93, 121, 130, 136, 158, 164, 169, 171, 187, 208, 262, 286, 297, 328, 361, 376, 398, 418, 421, 423, 446, 486, 494, 514, 535, 591, 632, 639, 640, 645, 647, 670, 724, 733, 772, 781, 810, 815, 816, 849, 880, 881, 912, 962, 986]",1.566179,0.001764
serie_4,999,"[36, 48, 70, 76, 90, 108, 162, 168, 172, 181, 220, 235, 371, 391, 401, 452, 463, 466, 485, 512, 525, 533, 551, 558, 563, 571, 598, 606, 607, 642, 661, 665, 673, 678, 683, 698, 807, 826, 832, 833, 841, 857, 883, 954, 960, 980, 981, 989, 993]",1.584099,0.001778
serie_4,1000,"[3, 23, 49, 53, 71, 102, 103, 110, 115, 118, 138, 200, 210, 232, 246, 248, 254, 271, 280, 295, 329, 332, 355, 366, 367, 374, 397, 425, 441, 452, 454, 471, 533, 567, 583, 673, 685, 698, 704, 753, 786, 789, 825, 846, 849, 855, 874, 890, 920]",1.579196,0.001773
